,,,,,,,,,,,,,,,,,,,,,,,,,,,,,,,,,,,,,,,,,,,,,,,,,,,,,,,,
,SUPPLIER RANK SUMMARY,,,CATEGORY SUMMARY,,,,,,,,,,,,,,,,,,ISO Cert. & Import LEGEND ,,,,,,,,,,,,,,,,,,,,,,,,,,,,,,,,,,
,Major,25,,Supplier-Local,170,,,,,,,,,,,,,,,,,Expired,After today,,,,,,,,,,,,,,,,,,,,,,,,,,,,,,,,,
,Regular,375,,Supplier-Foreign,37,,,,,,,,,,,,,,,,,N/A,Not-Applicable,,,,,,,,,,,,,,,,,,,,,,,,,,,,,,,,,
,,,,Courier,3,,,,,,,,,,,,,,,,,Expiring Soon,30 days left,,,,,,,,,,,,,,,,,,,,,,,,,,,,,,,,,
,Spend Tier,,,Subcontractor,17,,,,,,,,,,,,,,,,,,,,,,,,,,,,,,,,,,,,,,,,,,,,,,,,,,,
,Tier 1,"Above: 10,000,000.00",,Supplier-Local-NT,123,,,,,,,,,,,,,,,,,Other docs LEGEND,,,,,,,,,,,,,,,,,,,,,,,,,,,,,,,,,,
,Tier 2,"Above:  5,000,000.00",,Supplier-Foreign-NT,11,,,,,,,,,,,,,,,,,Expired,After today,,,,,,,,,,,,,,,,,,,,,,,,,,,,,,,,,
,Tier 3,"Above : 1,000,000.00",,Courier-NT,8,,,,,,,,,,,,,,,,,Expiring Soon,30 days left,,,,,,,,,,,,,,,,,,,,,,,,,,,,,,,,,
,Tier 4,"Below: 1,000,000.00",,Subcontractor-NT,2,,,,,,,,,,,,,,,,,,,,,,,,,,,,,,,,,,,,,,,,,,,,,,,,,,,
,,,,TOTAL,371,,,,,,,,,,,,,,,,,AFS LEGEND ,,,,,,,,,,,,,,,,,,,,,,,,,,,,,,,,,,
,PO Transaction Rank,,,,,,,,,,,,,,,,,,,,,Current,Current Fiscal Year,,,,,,,,,,,,,,,,,,,,,,,,,,,,,,,,,
,Frequent,"Above: 5,000",,STATUS LEGEND ,,,,,,,,,,,,,,,,,,For update,Outdated Fiscal Year,,,,,,,,,,,,,,,,,,,,,,,,,,,,,,,,,
,Active,"Above: 1,000",,Accredited,"Updated, complete & accredited",22,,,,,,,,,,,,,,,,,,,,,,,,,,,,,,,,,,,,,,,,,,,,,,,,,,
,Low,Above: 500,,Completed:,Complete updated docs & to send LOA,8,,,,,,,,,,,,,,,,,,,,,,,,,,,,,,,,,,,,,,,,,,,,,,,,,,
,Low Activity ,Below: 499,,Incomplete: ,Incompleted docs,34,,,,,,,,,,,,,,,,,,,,,,,,,,,,,,,,,,,,,,,,,,,,,,,,,,
,,,,Outdated:,Accredited with outdated docs (complete),5,,,,,,,,,,,,,,,,,,,,,,,,,,,,,,,,,,,,,,,,,,,,,,,,,,
,,,,Pending,For inquiry/to request,333,,,,,,,,,,,,,,,,,,,,,,,,,,,,,,,,,,,,,,,,,,,,,,,,,,
,,,,Inactive:,No GRPO for the last 2 years,847,,,,,,,,,,,,,,,,,,,,,,,,,,,,,,,,,,,,,,,,,,,,,,,,,,
,Added Column,,,,,1249,,,,,,,,,,,,,,,,,,,,,,,,,,,,,,,,,,,,,,,,,,,,,,,,,,
GENERAL INFORMATION,,,,,,,,,,,,,,,,,,DOCUMENTS ONCE ACCREDITED,,,,LOCAL SUPPLIER,,,,,,,,,,,,,,,,,,,,,,,FOREIGN SUPPLIER,,,,,,,,,,,
#,Spend Tier,PO Activity,PO Count,Remarks,Status,Category,Supplier Rank,BP Code,BP Name,BP Address,Credit Line,Federal Tax ID,"Industry
(Line of Business)",Contact Person,Position,Mobile Phone,E-Mail,Date Accredited,Confidentiality and Non-Disclosure Agreement,Letter of Accreditation,Supplier Code of Business Conduct and Ethics, SIF,BIR2303,SEC(Corp),Articles of Incoporation,AFS,AFS Status,AFS Days Left,GIS (Corp),GIS Status,GIS Days Left,DTI(Sole),DTI Status,DTI Days Left,Business Permit,BP Status,BP Days Left,Import Permit,IP Status,IP Days Left,Product Profile,Proof of Present Address,Sole Proprietorship (Owners ID),Other Documents ,SIF,Articles of Incorporation ,Cert. of Inc/Corp.,AFS  ,AFS Status  ,AFS Days Left ,Business Permit/License Expiry,Business Permit/License Status,Business Permit/License Deys Left,Owners ID,Product Profile ,Other Documents
1,4,Low Activity,1,Supplier | Foreign | Active | Domain Registration & Web Hosting Services Provider,Pending,Supplier-Foreign,Regular,PH001,PH WEBADDRESS SERVICES LIMITED,"UNIT 1113 PENINSULA CENTER, NO. 67 MODY ROAD, KOWLOON, HONKONG",****,675-937-195-00000,,JEFFREY CHOA,,,,25-May-1999,Yes,Yes,Yes,Yes,Yes,Yes,Yes,5-May-2025,Current,-492,5-Aug-2026,Expired,-35,8-Aug-2026,Expired,-32,25-Jul-2026,Expired,-46,25-Jul-2026,Expired,-46,Yes,Yes,Yes,,Yes,Yes,Yes,25-Feb-2025,Current,-561,7/20/2026,Expired,-51,Yes,Yes,ISO 9001
2,,,,,Inactive,,,02A001-NT,02 AIRCONDITIONING SYSTEM SERVICES,8TH ST. EXT. FRIENDLY HOMES BULACAO,****,317-702-170-00000,,JOHN REAL LADA,,,,,,,,,,,,,,,,N/A,,,N/A,,,Missing,,,N/A,,,,,,,,,,,,,Missing,,,,
3,,,,,Inactive,,,10I001-NT,10INCH LIGHTS AND SOUNDS INC.,2926 BAGAC STREET BRGY 205 ZONE 18 TONDO MANILA,****,008-368-262-00000,,,,,,,,,,,,,,,,,,N/A,,,N/A,,,Missing,,,N/A,,,,,,,,,,,,,Missing,,,,
4,,,,,Inactive,,,1688HARD001-NT,"1688 HARDWARE, INC.",,****,476-865-499-000,,1688 HARDWARE INC,,09300629966,,,,,,,,,,,,,,N/A,,,N/A,,,Missing,,,N/A,,,,,,,,,,,,,Missing,,,,
5,,,,,Inactive,,,1WO001,1WORLDTRAINING,3215 HYDE STREET IRVING TEXAS 75063 US,****,000-000-000-00000,,SALES PERSON,,,,,,,,,,,,,,,,N/A,,,N/A,,,Missing,,,N/A,,,,,,,,,,,,,Missing,,,,
6,,,,,Inactive,,,2K1001-NT,2K17 SOSIO INC,47 CHICO ST BRGY QUIRINO 2-A PROJECT 2 QUEZON CITY,****,009-888-503-00000,,,,,,,,,,,,,,,,,,N/A,,,N/A,,,Missing,,,N/A,,,,,,,,,,,,,Missing,,,,
7,,,,,Inactive,,,3DN001,3D NETWORKS PHILIPPINES INC,"UNIT-A 4/F LEPANTO BUILDING 8747 PASEO DE ROXAS, MAKATI CITY 1226",****,254-102-619-00100,,,,,,,,,,,,,,,,,,N/A,,,N/A,,,Missing,,,N/A,,,,,,,,,,,,,Missing,,,,
8,3,Low Activity,87,Distry | Pysical Securty Products,Outdated,Supplier-Local,Regular,3SS001,3S SECURITY SOLUTIONS SPECIALIST INC,UNIT 802 8F STEELWORLD TOWER 713 N.S AMORANTO COR BIAK NA BATO SIENA QC,,009-652-618-00000,Wholesale,VIANCA ISABLE ALEJANDRINO,,9542204913,acctng@3s-inc.ph,8-Apr-2025,Yes,Yes,Yes,Yes,Yes,Yes,,31-Dec-2023,For Update,-983,,N/A,,,N/A,,14-May-2025,Expired,-483,,N/A,,Yes,Yes,,,,,,,,,,Missing,,,,
9,3,Low Activity,87,Distry | Pysical Securty Products,Outdated,Supplier-Local-NT,Regular,3SS001-NT,3S SECURITY SOLUTIONS SPECIALIST INC,107 MARIA CLARA BIAK NA BATO BRGY STO DOMINGO,****,009-652-618-00000,,VIANCA ISABLE ALEJANDRINO,,,,,,,,,,,,,,,,N/A,,,N/A,,,Missing,,,N/A,,,,,,,,,,,,,Missing,,,,
10,,,,,Inactive,,,611001-NT,611 PROPERTIES INC,IMS BLDG DE JESUS ST BARANGAY 35-D POBLACION DISTRICT DAVAO CITY 8000,****,009-990-326-000,,NIEL KENS,,,,,,,,,,,,,,,,N/A,,,N/A,,,Missing,,,N/A,,,,,,,,,,,,,Missing,,,,
11,,,,,Inactive,,,7SC001,7S CCTV SECURITY CORPORATION,U1A GF LKV BLDG MAKATI AVE COR JUNO BELAIR MAKATI CITY,,009-395-194-00000,Retail,,,0917-3147117,sales@7scsc.ph,,No,No,No,Yes,Yes,Yes,,31-Dec-2024,For Update,-617,,N/A,,,N/A,,31-Dec-2025,Expired,-252,,N/A,,Yes,Yes,,,,,,,,,,Missing,,,,
12,,,,,Inactive,,,838001,838 TECH UNLTD. CO.,LUNA ST LAPAZ ILOILO,****,402-754-789-00000,,,,,,,,,,,,,,,,,,N/A,,,N/A,,,Missing,,,N/A,,,,,,,,,,,,,Missing,,,,
13,,,,,Inactive,,,888001,888HYE ENTERPRISES CORP.,735 3/F RIZAL AVENUE BRGY 304 ZONE 29 STA CRUZ MANILA,****,742-512-879-00000,,ROSAURO BRAGA,,,,,,,,,,,,,,,,N/A,,,N/A,,,Missing,,,N/A,,,,,,,,,,,,,Missing,,,,
14,,,,,Inactive,,,8PL001,8 PLATINUM BUSINESS SOLUTIONS INC.,"WAREHOUSE #1 NO. 155 PASIG BLVD., PASIG RIZAL LUMBER COMPOUND,",****,010-446-875-00000,,,,,,,,,,,,,,,,,,N/A,,,N/A,,,Missing,,,N/A,,,,,,,,,,,,,Missing,,,,
15,,,,,Inactive,,,A20001,A20 AIRCONDITIONING SERVICES,17 SORIANO BLDG SKYLINE CATALUNAN GRANDE DAVAO CITY,****,491-893-686-00000,,,,,,,,,,,,,,,,,,N/A,,,N/A,,,Missing,,,N/A,,,,,,,,,,,,,Missing,,,,
16,4,Low Activity,1,Supplier | Foreign | Active | Web Hosting Control Panel Software Provider | Online Store,Pending,,Regular,AAP001,AAPANEL LIMITED,WEBSITE,****,000-000-000-00000,,SALE SUPPORT,,00000001,ken@aapanel.com,,,,,,,,,,,,,N/A,,,N/A,,,Missing,,,N/A,,,,,,,,,,,,,Missing,,,,
17,4,Low Activity,1,"Retailer / Distributor | Appliances, Electronics & IT Equipment",Pending,Supplier-Local,Regular,ABE001,"ABENSON VENTURES, INC.",4/F 790 ARNAIZ COR CHINO ROCES AVE      (WALTERMART MAKATI),****,004-149-434-04500,,,,,,,,,,,,,,,,,,N/A,,,N/A,,,Missing,,,N/A,,,,,,,,,,,,,Missing,,,,
18,,,,,Inactive,,,ABE002,ABEL IAN ONICO,MOLO ILOILO CITY,****,000-000-000-00000,,ABEL IAN ONICO,,,,,,,,,,,,,,,,N/A,,,N/A,,,Missing,,,N/A,,,,,,,,,,,,,Missing,,,,
19,,,,,Inactive,,,ABL001,ABLAZE MARKETING,141-D D TUAZON ST BRGY LOURDES STA MESA HIGHTS,****,282-010-428-00000,,,,,,,,,,,,,,,,,,N/A,,,N/A,,,Missing,,,N/A,,,,,,,,,,,,,Missing,,,,
20,,,,,Inactive,,,ABO001-NT,ABOT PADYAK COURIER SERVICES CORP,UNGKA I 5001 PAVIA ILOILO,****,606-051-551-00000,,DUSTINE,,,,,,,,,,,,,,,,N/A,,,N/A,,,Missing,,,N/A,,,,,,,,,,,,,Missing,,,,
21,,,,,Inactive,,,ACC001,ACCENT MICRO TECHNOLOGIES INC.,8TH FLOOR EAST TOWER PSEC EXCHANGE ROAD ORTIGAS CENTER BRGY. SAN ANTONIO PASIG CITY 1600,****,004-968-201-00000,,CHERRY ANN MACASPAC,,,,,,,,,,,,,,,,N/A,,,N/A,,,Missing,,,N/A,,,,,,,,,,,,,Missing,,,,
22,4,Low Activity,4,"Electronics, Power Systems & Telecommunications Solutions Provider.",Pending,Supplier-Local-NT,Regular,ACC001-NT,ACCESS FRONTIER TECHNOLOGIES INC.,"UNIT 702 GREENBELT MANSION,106 PEREA ST. BRGY. SAN LORENZO, LEGASPI VILLAGE MAKATI CITY",****,204-248-281-00000,,DOMINIC MARQUEZ,,,,,,,,,,,,,,,,N/A,,,N/A,,,Missing,,,N/A,,,,,,,,,,,,,Missing,,,,
23,4,Low Activity,4,"Electronics, Power Systems & Telecommunications Solutions Provider.",Pending,Supplier-Local,Regular,ACC002,ACCESS FRONTIER TECHNOLOGIES INC.,"UNIT 702 GREENBELT MANSION,106 PEREA ST. BRGY. SAN LORENZO, LEGASPI VILLAGE MAKATI CITY",****,204-248-281-00000,,ABIGAIL RUIZ,,,,,,,,,,,,,,,,N/A,,,N/A,,,Missing,,,N/A,,,,,,,,,,,,,Missing,,,,
24,,,,,Inactive,,,ACC002-NT,ACCREDITING AGENCY OF CHARTERED COLLEGES & UP INC,812 FUTURE POINT PLAZA 112 PANAY AVE SOUTH TRIANGLEQUEZON CITY,****,211-408-111-000,,MERELYN,,,,,,,,,,,,,,,,N/A,,,N/A,,,Missing,,,N/A,,,,,,,,,,,,,Missing,,,,
25,4,Low Activity,2,Supplier | Local | Active | Office & IT Accessories Supplier,Pending,Supplier-Local,Regular,ACC004,"ACCESSORIES AND SUPPLIES DEPOT, INC.","110 LABO ST SALVACION 1114 QUEZON CITY NCR, SECOND DISTICT PHILIPPINES",****,005-679-268-00000,,RINA MERCADERO,,,,,,,,,,,,,,,,N/A,,,N/A,,,Missing,,,N/A,,,,,,,,,,,,,Missing,,,,
26,,,,,Inactive,,,ACE001,"ACER PHILIPPINES, INC.",,****,222-175-867-00001,,,,,,,,,,,,,,,,,,N/A,,,N/A,,,Missing,,,N/A,,,,,,,,,,,,,Missing,,,,
27,,,,,Inactive,,,ACE001-NT,ACE IT BUSINESS SUPPORT SERVICES,CALIFORNIA GARDEN SQ F3 1G DM GUEVARRA ST HIGHWAY HILLS MANDALUYONG CITY,****,426-950-341-00100,,,,,,,,,,,,,,,,,,N/A,,,N/A,,,Missing,,,N/A,,,,,,,,,,,,,Missing,,,,
28,,,,,Inactive,,,ACE002-NT,"ACE HARDWARE PHILIPPINES, INC.","UNIT 014 LG/F ANNEX 1 SM CITY NORTH EDSA, STO. CRISTO",****,200-035-311-03400,,SM CITY,,,,,,,,,,,,,,,,N/A,,,N/A,,,Missing,,,N/A,,,,,,,,,,,,,Missing,,,,
29,,,,,Inactive,,,ACE009V,"ACE HARDWARE PHILIPPINES, INC",SM MEGAMALL BLDG. CORNER EDSA MANDALUYONG CITY,****,200-035-311-006,RETAIL,NICOLE ABRENCILLO,,,NA,,,,,,,,,,,,,N/A,,,N/A,,,Missing,,,N/A,,,,,,,,,,,,,Missing,,,,
30,4,Low Activity,3,Reseller | Active | IT Solutions Provider,Pending,Supplier-Local,Regular,ACH001,ACHIEVE WITHOUT BORDERS INC,U 1101 11F GLOBAL TOWER GEN MASCARDO COR M REYES ST BANGKAL,****,008-309-869-00000,,,,,,,,,,,,,,,,,,N/A,,,N/A,,,Missing,,,N/A,,,,,,,,,,,,,Missing,,,,
31,3,Low Activity,67,Reseller | Active | Networking & Connectivity Solutions Provider,Pending,Supplier-Local,Regular,ACH002,ACHIEVE WITHOUT BORDERS NETWORKS INC,U203  2/F GLOBAL TOWER GEN MASCARDO COR M REYES ST BANGKAL,****,009-702-476-000,,JONATHAN POLONGASA,,,,,,,,,,,,,,,,N/A,,,N/A,,,Missing,,,N/A,,,,,,,,,,,,,Missing,,,,
32,3,Low Activity,30,Distributor | Security solutions equipment,Pending,Supplier-Local,Regular,ACT001,ACTIV8 DIVERSIFIED TECHNOLOGY INC,"#15 MACLANG ST. SANTA LUCIA, SAN JUAN CITY, 1500",****,008-060-413-00000,,,,,,,,,,,,,,,,,,N/A,,,N/A,,,Missing,,,N/A,,,,,,,,,,,,,Missing,,,,
33,3,Low Activity,30,Distributor | Security solutions equipment,Pending,Supplier-Local-NT,Regular,ACT001-NT,ACTIV8 DIVERSIFIED TECHNOLOGY INC,"#15 MACLANG ST. SANTA LUCIA, SAN JUAN CITY, 1500",****,008-060-413-00000,,CONTACT,,,,,,,,,,,,,,,,N/A,,,N/A,,,Missing,,,N/A,,,,,,,,,,,,,Missing,,,,
34,4,Low Activity,3,Supplier | Local | Active | Industrial Products & Services Provider,Pending,Supplier-Local,Regular,ACT002,ACTIVE SERVICES & PRODUCTS INDUSTRIAL CORPORATION,"4TH FLR JM BLDG 1 SERGIO OSMENA HW COR ROCKETFELLE ST SAN ISIDRO  1234 CITY OF MAKATI , 4TH DISTRICT",****,001-903-216-000,,belieza,,,,,,,,,,,,,,,,N/A,,,N/A,,,Missing,,,N/A,,,,,,,,,,,,,Missing,,,,
35,,,,,Inactive,,,ACU001,ACUMAX INTERNATIONAL CORPORATION,1ST FLOOR 35 STA ROSA ST MANRESA,****,200-587-213-00000,,,,,,,,,,,,,,,,,,N/A,,,N/A,,,Missing,,,N/A,,,,,,,,,,,,,Missing,,,,
36,4,Low Activity,2,Service Provider,Pending,Supplier-Local,Regular,ACU002,ACUMEN IT TRAINING INC,11TH FLOOR SM AURA OFFICE TOWER 26TH STREET COR MCKINLEY PARKWAY FORT BONIFACIO,****,010-157-507-00000,,,,,,,,,,,,,,,,,,N/A,,,N/A,,,Missing,,,N/A,,,,,,,,,,,,,Missing,,,,
37,1,Low Activity,35,8-24-26: Completed,Accredited,Supplier-Local,Major,ACW001,"ACW DISTRIBUTION (PHILS), INC.","UNIT 2307-2308 EXQUADRA TOWER JADE DRIVE ORTIGAS CENTER SAN ANTONIO 1605 CITY OF PASIG NCR, SECOND DISTRICT PHILIPPINES",,002-246-630-00000,Distributor,Mbel Cornejo,Sales,0917812241 | 9988624310,mbel@acw-group.com.ph,Not yet,No,No,No,Yes,Yes,Yes,No,31-Dec-2025,Current,-252,1-May-2027,Current,234,,N/A,,31-Dec-2026,Current,113,17-Apr-2027,Current,220,Yes,Yes,N/A,N/A,,,,,,,,Missing,,,,
38,1,Low Activity,35,8-24-26: Completed,Accredited,Supplier-Local-NT,Major,ACW002-NT,"ACW DISTRIBUTION (PHILS), INC.",23FLR THE ORIENT SQUARE F. ORTIGAS JR. SAN ANTONIO ORTIGAS CTR. PASIG,,002-246-630-00000,,Mbel Cornejo,Sales,0917812241 | 9988624310,mbel@acw-group.com.ph,Not yet,No,No,No,,,,,,,,,N/A,,,N/A,,,Missing,,,N/A,,,,,,,,,,,,,Missing,,,,
39,4,Low Activity,79,IT technology distribution company,Pending,Supplier-Local,Regular,ADE001,ADECS INTERNATIONAL CORP.,"141 D. TUAZON, SANTA MESA HEIGHTS, QUEZON CITY, 1114 METRO MANILA",****,005-252-693-00000,,,,,,,,,,,,,,,,,,N/A,,,N/A,,,Missing,,,N/A,,,,,,,,,,,,,Missing,,,,
40,4,Low Activity,79,IT technology distribution company,Pending,Supplier-Local-NT,Regular,ADE002-NT,ADECS INTERNATIONAL CORP.,"141 D. TUAZON, SANTA MESA HEIGHTS, QUEZON CITY, 1114 METRO MANILA",****,005-252-693-00000,,,,,,,,,,,,,,,,,,N/A,,,N/A,,,Missing,,,N/A,,,,,,,,,,,,,Missing,,,,
41,,,,,Inactive,,,ADG001,"AGD INFOTECH, INC.","SUITE 1704 17/F ATLANTA CENTRE          ANNAPOLIS ST., GREENHILLS",****,008-254-409-00000,,,,,,,,,,,,,,,,,,N/A,,,N/A,,,Missing,,,N/A,,,,,,,,,,,,,Missing,,,,
42,,,,,Inactive,,,ADR001NT,ADRIATICO CONSORTIUM INC.,SHERATON MANILA BAY M ADRIATICO ST. BRGY 699 ZONE 076 MALATE MANILA,****,003-839-334-003,HOSPITALITY,EARLJOHN DE CASTRO,,09175534080,,,,,,,,,,,,,,N/A,,,N/A,,,Missing,,,N/A,,,,,,,,,,,,,Missing,,,,
43,,,,,Inactive,,,ADS001,AD-STYLE SIGNAGES & MARKETING CORPORATION,L6 B1 ZABATE ROAL KALIGAYAHAN NOVALICHES,****,008-811-007-00000,,,,,,,,,,,,,,,,,,N/A,,,N/A,,,Missing,,,N/A,,,,,,,,,,,,,Missing,,,,
44,,,,,Inactive,,,AGU001-NT,"AGULTO, CARLOS BAUTISTA",SUN VALLEY GOLF COUNTRY CLUB INARAWAN ANTIPOLO CITY,****,114-975-213-009,,CARLOS,,,,,,,,,,,,,,,,N/A,,,N/A,,,Missing,,,N/A,,,,,,,,,,,,,Missing,,,,
45,4,Low Activity,3,Aimvest Electrical Services: | 8-27-26: AFS and Signed SIF,Outdated,Subcontructor,Regular,AIM001,"PAGPAGUITAN, ANDY LAMBERTE",DAANG HARI ST SITIO TAGHANGIN BRGY MAYBANCAL MORONG RIZAL 1960,****,224-640-799-00000,9304 Domestic Services,Andy Lamberte Pagpaguitan,Owner,639276145522,andypagpaguitan@gmail.com,27-Mar-2025,Yes,Yes,Yes,Yes,Yes,Yes,N/A,31-Dec-2024,For Update,-617,,N/A,,15-May-2031,Current,1709,31-Dec-2026,Current,113,,N/A,,Yes,Yes,Yes,N/A,,,,,,,,Missing,,,,
46,,,,,Inactive,,,AIR001,AIR PROSYSTEMS INC,UNIT F FREEMONT ARCADE 11 SHAW BLVD BRGY SAN ANTONIO,****,006-049-390-00000,,,,,,,,,,,,,,,,,,N/A,,,N/A,,,Missing,,,N/A,,,,,,,,,,,,,Missing,,,,
47,,Low Activity,,"8-10-26: Email sent
8-17-26: Another email sent",Incomplete,Courier-NT,Regular,AIR001-NT,AIRSPEED INTERNATIONAL CORPORATION,AIC GGB BLDG PASCOR DRIVE STO NINO PARANAQUE CITY 1700,,000-410-573-000,,Christopher Navarro,,639477445388,cnavarro@airspeed.com.ph,Not yet,No,No,No,,Yes,Yes,No,31-Dec-2023,For Update,-983,27-Mar-2025,Expired,-531,,N/A,,30-Jun-2025,Expired,-436,24-Jan-2026,Expired,-228,,,N/A,,,,,,,,,Missing,,,,
48,,,,,Inactive,,,AIR002,AIRDRIVEN ENGINEERING TRADE AND SERVICES,B11 L14 BULIRAN ROAD SITIO KAPATIRAN BRGY SAN ISIDRO,****,256-378-958-00000,,,,,,,,,,,,,,,,,,N/A,,,N/A,,,Missing,,,N/A,,,,,,,,,,,,,Missing,,,,
49,,,,,Inactive,,,ALB001-NT,ALBERT CABRILLAS,,****,313-683-561-00000,,,,,,,,,,,,,,,,,,N/A,,,N/A,,,Missing,,,N/A,,,,,,,,,,,,,Missing,,,,
50,,,,,Inactive,,,ALD001,ALDREN ELECTRICAL SERVICES,17A SAMPALOC ST  WESTERN BICUTAN TAGUIG CITY,****,352-993-797-00000,,,,,,,,,,,,,,,,,,N/A,,,N/A,,,Missing,,,N/A,,,,,,,,,,,,,Missing,,,,
51,,,,,Inactive,,,ALF001,ALFALINK TOTAL SOLUTION CORP,RIZAL ST MAGUGPO,****,487-174-329-00000,,,,,,,,,,,,,,,,,,N/A,,,N/A,,,Missing,,,N/A,,,,,,,,,,,,,Missing,,,,
52,,,,,Inactive,,,ALI001,ALINEA INFOTECH SOLUTIONS,145 TANDANG SORA AVENUE TANDANG SORA 1116 QUEZON CITY NCR SECOND DISTRICT,****,226-830-173-00000,,,,,,,,,,,,,,,,,,N/A,,,N/A,,,Missing,,,N/A,,,,,,,,,,,,,Missing,,,,
53,,,,,Inactive,,,ALL001,ALL VENTURE INC.,"35-I BALER ST., BRGY BUNGAD, KAUNLARAN",****,008-448-520-00000,,,,,,,,,,,,,,,,,,N/A,,,N/A,,,Missing,,,N/A,,,,,,,,,,,,,Missing,,,,
54,4,Low Activity,2,"Supplier | Local | Active | Corporate Gifts, Promotional Products & General Merchandise Provider",Pending,Supplier-Local-NT,Regular,ALL001-NT,ALLSOURCE PRODUCTS CORPORATION,UNIT 1503-A WEST TOWER PSEC EXCHANGEROAD ORTIGAS CENTER BRGY SAN ANTONIO PASIG CITY 1605,****,008-983-926-000,,CHERILYN IPONG,,,,,,,,,,,,,,,,N/A,,,N/A,,,Missing,,,N/A,,,,,,,,,,,,,Missing,,,,
55,,,,,Inactive,,,ALL002,ALL VISUAL & LIGHTS SYSTEMS CORP.,54A WESTPOINT ST CUBAO,****,230-333-819-00000,,,,,,,,,,,,,,,,,,N/A,,,N/A,,,Missing,,,N/A,,,,,,,,,,,,,Missing,,,,
56,,,,,Inactive,,,ALL003,ALLIED LINKS TECHNOLOGIES CORPORATION,"UNIT 1212 CITYLAND 10 TOWER 1           H.V. DELA COSTA ST, SALCEDO VILLAGE",****,208-540-190-00000,,,,,,,,,,,,,,,,,,N/A,,,N/A,,,Missing,,,N/A,,,,,,,,,,,,,Missing,,,,
57,,,,,Inactive,,,ALL004,ALLHOME CORP.,ANDALUCIA SAN AGUSTIN CITY OF FERNANDO PAMPANGA 2000,****,008-541-952-00100,,,,,,,,,,,,,,,,,,N/A,,,N/A,,,Missing,,,N/A,,,,,,,,,,,,,Missing,,,,
58,,,,,Inactive,,,ALN001-NT,ALNARDO BELEN,MANDALUYONG CITY,****,232-439-574-00000,,,,,,,,,,,,,,,,,,N/A,,,N/A,,,Missing,,,N/A,,,,,,,,,,,,,Missing,,,,
59,,,,,Inactive,,,ALP001,ALPHA DIGIZONE MARKETING,"2702 TAFT AVENUE, PASAY CITY, METRO MANILA",****,237-156-457-00000,,SHERWIN SO,,,,,,,,,,,,,,,,N/A,,,N/A,,,Missing,,,N/A,,,,,,,,,,,,,Missing,,,,
60,,,,,Inactive,,,ALP001-NT,ALPHA INSURANCE & SURETY CO. INC.,"1025 ALPHA INSURANCE CENTRE, SAN MARCELINO ST., ZONE 71 DISTRICT V BRGY 660-A ERMITA, MANILA",****,000-433-024-00000,,,,,,,,,,,,,,,,,,N/A,,,N/A,,,Missing,,,N/A,,,,,,,,,,,,,Missing,,,,
61,,,,,Inactive,,,ALP002,ALPHALOGIC DISTRIBUTION INC.,ROOM 601 6TH FLR DIPLOMAT CONDOMINIUM ROXAS BLVD COR RUSSEL ST BRGY 76,****,008-856-085-00000,,,,,,,,,,,,,,,,,,N/A,,,N/A,,,Missing,,,N/A,,,,,,,,,,,,,Missing,,,,
62,,,,,Inactive,,,ALP002-NT,A. LOPEZ HEATH  SAFETY & ENVIRONMENT TRANING & CONSULTACNY,,****,000-0000-00000000,,CONTACT,,,,,,,,,,,,,,,,N/A,,,N/A,,,Missing,,,N/A,,,,,,,,,,,,,Missing,,,,
63,,,,,Inactive,,,ALP003,ALPHAPOS INC,ROOM 601 6TH FLR DIPLOMAT CONDOMINIUM ROXAS BLVD COR RUSSEL ST BRGY 76,****,009-565-109-00000,,,,,,,,,,,,,,,,,,N/A,,,N/A,,,Missing,,,N/A,,,,,,,,,,,,,Missing,,,,
64,,,,,Inactive,,,ALP004,ALPS TECHNOLOGIES INC.,"UNIT 329 THE PALM TOWERS 7706 SAINT PAUL ROAD SAN ANTONIO 1203 CITY OF MAKATI NCR, FOOURT DISTRICT",****,010-755-478-00000,,ADNIL PUENTE,,09177060227,,,,,,,,,,,,,,N/A,,,N/A,,,Missing,,,N/A,,,,,,,,,,,,,Missing,,,,
65,,Low Activity,,"8-13-26: GIS - Still in progress, due to recent changes in the composition of the Company’s Board of Directors",Incomplete,Courier-NT,Regular,ALP005-NT,ALPHACON LOGISTICS INTERNATIONAL CORPORATION,"UNIT 707 COLUMBIA AIRFREIGT COMPLEX 1&2 NINOY AQUINO AVENUE SANTO NIÑO 1704 CITY OF PARAÑAQUE NCR, FORTH DISTRICT PHILIPPINES",,739-939-284-00000,,Rheann O. Arevalo,Human Resource Officer/Accounting Executive, 09452262784 | DL: (02) 8256-3543,rheann.a@alphacon-logistics.com,Not yet,No,No,No,Yes,Yes,Yes,Yes,31-Dec-2025,Current,-252,18-Apr-2026,Expired,-144,,N/A,,30-Sep-2026,Expiring Soon,21,,N/A,,Yes,Yes,N/A,N/A,,,,,,,,Missing,,,,
66,,,,,Inactive,,,ALT001,"ALTHEA SYSTEMS DEV., INC",,****,009-310-143-00000,,,,,,,,,,,,,,,,,,N/A,,,N/A,,,Missing,,,N/A,,,,,,,,,,,,,Missing,,,,
67,,,,"NEW VENDOR NAME ""STREAMLINE WORKS INC""",Inactive,,Regular,ALT004,ALT PLUS VENTURES INC.,"U2404 DISCOVERY SUITES ADB AVE. ORTIGAS CENTER SAN SANTONIO PASIG CITY, 1600",****,620-471-641-00000,,RANDIE BENEDICTO,,,,,,,,,,,,,,,,N/A,,,N/A,,,Missing,,,N/A,,,,,,,,,,,,,Missing,,,,
68,3,Low Activity,38,Completed,Accredited,Subcontructor,,ALV001,"ALVAREZ, GREG YAP",B4 L2 EMARALD ST CARLAND COUNTRY HOMES GB1 SAN MATEO RIZAL,****,192-431-517-00000,,Katalina Alagon,Finance,639161858353,cgalz814@gmail.com,28-Mar-2025,Yes,Yes,Yes,Yes,Yes,N/A,N/A,31-Dec-2025,Current,-252,,N/A,,18-Nov-2029,Current,1166,31-Dec-2026,Current,113,,N/A,,,Yes,Yes,N/A,,,,,,,,Missing,,,,
69,,,,,Inactive,,,AMA001,A-MAX CCTV TRADING,MAXSALL BLDG SIKATUNA ST PARI-AN 6000 CEBU CITY  PHILIPPINES,****,600-043-121-00003,,EUNNIE MABANO,,09283470124,,,,,,,,,,,,,,N/A,,,N/A,,,Missing,,,N/A,,,,,,,,,,,,,Missing,,,,
70,,,,,Inactive,,,AMA001-NT,"AMALGATED CAPITAL, INC.",ACI IT & BUSINESS CENTER DONA CAROLINA BLDG JP LAUREL AVE COR INIGO ST DAVAO CITY,****,405-635-918-00000,,,,,,,,,,,,,,,,,,N/A,,,N/A,,,Missing,,,N/A,,,,,,,,,,,,,Missing,,,,
71,3,Low Activity,20,,Pending,Subcontructor,Regular,AMA002,AMAXPH TECHNOLOGY INCORPORATED,G/F FACC BUILDING 2736 TAFT AVE BARANGGAY 97 1300 PASAY CITI NCR FOURTH DISTRICT,****,601-220-277-00000,,EUNNIE MABANO,,09283470124,,,,,,,,,,,,,,N/A,,,N/A,,,Missing,,,N/A,,,,,,,,,,,,,Missing,,,,
72,,,,,Inactive,,,AMA002-NT,AMADOR BARBECHO,,****,207-023-176-00000,,,,,,,,,,,,,,,,,,N/A,,,N/A,,,Missing,,,N/A,,,,,,,,,,,,,Missing,,,,
73,4,Low Activity,4,Online Store,Pending,Supplier-Foreign,Regular,AMA003,"AMAZON.COM, INC.",SEATTLE,****,000000000000000,,CONTACT,,00000,,,,,,,,,,,,,,N/A,,,N/A,,,Missing,,,N/A,,,,,,,,,,,,,Missing,,,,
74,3,Low Activity,28,Pending Verification,Pending,Supplier-Local,,AME001,"AMERICAN TECHNOLOGIES, INC.",#5 IDEAL ST. COR. MC COLLOUGH ADDITION HILLS MANDALUYONG CITY 1550,****,000-329-993-00000,,,,,,,,,,,,,,,,,,N/A,,,N/A,,,Missing,,,N/A,,,,,,,,,,,,,Missing,,,,
75,3,Low Activity,28,Pending Verification,Pending,Supplier-Local-NT,,AME002-NT,"AMERICAN TECHNOLOGIES, INC.",#5 IDEAL ST. COR. MCCOLLOUGH            ADDITION HILLS,****,000-329-993-00000,,,,,,,,,,,,,,,,,,N/A,,,N/A,,,Missing,,,N/A,,,,,,,,,,,,,Missing,,,,
76,4,Low Activity,1,Supplier | Local | Active | Hardware & Construction Supplies Provider,Pending,,Regular,AML001-NT,AML HARDWARE & CONSTRUCTION SUPPLIES,"488 BARANGKA DRIVE, BRGY. MALAMIG, MANDALUYONG CITY",****,422-154-718-00000,,SALES PERSON,,,,,,,,,,,,,,,,N/A,,,N/A,,,Missing,,,N/A,,,,,,,,,,,,,Missing,,,,
77,,,,,Inactive,,,ANB001,ANB DATA NETWORKS INCORPORATED,,****,613-443-095-00000,,OWNER,,,,,,,,,,,,,,,,N/A,,,N/A,,,Missing,,,N/A,,,,,,,,,,,,,Missing,,,,
78,4,Low Activity,2,"Supplier | Active | HVAC, Air Conditioning & Industrial Equipment Provider",Pending,Supplier-Local,Regular,ANC001-NT,ANCL CORPORATION,470 F. LEGASPI ST. MAYBUNGA PASIG CITY,****,697-078-159-00000,,MARITES ESTABILLO,,,,,,,,,,,,,,,,N/A,,,N/A,,,Missing,,,N/A,,,,,,,,,,,,,Missing,,,,
79,,,,,Inactive,,,AND001-NT,ANDREW AMON,,****,305-936-632-00000,,,,,,,,,,,,,,,,,,N/A,,,N/A,,,Missing,,,N/A,,,,,,,,,,,,,Missing,,,,
80,,,,,Inactive,,,ANG001-NT,ANGEL ILAGAN,MANDALUYONG CITY,****,241-647-732-00000,,,,,,,,,,,,,,,,,,N/A,,,N/A,,,Missing,,,N/A,,,,,,,,,,,,,Missing,,,,
81,,,,,Inactive,,,ANI001-NT,ANITA DELA PENA MERCHANDISE,"G/F ARCADE BLDG., EDSA COR DM GUEVARRA ST. BRGY., HIGHWAY HILLS MANDALUYONG CITY",****,409-383-322-00000,,,,,,,,,,,,,,,,,,N/A,,,N/A,,,Missing,,,N/A,,,,,,,,,,,,,Missing,,,,
82,,,,,Inactive,,,ANN001-NT,ANNALYN BUENAFLOR,MANDALUYONG CITY,****,243-095-723-00000,,,,,,,,,,,,,,,,,,N/A,,,N/A,,,Missing,,,N/A,,,,,,,,,,,,,Missing,,,,
83,4,Low Activity,3,Pending Verification,Pending,,Regular,ANN002-NT,JACQUELO M. ACLAN,"34 KALIRAYA ST. BRGY DONA JOSEFA, QUEZON CITY 1113",****,723-720-579-00000,,MARK DANIEL TAN,,,,,,,,,,,,,,,,N/A,,,N/A,,,Missing,,,N/A,,,,,,,,,,,,,Missing,,,,
84,,,,,Inactive,,,ANS001-NT,ANSON EMPORIUM CORPORATION,2304 DON CHINO ROCES AVE EXT MAGALLANES MAKATI CITY,****,000-106-840-00000,,STORE,,,,,,,,,,,,,,,,N/A,,,N/A,,,Missing,,,N/A,,,,,,,,,,,,,Missing,,,,
85,4,Low Activity,2,Service Provider | Value-Added Reseller (VAR) | SAP ERP & IT Solutions,Pending,Supplier-Local-NT,Regular,APP001-NT,APPTECHNOLOGY EXPERTS INC,UNIT 1701 & 1708 IBP TOWER JADE DRIVE JULIA VARGAS AVE ORTIGAS CENTER SAN ANTONIO PASIG CITY,****,008-041-776-00000,,,,,,,,,,,,,,,,,,N/A,,,N/A,,,Missing,,,N/A,,,,,,,,,,,,,Missing,,,,
86,,,,,Inactive,,,APP003-NT,"APPLE, INC",ONLINE STORE,****,000000000000000,,"APPLE, INC",,,,,,,,,,,,,,,,N/A,,,N/A,,,Missing,,,N/A,,,,,,,,,,,,,Missing,,,,
87,4,Low Activity,3,Supplier / Service Provider | Printing Services | Commercial Printing,Pending,Supplier-Local-NT,Regular,APS001-NT,AL-CON PRINTING SERVICES,B1 L19 MCKINLEY ST. LA MONTANA ESTATES STA CRUZ1870 CITY OF ANTIPOLO RIZAL PHILIPPINES,****,331-274-646-00000,,SARAH JANE ESPINA,,,,,,,,,,,,,,,,N/A,,,N/A,,,Missing,,,N/A,,,,,,,,,,,,,Missing,,,,
88,1,Low Activity,14,"8-10-26: Send LOA
8-17-26: LOA sent, for review and signature
8-24-26: FF sent, email
8-26-26: ff sent, email | 9-4-26: ff done",Completed,Supplier-Local,Major,APT001,APTSECURE TECHNOLOGIES INC.,"UNIT 2202 88 CORPORATE CENTER, SEDENO COR. VALERO STS.  SALCEDO VILLAGE BRGY. BEL-AIR, MAKATI CITY 1227",,007-208-293-000,"5236 – Retail of office machines, equipment, computers
7499 – Other business activities, N.E.C.
9309 – Other service activities, N.E.C.",Bon Robert Tigue,Admin,632-8823-5363,bon@aptsecure.com,Not yet,No,No,No,Yes,Yes,Yes,No,31-Dec-2025,Current,-252,9-Apr-2027,Current,212,,N/A,,31-Dec-2026,Current,113,,N/A,,Yes,Yes,N/A,N/A,,,,,,,,Missing,,,,
89,2,Low Activity,7,"8-17-26: Internal approval per Joan, 
8-24-26: FF sent, via Viber
8-26-26: ff sent, viber JOAN | 9-4-26: BIR2303 & Business Permit submitted)",Pending,Supplier-Local,Major,APU001,"APUMA, MARCH MAANAP","70 NATIONAL ROAD PUTATAN 1772 CITY OF MUNTINLUPA NCR FOURTH DISTRICT, PHILIPPINES",,618-540-239-00000,,Joan,,639618507033,,Not yet,No,No,No,,Yes,,,,,,,N/A,,,N/A,,31-Dec-2026,Current,113,,N/A,,,,,,,,,,,,,Missing,,,,
90,,,,,Inactive,,,AQA001-NT,A.Q ANCHETA & PARTNERS,EDSA COR RELIANCE ST,****,221-777-640-00000,,,,,,,,,,,,,,,,,,N/A,,,N/A,,,Missing,,,N/A,,,,,,,,,,,,,Missing,,,,
91,,,,,Inactive,,,AQU001-NT,AQUENDE ANIAG QUE  CASTILLO & DUMLAO,"SUITE 2302 23/F CORPORATE CENTER 139 VALERO STREET, SALCEDO VILLAGE 1200 MAKATI CITY",****,010-567-085-00000,,PAUL CASTILLO,,,,,,,,,,,,,,,,N/A,,,N/A,,,Missing,,,N/A,,,,,,,,,,,,,Missing,,,,
92,,,,,Inactive,,,ARA001-NT,"ARANETA HOTELS, INC.","101 AGUINALDO AVE. COR. MC ARTHUR AVE.,",****,006-875-885-00100,,,,,,,,,,,,,,,,,,N/A,,,N/A,,,Missing,,,N/A,,,,,,,,,,,,,Missing,,,,
93,1,Low Activity,301,"8-25-26: Completed, for notary",Accredited,Supplier-Local,Major,ARD001,ARDENT NETWORKS INC.,"3/F & 5/F ALVA BUSINESS CENTER #259C RAYMUNDO AVE MAYBUNGA 1607 CITY OF PASIG NCR, SECOND DISTRICT PHILIPPINES",,007-858-542-00000,"46900-Non-Specialized Wholesale Trade (Primary)
62090-Other IT and Computer Services
Computer Programming, Consultancy and Related Activiies",Frances Mae Mariveles,Sales Admin Manager,,frances.mariveles@ardentnetworks.com.ph,Not yet,No,No,No,Yes,Yes,Yes,No,31-Dec-2025,Current,-252,17-Apr-2027,Current,220,,N/A,,31-Dec-2026,Current,113,14-Aug-2026,Expired,-26,Yes,Yes,N/A,ISO/IEC 27001:2022,,,,,,,,Missing,,,,
94,,,,,Inactive,,,ARI001,ARIEL SORIANO,,****,000-000-000-00000,,,,,,,,,,,,,,,,,,N/A,,,N/A,,,Missing,,,N/A,,,,,,,,,,,,,Missing,,,,
95,4,Low Activity,73,Supplier | Distributor / Installer | Electrical Equipment & Solutions,Pending,Supplier-Local,Regular,ARI002,ARIZONA INTEGRATED TECHNOLOGY INC,99 DMD BLDG F. MANALO IMMACULATE CONCEPCION CUBAO QUEZON CITY,****,226-771-511-00000,,,,,,,,,,,,,,,,,,N/A,,,N/A,,,Missing,,,N/A,,,,,,,,,,,,,Missing,,,,
96,,,,,Inactive,,,ARI002-NT,ARIZONA INTEGRATED TECHNOLOGY INC,IMMACULATE CONCEPCION,****,226-771-511-00000,,WILLIAM JR,,,,,,,,,,,,,,,,N/A,,,N/A,,,Missing,,,N/A,,,,,,,,,,,,,Missing,,,,
97,,,,,Inactive,,,ARK001-NT,ARK INFORMATION TECHNOLOGY SERVICES,7195 MARCELO AVE MARCELO GREEN VILLAGE PARANAQUE CITY,****,151-554-749-00000,,,,,,,,,,,,,,,,,,N/A,,,N/A,,,Missing,,,N/A,,,,,,,,,,,,,Missing,,,,
98,,,,,Inactive,,,ARM001,ARMTEL CABLE INSTALLATION SERVICES,BLK 18 LOT 1 MONDO BAMBINI JUBILATION BRGY ZAPOTE BINAN LAGUNA,****,222-160-012-00000,,,,,,,,,,,,,,,,,,N/A,,,N/A,,,Missing,,,N/A,,,,,,,,,,,,,Missing,,,,
99,,,,,Inactive,,,ARM002,ARMANDO CANICO,,****,000-000-000-00100,,,,,,,,,,,,,,,,,,N/A,,,N/A,,,Missing,,,N/A,,,,,,,,,,,,,Missing,,,,
100,,,,,Inactive,,,ARS001,ARSENIO N. SORIANO JR.,"SAN JUAN NEPOMUCENO, BETIS, GUAGUA, PAMPANGA",****,000-000-000-00000,,,,,,,,,,,,,,,,,,N/A,,,N/A,,,Missing,,,N/A,,,,,,,,,,,,,Missing,,,,
101,,,,,Inactive,,,ARV001-NT,ARVIN ESTANISLAO,MANDALUYONG CITY,****,205-393-965-00000,,,,,,,,,,,,,,,,,,N/A,,,N/A,,,Missing,,,N/A,,,,,,,,,,,,,Missing,,,,
102,,,,,Inactive,,,ASA001-NT,ASALUS CORPORATION,"7F FELIZA BLDG 108 VA RUFINO ST., LEGASPI VILLAGE MAKATI CITY",****,004-666-055-00000,,,,,,,,,,,,,,,,,,N/A,,,N/A,,,Missing,,,N/A,,,,,,,,,,,,,Missing,,,,
103,4,Low Activity,2,Reseller | Local | Active | Computer Sales & IT Services Provider,Pending,Supplier-Local,Regular,ASI001,ASIA PACIFIC COMPUTER SALES & SERVICES,"APC BUILDING., A.S. FORTUNA ST., BANILAD, MANDAUE CITY",****,213-071-013-00000,,,,,,,,,,,,,,,,,,N/A,,,N/A,,,Missing,,,N/A,,,,,,,,,,,,,Missing,,,,
104,,,,,Inactive,,,ASI001-NT,ASIA PACIFIC COMPUTER SALES & SERVICES,"APO BUILDING., A.S. FORTUNA ST., BANILAD, MANDAUE CITY",****,213-071-013-00100,,JACKY,,3452465,,,,,,,,,,,,,,N/A,,,N/A,,,Missing,,,N/A,,,,,,,,,,,,,Missing,,,,
105,,,,,Inactive,,,ASI002-NT,ASIAN PLATINUM CORPORATION,GEN LUNA ST ILOILO CITY 5000,****,004-863-399-000,,A,,,,,,,,,,,,,,,,N/A,,,N/A,,,Missing,,,N/A,,,,,,,,,,,,,Missing,,,,
106,4,Low Activity,9,Reseller | Local | Active | Computer & IT Solutions Provider,Pending,Supplier-Local,Regular,ASI011,ASIA PACIFIC COMPUTERS OPC,#869 AS FORTUNA ST. BANILAD 6014 CITY OF MANDAUE CEBU PHILIPPINES,****,644-677-952-00000,,SALES,,,,,,,,,,,,,,,,N/A,,,N/A,,,Missing,,,N/A,,,,,,,,,,,,,Missing,,,,
107,,,,,Inactive,,,ASI011-NT,ASIA PACIFIC COMPUTERS OPC,#869 AS FORTUNA ST. BANILAD 6014 CITY OF MANDAUE CEBU PHILIPPINES,****,644-677-952-00000,,SALES,,,,,,,,,,,,,,,,N/A,,,N/A,,,Missing,,,N/A,,,,,,,,,,,,,Missing,,,,
108,,,,,Inactive,,,ASI012-NT,ASIAN CONSOLIDATION INTERNATIONAL SERVICES INC.,B BENEDICTO ST NORTH RECLAMATION AREA TEJERO 600 CITY OF CEBU,****,200-573-397-00002,,ART JOSEPH VOCALES,,,,,,,,,,,,,,,,N/A,,,N/A,,,Missing,,,N/A,,,,,,,,,,,,,Missing,,,,
109,,,,,Inactive,,,ASP-001NT,ASPREC-MANALO OSH CO.,14 MAHINHIN ST UP VILLAGE QUEZON CITY,****,009-015-757-000,,GLYNES VELASCO,,,,,,,,,,,,,,,,N/A,,,N/A,,,Missing,,,N/A,,,,,,,,,,,,,Missing,,,,
110,2,Low Activity,14,No data,Pending,Supplier-Local,Regular,AST001,ASTRIA CORPORATION,UNIT 909 EAST TOWER PSEC EXCHANGE ROAD ORTIGAS CENTER SAN ANTONIO PASIG CITY 1605,****,010-464-891-000,,Rosie Shorter,,09285151591,,,,,,,,,,,,,,N/A,,,N/A,,,Missing,,,N/A,,,,,,,,,,,,,Missing,,,,
111,,,,,Inactive,,,ASV001,ASV COOLING SYSTEM SERVICES,26D MICHAEL RUA ST. LIVING SUBD. BRGY DON BOSCO,****,426-923-733-00000,,,,,,,,,,,,,,,,,,N/A,,,N/A,,,Missing,,,N/A,,,,,,,,,,,,,Missing,,,,
112,,,,,Inactive,,,ATC001-NT,ATCO PARTS CENTER INC,"2758-60 TAFT AVENUE EXTENSION, PASAY, TAFT AVE, PASAY, METRO MANILA",****,216-577-851-00000,,,,,,,,,,,,,,,,,,N/A,,,N/A,,,Missing,,,N/A,,,,,,,,,,,,,Missing,,,,
113,4,Low Activity,1,Distributor / Trader | Corporate Giveaways & Promotional Merchandise,Pending,Supplier-Local-NT,Regular,ATH010-NT,ATHENA CLOTHING AND TRADING CORP,,****,010-103-298-000,,LINA ORTIZ,,09162232126,,,,,,,,,,,,,,N/A,,,N/A,,,Missing,,,N/A,,,,,,,,,,,,,Missing,,,,
114,4,Low Activity,2,,Pending,Subcontructor,Regular,ATL001,ATLAS PRECISION ENVIRONMENT CORPORATION,"15/F UNIT 1503 139 CORPORATE CENTER     VALERO ST., SALCEDO VILLAGE",****,004-656-080-00000,,,,,,,,,,,,,,,,,,N/A,,,N/A,,,Missing,,,N/A,,,,,,,,,,,,,Missing,,,,
115,,,,,Inactive,,,ATL002,"CEBU ATLANTIC HARDWARE, INC.","B. ARANAS COR LAKANDULA ST. PAHINA SAN NICOLAS, CEBU CITY 6000",****,000-256-642-00006,,MR. RYAN,,,,,,,,,,,,,,,,N/A,,,N/A,,,Missing,,,N/A,,,,,,,,,,,,,Missing,,,,
116,,,,,Inactive,,,ATL005,Atlantic Radio Communications Corporation,"940 N.W. 51st Place #3 Ft. Lauderdale, FL 33309",****,00000000000000000,,ATLANTIC RADIO,,,,,,,,,,,,,,,,N/A,,,N/A,,,Missing,,,N/A,,,,,,,,,,,,,Missing,,,,
117,,,,,Inactive,,,AUT001-NT,AUTOSYNERGY INCORPORATED,NEAR GAISANO CAPITAL CORP OFC GEN MAXILOM AVE EXT CARRETA CEBU CITY 6000,****,473-939-947-000,,THERESE PACALDO,,,,,,,,,,,,,,,,N/A,,,N/A,,,Missing,,,N/A,,,,,,,,,,,,,Missing,,,,
118,3,Low Activity,179,,Pending,Supplier-Local,Regular,AVE001,AVESCO MARKETING CORPORATION,"AURORA BLVD. COR. YALE ST., CUBAO, QUEZON CITY",****,000-400-152-00000,,,,,,,,,,,,,,,,,,N/A,,,N/A,,,Missing,,,N/A,,,,,,,,,,,,,Missing,,,,
119,3,Low Activity,96,Tier 3 | 96 PO,Pending,Supplier-Local,Regular,AWS001,AWS DISTRIBUTION PHILS. CORP.,"357 DR. J. FERNANDEZ ST HW HILLS MANDALUYONG CITY, 1550",****,005-010-684-00000,,,,,,,,,,,,,,,,,,N/A,,,N/A,,,Missing,,,N/A,,,,,,,,,,,,,Missing,,,,
120,4,Low Activity,5,"IT Training, Software Development, and IT Consulting Services.",Pending,Supplier-Local,Regular,AXE001,AXENTRA GLOBAL INC.,U1702 17F HIGH STREET SOUTH CORPORATE PLAZA TOWER 2 11TH AVE COR 26TH ST FORT BONIFACIO TAGUIG CITY,****,680-702-041-00000,,LORENA TAVISORA,,,,,,,,,,,,,,,,N/A,,,N/A,,,Missing,,,N/A,,,,,,,,,,,,,Missing,,,,
121,,,,,Inactive,,,AXP001-NT,AXA PHILIPPINES LIFE AND GENERAL INSURANCE CORPORATION,34/F GT TOWER INTERNATIONAL BUILDING 6813 AYALA AVENUE CORNER H.V DELA COSTA BEL-AIR 1209 MAKATY CIT,****,000-485-226-00000,,SALES SPECIALIST,,,,,,,,,,,,,,,,N/A,,,N/A,,,Missing,,,N/A,,,,,,,,,,,,,Missing,,,,
122,,,,,Inactive,,,AXX001,AXXONSOFT ASIA PTE LTD,76 PLAYFAIR ROAD #03-06LOBBY 3 LHK2 SINGAPORE,****,000-000-000-00000,,Mike Kilchukov,,,,,,,,,,,,,,,,N/A,,,N/A,,,Missing,,,N/A,,,,,,,,,,,,,Missing,,,,
123,4,Low Activity,1,Supplier | Active | Sportswear & Athletic Apparel Provider,Pending,Supplier-Local-NT,Regular,BAL001-NT,BALLER-SPORTSWEAR CORP,"PLAYGROUND BADMNTON COURT CRM AVE ALAMANZA UNO 1740 CITY OF LASPINAS, NCR FOURTH DISTRICT PH",****,676-723-801-00000,,CHARLES REINIER PANINGASAN,,,,,,,,,,,,,,,,N/A,,,N/A,,,Missing,,,N/A,,,,,,,,,,,,,Missing,,,,
124,,,,,Inactive,,,BAL002-NT,BALAI DAMA PANSOL CORP,LOT 2 BLK 6 TOMAGAWK CORNER MONONA ST LAKEWOOD SUBD. TADLAK 4030 LOS BANOS LAUGUN,****,626-580-277-00000,,DEN SY,,,,,,,,,,,,,,,,N/A,,,N/A,,,Missing,,,N/A,,,,,,,,,,,,,Missing,,,,
125,1,Low Activity,133,"8-11-26: SIF/Import Permit/Product Profile/Proof of Present Address
8-24-26: Ff sent, email
8-26-26: ff sent, email  and viber
Lacking: SIF/Import Permit/Proof of Present Address/Product Profile
9-4-26: ff done",Incomplete,Supplier-Local,Major,BAN001,"BANBROS COMMERCIAL, INCORPORATED","32 PILAR STREET COR. ARAULLO STREET ADDITION HILLS 1500 CITY OF SAN JUAN NCR, SECOND DISTRICT PHILIPPINES",,005-028-570-00000,Wholesaler,Meriel Amazona,Product Specialist,0917 6399998 ,meriel@banbros.ph,Not yet,No,No,No,,Yes,Yes,Yes,31-Dec-2025,Current,-252,15-Jan-2027,Current,128,,N/A,,31-Dec-2026,Current,113,,N/A,,,,N/A,,,,,,,,,Missing,,,,
126,1,Low Activity,133,"8-11-26: SIF/Import Permit/Product Profile/Proof of Present Address
8-24-26: Ff sent, email
8-26-26: ff sent, email  and viber
Lacking: SIF/Import Permit/Proof of Present Address/Product Profile
9-4-26: ff done",Incomplete,Supplier-Local-NT,Major,BAN002-NT,"BANBROS COMMERCIAL, INCORPORATED","32 PILAR STREET COR. ARAULLO STREET ADDITION HILLS 1500 CITY OF SAN JUAN NCR, SECOND DISTRICT PHILIPPINES",,005-028-570-00000,Wholesaler,Meriel Amazona,Product Specialist,0917 6399998 ,meriel@banbros.ph,Not yet,No,No,No,,Yes,Yes,Yes,31-Dec-2025,Current,-252,15-Jan-2027,Current,128,,N/A,,31-Dec-2026,Current,113,,N/A,,,,N/A,,,,,,,,,Missing,,,,
128,,,,,Inactive,,,BAR001,BARCODE SCANNING SOLUTIONS OF THE PHLS INC,427 MARTINEZ AVENUE PLAINVIEW,****,008-614-696-00000,,,,,,,,,,,,,,,,,,N/A,,,N/A,,,Missing,,,N/A,,,,,,,,,,,,,Missing,,,,
129,,,,,Inactive,,,BAR002,BARRINGTON CARPETS INC,11F UNIT 1110 WEST TOWER PHILLIPNE STOCK EXCHANGE CENTRE EXCHANGE ROAD ORTIGAS CENTER,****,000-400-943-00000,,,,,,,,,,,,,,,,,,N/A,,,N/A,,,Missing,,,N/A,,,,,,,,,,,,,Missing,,,,
130,,,,,Inactive,,,BAR003,BARCOTECH PHILIPPINES INC.,"UNIT 1203 RICHVILLE CORPORATE TOWER, ALABANG-ZAPOTE ROAD, MADRIGAL BUSINESS PARK, AYALA ALABANG,",****,009-985-659-00002,,JESSIE ESCASINAS,,09088934770,,,,,,,,,,,,,,N/A,,,N/A,,,Missing,,,N/A,,,,,,,,,,,,,Missing,,,,
131,,,,,Inactive,,,BAR004-NT,BARCOTECH PHILIPPINES INC.,"UNIT 1203 RICHVILLE CORPORATE TOWER, ALABANG-ZAPOTE ROAD, MADRIGAL BUSINESS PARK, AYALA ALABANG,",****,009-985-659-00002,,JESSIE ESCASINAS,,09088934770,,,,,,,,,,,,,,N/A,,,N/A,,,Missing,,,N/A,,,,,,,,,,,,,Missing,,,,
132,,,,,Inactive,,,BAS001,BASSBEST AUTOMATION SURVEILLANCE & SECURITY PRODUCTS CORP,262 DEL MONTE AVENUE,****,006-614-736-00000,,,,,,,,,,,,,,,,,,N/A,,,N/A,,,Missing,,,N/A,,,,,,,,,,,,,Missing,,,,
133,,,,,Inactive,,,BAT001-NT,BATPARTS SUPPLY CO INC,"278 E RODRIGUEZ SR. AVE., QUEZON CITY",****,000-392-614-00000,,,,,,,,,,,,,,,,,,N/A,,,N/A,,,Missing,,,N/A,,,,,,,,,,,,,Missing,,,,
134,,,,,Inactive,,,BAU001-NT,"BAUTISTA, EINSTEIN TORRES",MAYMANGGA AMADEO CAVITE 4119,****,481-355-709-000,,EINSTEIN BAUTISTA,,09253117977,aandagardensuites@yahoo.com.ph,,,,,,,,,,,,,N/A,,,N/A,,,Missing,,,N/A,,,,,,,,,,,,,Missing,,,,
135,,,,,Inactive,,,BAU002-NT,"BAUTISTA, JESELY MAGALONG",3495 D BONIFACIO ST FORTUNE DRIVE CANUMAY EAST (CANUMAY) 1447 CITY OF VALENZUELA NCR THIRD DISTRICT,****,290666-730-0000,,DAVID ONG,,,,,,,,,,,,,,,,N/A,,,N/A,,,Missing,,,N/A,,,,,,,,,,,,,Missing,,,,
136,4,Low Activity,9,Pending Verification | Undetermined | Individual / Sole Proprietor | Undetermined,Pending,Supplier-Local,Regular,BAU003,"BAUTISTA, JUN ALCORANO",BLK 40 LOT BANABA 4118 SILANG CAVITE PHILIPPINES,****,300-602-886-00000,,"BAUTISTA, JUN ALCORANO",,,,,,,,,,,,,,,,N/A,,,N/A,,,Missing,,,N/A,,,,,,,,,,,,,Missing,,,,
137,4,Low Activity,9,Pending Verification | Undetermined | Individual / Sole Proprietor | Undetermined,Pending,Supplier-Local-NT,Regular,BAU003-NT,"BAUTISTA, JUN ALCORANO",BLK 40 LOT BANABA 4118 SILANG CAVITE PHILIPPINES,****,300-602-886-00000,,"BAUTISTA, JUN ALCORANO",,,,,,,,,,,,,,,,N/A,,,N/A,,,Missing,,,N/A,,,,,,,,,,,,,Missing,,,,
138,,,,,Inactive,,,BAY001-NT,BAYAN TELECOMMUNICATIONS INC,"234 ROOSEVELT AVE., SFDM, QUEZON CITY",****,000-774-471-00000,,,,,,,,,,,,,,,,,,N/A,,,N/A,,,Missing,,,N/A,,,,,,,,,,,,,Missing,,,,
139,4,Low Activity,6,Supplier | Active | General Business Services Provider,Pending,Supplier-Local-NT,Regular,BCU001-NT,B CUBE VENTURES INCORPORATED,UNIT 206 THE MAIN PLACE BUILDING NO 1 PINAGLABANAN STREET CORAZON DE JESUS 1500 CITY OF SAN JUAN,****,636-757-741-00000,,SALES PERSON,,,,,,,,,,,,,,,,N/A,,,N/A,,,Missing,,,N/A,,,,,,,,,,,,,Missing,,,,
140,,,,,Inactive,,,BDO001-NT,"BDO INSURANCE BROKERS, INC.","5TH FLOOR BDO NORTH TOWER BDO CORPORATE CENTER 7899 MAKATI AVE, COR. H.V. DELA COSTA ST.,",****,005-058-126-00000,,,,,,,,,,,,,,,,,,N/A,,,N/A,,,Missing,,,N/A,,,,,,,,,,,,,Missing,,,,
141,,,,,Inactive,,,BED001-NT,"BEDERICO, OFELIA TIQUIO","INDIGO BAY, BRGY BAGONG KALSADA, CALAMBA CITY LAGUNA 4027",****,247-923-535-000,,OFELIA BEDERICO,,09151563383,,,,,,,,,,,,,,N/A,,,N/A,,,Missing,,,N/A,,,,,,,,,,,,,Missing,,,,
142,,,,,Inactive,,,BEE001-NT,BEE TIN GROCERY INC,735 ONGPIN STREET BINONDO MANILA,****,007-933-539-000,,a,,,,,,,,,,,,,,,,N/A,,,N/A,,,Missing,,,N/A,,,,,,,,,,,,,Missing,,,,
143,,,,,Inactive,,,BER001-NT,BERNARD CHONG,MANDALUYONG CITY,****,000-000-000-00000,,,,,,,,,,,,,,,,,,N/A,,,N/A,,,Missing,,,N/A,,,,,,,,,,,,,Missing,,,,
144,,,,,Inactive,,,BER002-NT,BERNARDO MUTUC,,****,000-000-000-00000,,,,,,,,,,,,,,,,,,N/A,,,N/A,,,Missing,,,N/A,,,,,,,,,,,,,Missing,,,,
145,,,,,Inactive,,,BES001-NT,"BEST PRACTICE CONSUMER, INC.",NO 1 VENUS COMP 2/F GMC BLDG QUEZON AVE BRGY SAN ISIDRO ANGONO RIZAL,****,234-504-281-00000,,,,,,,,,,,,,,,,,,N/A,,,N/A,,,Missing,,,N/A,,,,,,,,,,,,,Missing,,,,
146,,,,,Inactive,,,BET001-NT,BETHEL GENERAL INSURANCE AND SURETY CORPORATION,"UNIT 200 VALERO PLAZA 124 VALERO ST., SALCEDO VILLAGE, MAKATI CITY",****,000-745-041-00000,,,,,,,,,,,,,,,,,,N/A,,,N/A,,,Missing,,,N/A,,,,,,,,,,,,,Missing,,,,
147,4,Low Activity,1,Pending Verification | Undetermined | Individual / Sole Proprietor | Products/Services Undetermined,Pending,,Regular,BET002,"BETITO, EDLYN JOY RAPOSAS","774-B AURORA BLVD KAUNLARAN CUBAO, 111 QUEZON CITY NCR, SECOND DISTRICT PHILIPPINES",****,703-056-120-00000,,"BETITO, EDLYN JOY RAPOSAS",,09665010222,,,,,,,,,,,,,,N/A,,,N/A,,,Missing,,,N/A,,,,,,,,,,,,,Missing,,,,
148,,,,,Inactive,,,BET002-NT,"BETIC, ABNER PATAC",FIRST CRUMB ST. ZONE 2 8002 CITY OF DIGOS DAVAO DEL SUR PHILIPPINES,****,327-519-708-00000,,"BETIC, ABNER PATAC",,,,,,,,,,,,,,,,N/A,,,N/A,,,Missing,,,N/A,,,,,,,,,,,,,Missing,,,,
149,,,,,Inactive,,,BEY001,BEYOND INNOVATIONS INC,2F TOPY BLDG II TOPYS PLACE 3 ECONOMIA ST BAGUMBAYAN QUEZON CITY,****,005-695-766-00000,,,,,,,,,,,,,,,,,,N/A,,,N/A,,,Missing,,,N/A,,,,,,,,,,,,,Missing,,,,
150,4,Low Activity,3,Service Provider | Professional Association | ICT Training & Certification,Pending,Supplier-Foreign,Regular,BIC001,BUILDING INDUSTRY CONSULTING SERVICE INTERNATIONAL,"8610 Hidden River Parkway Tampa, FL 33637",****,000-000-000-00000,,SALES PERSON,,,,,,,,,,,,,,,,N/A,,,N/A,,,Missing,,,N/A,,,,,,,,,,,,,Missing,,,,
151,,,,,Inactive,,,BIG001,BIGLEAP TECHNOLOGIES INC.,"UNIT 2504 JOLLIBEE PLAZA CONDO, EMERALD AVENUE, ORTIGAS CENTER, SAN ANTONIO",****,008-066-201-00000,,,,,,,,,,,,,,,,,,N/A,,,N/A,,,Missing,,,N/A,,,,,,,,,,,,,Missing,,,,
152,,,,,Inactive,,,BIN002-NT,"BINARAO, JESSIE JAMES CRISOSTOMO",1512 CM RECTO AVE COR TOMAS MAPUA ST. STA CRUZ MANILA,****,000-000-000-00000,,"BINARAO, JESSIE JAMES CRISOSTOMO",,09157132085,,,,,,,,,,,,,,N/A,,,N/A,,,Missing,,,N/A,,,,,,,,,,,,,Missing,,,,
153,,,,,Inactive,,,BIS001,BISIKLETA MANILA,"560 Quezon Boulevard Quiapo, Manila",****,000-000-000-00000,,,,,,,,,,,,,,,,,,N/A,,,N/A,,,Missing,,,N/A,,,,,,,,,,,,,Missing,,,,
154,,,,,Inactive,,,BKP001-NT,BKPRO AUDIO VISUAL AND LIGHTING TRADING,1 LEGEND ST. VILLAGE EAST EXECUTIVE HOMES CAINTA RIZAL,****,217-253-402-00000,,,,,,,,,,,,,,,,,,N/A,,,N/A,,,Missing,,,N/A,,,,,,,,,,,,,Missing,,,,
155,,,,,Inactive,,,BLA003-NT,THE BLACK OBSIDIAN CONSULTING INC.,UNIT 1B LOT C/D GOVERNOR'S DRIVE PASO SQUARE DE CARMONA MADUYA 4116 CARMONA CAVITE PHILIPPINES,****,010-621-713-00000,N/A2,WILSON SUNIO,,0000000,,,,,,,,,,,,,,N/A,,,N/A,,,Missing,,,N/A,,,,,,,,,,,,,Missing,,,,
156,4,Low Activity,1,Supplier | Local | Active | Furniture & Interior Furnishing Retailer,Pending,Supplier-Local-NT,Regular,BLI001-NT,BLIMS LIFESTYLE GROUP INC.,14 WILLIAMS  ST. HIGHWAY HILLS 1550 MANDALUYONG CITY METRO MANILA,****,008-651-763-00000,,SALES PERSON,,,,,,,,,,,,,,,,N/A,,,N/A,,,Missing,,,N/A,,,,,,,,,,,,,Missing,,,,
157,,,,,Inactive,,,BLU001-NT,BLUE SILVER AND BLACK MARKETING,4/F WEST TOWER PSEC EXCHANGE ROAD ORTIGAS CENTER SAN ANTONIO PASIG CITY 1605,****,272-454-300-00000,,,,,,,,,,,,,,,,,,N/A,,,N/A,,,Missing,,,N/A,,,,,,,,,,,,,Missing,,,,
158,4,Low Activity,1,"Service Provider | SAP Partner & IT Solutions Provider | ERP, Cloud & Digital Transformation",Pending,Supplier-Local,Regular,BNE001,BNEXT INC.,"UNIT 3&4, G/F NEXUS CENTER 1010 METROPOLITAN AVE. SAN ANTONIO, MAKATI CITY, 1203",****,009-991-528-00000,,,,,,,,,,,,,,,,,,N/A,,,N/A,,,Missing,,,N/A,,,,,,,,,,,,,Missing,,,,
159,,,,,Inactive,,,BOS001-NT,BOSS INC,A. ARNAIZ AVE. COR. C ROCES. AVE. MAKATI CITY,****,004-568-826-00100,,,,,,,,,,,,,,,,,,N/A,,,N/A,,,Missing,,,N/A,,,,,,,,,,,,,Missing,,,,
160,,,,,Inactive,,,BPT001,BP TECH PARTS COMPUTER STORE,"259 MARIA CLARA STREET, BRGY88 D2",****,212-247-616-00000,,BP TECH,,09178218610,,,,,,,,,,,,,,N/A,,,N/A,,,Missing,,,N/A,,,,,,,,,,,,,Missing,,,,
161,1,Low,521,"8-11-26:
Updated AFS/Updated GIS/Business Permit/Import Permit/Product Profile/Proof of Present Address
8-25-26: Still for internal approval",Incomplete,Supplier-Local,Major,BRI001,"BRIDGE DISTRIBUTION, INC.",PD BLDG. 265 E. RODRIGUEZ SR. AVE QUEZON CITY 1112,,240-290-966-00000,Retailer,Scheanlly Madera,Sales Assistant,"09303994575 |
028-781-0581",shceanllym@bridgedisty.com,Not yet,No,No,No,Yes,Yes,Yes,No,31-Dec-2023,For Update,-983,28-Jun-2025,Expired,-438,,N/A,,3-May-2025,Expired,-494,,N/A,,Yes,,N/A,N/A,,,,,,,,Missing,,,,
162,1,Low,521,Incomplete,Incomplete,Supplier-Local-NT,,BRI001-NT,"BRIDGE DISTRIBUTION, INC.",PD BLDG. 265 E. RODRIGUEZ SR. AVE QUEZON CITY 1112,,240-290-966-00000,Retailer,Scheanlly Madera,Sales Assistant,"09303994575 |
028-781-0581",shceanllym@bridgedisty.com,Not yet,No,No,No,,,,,,,,,N/A,,,N/A,,,Missing,,,N/A,,,,,,,,,,,,,Missing,,,,
163,,,,,Inactive,,,BRI002,BRIDGINGMINDS NETWORK PTE LTD,190 MIDDLE ROAD                         #12-10/11 FORTUNE CENTRE,****,000-000-000-00000,,,,,,,,,,,,,,,,,,N/A,,,N/A,,,Missing,,,N/A,,,,,,,,,,,,,Missing,,,,
164,4,Low Activity,13,"IT Products, Computer Accessories, Electronics, Mobile Computing & Camera Products.",Pending,Supplier-Local,Regular,BRI003,BRIGHTEN ASIA CORP.,26 STO. TOMAS ST. DON MANUEL QUEZON CITY,****,010-101-702-00000,,PAULO DELA CRUZ,,,,,,,,,,,,,,,,N/A,,,N/A,,,Missing,,,N/A,,,,,,,,,,,,,Missing,,,,
165,4,Low Activity,13,"IT Products, Computer Accessories, Electronics, Mobile Computing & Camera Products.",Pending,Supplier-Local-NT,Regular,BRI004-NT,BRIGHTEN ASIA CORP.,STO. TOMAS ST. DON MANUEL QC,****,010-101-702-00000,,AIZA,,,,,,,,,,,,,,,,N/A,,,N/A,,,Missing,,,N/A,,,,,,,,,,,,,Missing,,,,
166,,,,,Inactive,,,BRI005,"BRIGHTBOX, INC.",UNIT 3E FC BLDG. 2 THOMAS MORATO AVE. DILIMAN QUEZON CITY 1103,****,243-828-628-000,,EARL CHRISTOPHER SOTELO,,09177003275,,,,,,,,,,,,,,N/A,,,N/A,,,Missing,,,N/A,,,,,,,,,,,,,Missing,,,,
167,4,Low Activity,1,Pending Verification | Undetermined | Individual / Sole Proprietor | Products/Services Undetermined,Pending,,Regular,BRI007,"BRINGINO, JEFFERSON AZUELA","89 URBANO VELASCO AVE PINAGBUHATAN 1602 CITY OF PASIG NCR, SECOND DISTRICT PHILIPPINES",****,245-795-445-00000,,"BRINGINO, JEFFERSON AZUELA",,,,,,,,,,,,,,,,N/A,,,N/A,,,Missing,,,N/A,,,,,,,,,,,,,Missing,,,,
168,,,,,Inactive,,,BRO001-NT,BROFAR MOTOR WORKS INCORPORATED,"7491 BAGTIKAN ST., SAN ANTONIO VILLAGE MAKATI CITY",****,000-110-355-00000,,,,,,,,,,,,,,,,,,N/A,,,N/A,,,Missing,,,N/A,,,,,,,,,,,,,Missing,,,,
169,,,,,Inactive,,,BRY001-NT,BRYAN PANGILINAN,MANDALUYONG CITY,****,000-000-000-00000,,,,,,,,,,,,,,,,,,N/A,,,N/A,,,Missing,,,N/A,,,,,,,,,,,,,Missing,,,,
170,4,Low Activity,12,Reseller | Service Provider,Pending,Supplier-Local,Regular,BSI001-NT,BSI GROUP PHILIPPINES INC,"OFFICE D 15TH FLOOR, JOLLIBEE TOWER, F ORTIGAS  JR RD ORTIGAS CENTER, SAN ANTONIO PASIG CITY",****,002-857-755-00000,,Ezekiel “Chi” Racinez,,,,,,,,,,,,,,,,N/A,,,N/A,,,Missing,,,N/A,,,,,,,,,,,,,Missing,,,,
171,4,Low Activity,2,Reseller | Local | Active | Building Automation & IT Infrastructure Provider,Pending,Supplier-Local,Regular,BUIL001,BUILDING TECHNOLOGY SOLUTIONS INC.,"#47 ML BUILDING KAMIAS ROAD, PINYAHAN 1100,  QUEZON CITY",****,658-732-223-00000,,NERIZZA KARLA VICENSIO,,,,,,,,,,,,,,,,N/A,,,N/A,,,Missing,,,N/A,,,,,,,,,,,,,Missing,,,,
172,,,,,Inactive,,,BUR001,BURP,,****,000-000-000-00000,,,,,,,,,,,,,,,,,,N/A,,,N/A,,,Missing,,,N/A,,,,,,,,,,,,,Missing,,,,
173,4,Low Activity,11,Tier 4 | 11 GRPO | Reseller,Pending,Supplier-Local,Regular,BUS001,BUSINESS INNOVATION SOLUTIONS AND SERVICES INC,"L1 B4 ST. PETER COR VERAVILLE AVE, VERAVILLE TOWNHOMES REGENCY PHASEII MANUYOS, LAS PINAS CITY",****,009-928-547-00000,,,,,,,,,,,,,,,,,,N/A,,,N/A,,,Missing,,,N/A,,,,,,,,,,,,,Missing,,,,
174,4,Low Activity,11,Tier 4 | 11 GRPO | Reseller,Pending,Supplier-Local-NT,Regular,BUS001-NT,BUSINESS INNOVATION SOLUTIONS AND SERVICES INC,"L1 B4 ST. PETER COR VERAVILLE AVE, VERAVILLE TOWNHOMES REGENCY PHASEII MANUYOS, LAS PINAS CITY",****,009-928-547-00000,,MARICAR BARRIOS,,,,,,,,,,,,,,,,N/A,,,N/A,,,Missing,,,N/A,,,,,,,,,,,,,Missing,,,,
175,,,,,Inactive,,,C3I001,C3 INTEGRATED TECHNOLOGIES INC.,"BESIDE PETRON BANAWA, R, DUTERTE ST.,",****,759-986-630-00000,,,,,,,,,,,,,,,,,,N/A,,,N/A,,,Missing,,,N/A,,,,,,,,,,,,,Missing,,,,
176,,,,,Inactive,,,CAB001,CABANATUAN ELECTRIC CORPORATION,MAHARLIKA HIGHWAY BITAS 3100 CABANATUAN CITY NUEVA ECIJA,****,000-542-642-000,,,,,,,,,,,,,,,,,,N/A,,,N/A,,,Missing,,,N/A,,,,,,,,,,,,,Missing,,,,
177,4,Low Activity,1,Pending Verification | Undetermined | Individual / Sole Proprietor | Products/Services Undetermined,Pending,Supplier-Local,Regular,CAB002,"CABEBE, SHYLA CASILLAN",9 MAGSAYSAY ST. POBLACION 2503 ARINGAY LA UNION PHILIPPINES,****,190-268-691-00000,,"CABEBE, SHYLA CASILLAN",,09178375250,,,,,,,,,,,,,,N/A,,,N/A,,,Missing,,,N/A,,,,,,,,,,,,,Missing,,,,
178,,,,,Inactive,,,CAG001,"IGLESIA, ABDON CORDIAL",224 SATURN ST. DREAMLAND SUBD NAMAYAN 1550 MANDALUYONG CITY,****,138-197-210-00000,,,,,,,,,,,,,,,,,,N/A,,,N/A,,,Missing,,,N/A,,,,,,,,,,,,,Missing,,,,
179,,,,,Inactive,,,CAM001-NT,GAYCEL MAYOMAY  CAMACHO,BLK 2 LOT 8 ACACIA ST. SAN JOSE,****,444-628-460-00000,,,,,,,,,,,,,,,,,,N/A,,,N/A,,,Missing,,,N/A,,,,,,,,,,,,,Missing,,,,
180,3,Low Activity,28,Tier 3 | 28 PO,Pending,Supplier-Local,Regular,CAN001,"CANON MARKETING (PHILIPPINES), INC.","7F COMMERCE AND INDUSTRY PLAZA, 1030 CAMPUS AVE COR PARK AVE, MCKINLEY HILL, FORT BONIFACIO, TAGUIG",****,000-159-448-00000,,,,,,,,,,,,,,,,,,N/A,,,N/A,,,Missing,,,N/A,,,,,,,,,,,,,Missing,,,,
181,4,Low Activity,5,Service Provider | Software Developer | Document Processing & Automation Software,Pending,Supplier-Foreign,Regular,CAP001,CAPTUREBITES BVBA,WILGENLAAN 8 2160 WOMMELGEM BELGIUM,****,000-000-000-00000,,,,,,,,,,,,,,,,,,N/A,,,N/A,,,Missing,,,N/A,,,,,,,,,,,,,Missing,,,,
182,,,,,Inactive,,,CAR001-NT,CARLO CAGUIOA,MANDALUYONG CITY,****,000-000-000-00000,,,,,,,,,,,,,,,,,,N/A,,,N/A,,,Missing,,,N/A,,,,,,,,,,,,,Missing,,,,
183,,,,,Inactive,,,CAR002-NT,"CARDINES, MARLON TORRANO",BLK 4 LOT 41 LANZONES ST STO DOMINGO VILLAGE SAN JOSE MATULID MEXICO PAMPANGA,****,267-602-840-000,,MARLON CARDINES,,,,,,,,,,,,,,,,N/A,,,N/A,,,Missing,,,N/A,,,,,,,,,,,,,Missing,,,,
184,3,Low Activity,37,8-12-26: Completed,Accredited,Subcontructor,Regular,CAR016,CARA ELECTRICAL AND NETWORK SOLUTIONS INC,"J CASIM BLDG 404 CURIE STREET PALANAN 1235 CITY OF MAKATI NCR, FOURTH DISTRICT PHILIPPINES",,010-821-958-00000,,James Carolino,President & Finance,09171106271,jamescarolino25@yahoo.com,3-Dec-2025,Yes,Yes,Yes,Yes,Yes,Yes,Yes,,,,15-Sep-2026,Expiring Soon,6,,N/A,,31-Dec-2026,Current,113,,N/A,,Yes,Yes,N/A,N/A,,,,,,,,Missing,,,,
185,,,,,Inactive,,,CAR016-NT,"CARDINES, MARLON TORRANO","BLK 4 LOT 41 LANZONES ST. STO DOMINGGO VILLAGE , SAN JOSE MATULID MEXICO PAMPANGA",****,267-602-840-000,,JC CASTRO,,,,,,,,,,,,,,,,N/A,,,N/A,,,Missing,,,N/A,,,,,,,,,,,,,Missing,,,,
186,,,,,Inactive,,,CAR017-NT,CARTLY CORP,BLK 2A LOT 5  MANHATTAN RESIDENCES 2ND DISTRICT  HABAY BACOOR CAVITE 4102,****,774-438-006-000,,MANEL ANDREA CEMENTINA,,09177039657,,,,,,,,,,,,,,N/A,,,N/A,,,Missing,,,N/A,,,,,,,,,,,,,Missing,,,,
187,,,,,Inactive,,,CAS001-NT,CASTILLO MAMARIL ARITAO LAW,32ND FLOOR RUFINO PACIFIC TOWER 6784 AYALA AVENUE COR  VA RUFINO ST. MAKATI CITY,****,200-833-967-00000,,LIRRA VELASQUEZ,,09452742223,,,,,,,,,,,,,,N/A,,,N/A,,,Missing,,,N/A,,,,,,,,,,,,,Missing,,,,
188,,,,,Inactive,,,CEB001-NT,CEBU OFFICE FURNITURE SHOP,"37A SABELLANO ST., YATI, QULOT, CEBU CITY",****,487-904-689-00000,,,,,,,,,,,,,,,,,,N/A,,,N/A,,,Missing,,,N/A,,,,,,,,,,,,,Missing,,,,
189,,,,,Inactive,,,CEB002-NT,CEBU INSULAR HOTEL CO INC,CARDINAL ROSALES AVE CEBU BUSINESS PARK BARRIO LUZ CEBU CITY 6000,****,004-669-032-00000,,,,,,,,,,,,,,,,,,N/A,,,N/A,,,Missing,,,N/A,,,,,,,,,,,,,Missing,,,,
190,4,Low Activity,1,Supplier | Local | Active | Hospitality & Real Estate Operations,Pending,Supplier-Local-NT,Regular,CEB012-NT,CEBU BELMONT INC.,COR P BURGOS &LEGASPI ST. SAN ROQUE CIUDAD CEBU CITY,****,000-067-311-00001,,SALES PERSON,,,,,,,,,,,,,,,,N/A,,,N/A,,,Missing,,,N/A,,,,,,,,,,,,,Missing,,,,
191,,,,,Inactive,,,CEC001-NT,C-E CONSTRUCTION CORPORATION,"217 ROMUALDEZ KALENTONG, DAANG BAKAL, MANDALUYONG CITY",****,000-051-470-00000,,,,,,,,,,,,,,,,,,N/A,,,N/A,,,Missing,,,N/A,,,,,,,,,,,,,Missing,,,,
192,,,,,Inactive,,,CEL001,CELLNOTE & ACCESSORIES,3F EMALL N BACALSO,****,274-424-536-00200,,,,,,,,,,,,,,,,,,N/A,,,N/A,,,Missing,,,N/A,,,,,,,,,,,,,Missing,,,,
193,,,,,Inactive,,,CEL001-NT,CELTIC COOL AUTOMOTIVE AIRE ENTERPRISE,2643-F TAFT AVENUE PASAY CITY,****,183-075-820-000,,ARCE,,,,,,,,,,,,,,,,N/A,,,N/A,,,Missing,,,N/A,,,,,,,,,,,,,Missing,,,,
194,4,Low Activity,6,Supplier | Foreign | Active | Certification & Exam Management Platform Provider,Pending,Supplier-Foreign,Regular,CER001,CERTIVERSE,4803 NORTH MILWAUKEE AVENUE SUITE B #103 CHICAGO ILLINOIS 60630 UNITED STATES,****,000-000-000-00000,,CUSTOMER SUPPORT,,,,,,,,,,,,,,,,N/A,,,N/A,,,Missing,,,N/A,,,,,,,,,,,,,Missing,,,,
195,,,,,Inactive,,,CES001-NT,CESAR FANTANOSA,,****,214-314-418-00000,,,,,,,,,,,,,,,,,,N/A,,,N/A,,,Missing,,,N/A,,,,,,,,,,,,,Missing,,,,
196,,,,Double Entry,,,Regular,CGA001,"ALVAREZ, GREG YAP",B4 L2 EMARALD ST CARLAND COUNTRY HOMES GB1 SAN MATEO RIZAL,****,192-431-517-00000,,Catalina,,639161858353,,,,,,,,,,,,,,N/A,,,N/A,,,Missing,,,N/A,,,,,,,,,,,,,Missing,,,,
197,,,,,Inactive,,,CHA001,CHARTER PING AN INSURANCE CORPORATION,29th floor GT Tower International 6813 Ayala Ave cor HV Dela Costa St.,****,000-487-306-00000,,,,,,,,,,,,,,,,,,N/A,,,N/A,,,Missing,,,N/A,,,,,,,,,,,,,Missing,,,,
198,,,,,Inactive,,,CHA001-NT,CHARO MAY PERNIA,29th floor GT Tower International 6813 Ayala Ave cor HV Dela Costa St.,****,301-580-918-00000,,,,,,,,,,,,,,,,,,N/A,,,N/A,,,Missing,,,N/A,,,,,,,,,,,,,Missing,,,,
199,,,,,Inactive,,,CHA002,CHALLENGE SYSTEMS INC,"UNIT 4D VERNIDA I CONDOMINIUM BLDG., 120 AMORSOLO ST., LEGASPI VILLAGE MAKATI CITY",****,224-103-039-00000,,,,,,,,,,,,,,,,,,N/A,,,N/A,,,Missing,,,N/A,,,,,,,,,,,,,Missing,,,,
200,,,,,Inactive,,,CHA002-NT,CHAMBER OF THRIFT BANKS INC,BUENDIA BRANCH,****,005-039-269-00000,,RHIA MISSION,,,,,,,,,,,,,,,,N/A,,,N/A,,,Missing,,,N/A,,,,,,,,,,,,,Missing,,,,
201,,,,,Inactive,,,CHE001-NT,CHEMSON LEE,MANDALUYONG CITY,****,132-436-532-00000,,,,,,,,,,,,,,,,,,N/A,,,N/A,,,Missing,,,N/A,,,,,,,,,,,,,Missing,,,,
202,,,,,Inactive,,,CHE002,CHECKMARX,AMOT ATRIUM TOWER 11F 2 JABOTINSKY ST RAMAT GAN,****,000-000-000-00000,,,,,,,,,,,,,,,,,,N/A,,,N/A,,,Missing,,,N/A,,,,,,,,,,,,,Missing,,,,
203,4,Low Activity,5,Supplier | Local | Active | General Trading & Distribution Provider,Pending,Supplier-Local-NT,Regular,CHE002-NT,CHELLO INTERNATIONAL VENTURES INC.,"302 SAINT PAUL STREET REMERVILLE SUBD BAESA 1106 QUEZON CITY NCR, SECOND DISTRICT PHILIPPINES",****,010-784-656-00000,,Michelle Davidon,,,,,,,,,,,,,,,,N/A,,,N/A,,,Missing,,,N/A,,,,,,,,,,,,,Missing,,,,
204,,,,,Inactive,,,CHI001-NT,CHIRADEE MORALES,MANDALUYONG CITY,****,278-080-873-00000,,,,,,,,,,,,,,,,,,N/A,,,N/A,,,Missing,,,N/A,,,,,,,,,,,,,Missing,,,,
205,,,,,Inactive,,,CHM001-NT,"CHI HOTELS AND RESIDENCES,INC",5400 ESAT ASIA DRIVE COR COMMERCE AVE FILINVEST CORP CITY ALABANG MUNTINLUPA,****,006-872-294-000,,COLLEEN BELTRAN,,,,,,,,,,,,,,,,N/A,,,N/A,,,Missing,,,N/A,,,,,,,,,,,,,Missing,,,,
206,,,,,Inactive,,,CHO001,CHOOSY PANDA VENTURES INC.,AJN DIVERSION ROAD SAN RAFAEL MANDURRIAO 5000 ILOILO CITY PHILIPPINES,****,615-993-151-00000,,ROWENA MAULLEON,,09176280771,,,,,,,,,,,,,,N/A,,,N/A,,,Missing,,,N/A,,,,,,,,,,,,,Missing,,,,
207,,,,,Inactive,,,CHR001-NT,CHRIS SPORTS GLORIETTA INC.,"CHRIS SPORTS 3F SM MEGAMALL BUILDING B, EDSA COR JULIA VARGAS AVENUE MANDALUYONG CITY",****,000-000-000-000,,SUSAN TIU,,,,,,,,,,,,,,,,N/A,,,N/A,,,Missing,,,N/A,,,,,,,,,,,,,Missing,,,,
208,4,Low Activity,4,Supplier | Local | Active | Corporate Services Provider,Pending,Supplier-Local,Regular,CHR004,CHRONICLES WORKS AND SERVICES INCOPORATED,"2424 TEJERON ST., BRGY. 874 ZONE 96 DIST 6 STA. ANA, MANILA CITY 1009",****,008-880-823-000,,SAMSUNG,,,,,,,,,,,,,,,,N/A,,,N/A,,,Missing,,,N/A,,,,,,,,,,,,,Missing,,,,
209,4,Low Activity,6,Furniture Retailer / Wholesaler | Home & Office Furniture,Pending,Supplier-Local-NT,Regular,CHU001-NT,"CHUA, BON PEN SEE","1363-65 Pedro Gil St. Paco, Manila 1007",****,103-936-955-000,,RISA SALES,,,,,,,,,,,,,,,,N/A,,,N/A,,,Missing,,,N/A,,,,,,,,,,,,,Missing,,,,
210,,,,,Inactive,,,CIB001-NT,CIBI INFORMATION INC.,2F SALUSTIANA DTY TOWER 104 PASEO DE ROXAS SAN LORENZO 1223 CITYOF MAKATI NCR,****,005-059-207-00000,,HERALD CANLAS,,,NA,,,,,,,,,,,,,N/A,,,N/A,,,Missing,,,N/A,,,,,,,,,,,,,Missing,,,,
211,4,Low Activity,3,"Architecture, Engineering, Construction (AEC), and Manufacturing industries,",Pending,Supplier-Local,Regular,CIM001,"CIM TECHNOLOGIES, INC.","RM 706 SEDCCO I BLDG., 120 RADA COR. LEGASPI ST, LEGASPI VILLAGE, SAN LORENZO, MAKATI CITY, 1229",****,000-402-170-000,,Axcel Jene A. Gonzales,,,,,,,,,,,,,,,,N/A,,,N/A,,,Missing,,,N/A,,,,,,,,,,,,,Missing,,,,
212,,,,,Inactive,,,CIR001,CIRCLE COMPUBIZ,BRGY ORTIZ PLAZA LIBERTAD ILOILO CITY,****,284-512-976-00000,,,,,,,,,,,,,,,,,,N/A,,,N/A,,,Missing,,,N/A,,,,,,,,,,,,,Missing,,,,
213,,,,,Inactive,,,CIR002,CIREBRON TRADING INC.,"9/F SAGE HOUSE 110 VA RUFINO ST., LEGASPI VILLAGE, MAKATI CITY",****,007-099-443-00000,,MS. LANI,,,,,,,,,,,,,,,,N/A,,,N/A,,,Missing,,,N/A,,,,,,,,,,,,,Missing,,,,
214,,,,,Inactive,,,CIT001,CITRIX,,****,000-000-000-00100,,,,,,,,,,,,,,,,,,N/A,,,N/A,,,Missing,,,N/A,,,,,,,,,,,,,Missing,,,,
215,,,,,Inactive,,,CIT001-NT,CT CITIMOTORS INC,PASONG TAMO CORNER,****,000-113-791-00000,,,,,,,,,,,,,,,,,,N/A,,,N/A,,,Missing,,,N/A,,,,,,,,,,,,,Missing,,,,
216,,,,,Inactive,,,CIT002,CITYLIGHT TELECOM CENTRE,"UNIT 102, JAFER PLACE BLDG., #19 EISENHOWER ST. NORTH GREENHILLS SAN JUAN CITY",****,107-437-953-00000,,ADRIAN L. QUIJADA,,,,,,,,,,,,,,,,N/A,,,N/A,,,Missing,,,N/A,,,,,,,,,,,,,Missing,,,,
217,,,,,Inactive,,,CJF001,CJF VISMIN 88 CORP.,"DR#3 MAYFLOWER APT. MABINI ST.,",****,009-667-485-00500,,,,,,,,,,,,,,,,,,N/A,,,N/A,,,Missing,,,N/A,,,,,,,,,,,,,Missing,,,,
218,,,,,Inactive,,,CJR001,CJRS CCTV INSTALLATION SERVICES,PRK 9 SOUTHERN DAVAO PANABO CITY,****,421-249-196-00000,,,,,,,,,,,,,,,,,,N/A,,,N/A,,,Missing,,,N/A,,,,,,,,,,,,,Missing,,,,
219,,,,,Inactive,,,CLA001,CLARI-TRADE MULTI DISTRIBUTION INC.,384-B E. RODRIGUEZ SR. AVENUE           CUBAO,****,007-356-982-00000,,,,,,,,,,,,,,,,,,N/A,,,N/A,,,Missing,,,N/A,,,,,,,,,,,,,Missing,,,,
220,,,,,Inactive,,,CLA002-NT,CLARI-TRADE MULTI DISTRIBUTION INC.,384-B E. RODRIGUEZ SR. AVENUE CUBAO,****,007-356-982-00000,,,,,,,,,,,,,,,,,,N/A,,,N/A,,,Missing,,,N/A,,,,,,,,,,,,,Missing,,,,
221,,,,,Inactive,,,CLE001,CLEVERBRIDGE GMBH,"GEREONSTR. 43-65 50670, COLOGNE, GERMANY",****,000-000-000-00000,,,,,,,,,,,,,,,,,,N/A,,,N/A,,,Missing,,,N/A,,,,,,,,,,,,,Missing,,,,
222,3,Low Activity,2,,Pending,Supplier-Foreign,Regular,CLO001,"CLOUDFLARE, INC.",101 TOWNSEND ST. SAN FRANCISCO CA 94107,****,000-000-000-00000,,FLOR NUAS,,,enterprise@cloudflare.com,,,,,,,,,,,,,N/A,,,N/A,,,Missing,,,N/A,,,,,,,,,,,,,Missing,,,,
223,,,,"AFS
GIS- due for update in 30 days
Import Permit",Incomplete,Courier-NT,Regular,CLO002-NT,CLOVERXPRESS FREIGHT INC.,BLK 11 LOT 51 HEART FOUNDATION SANJA MAYOR  4108 TANZA CAVITE PHILIPPINES,,679-402-544-00000,,HARVEY PONCE,,,,Not yet,No,No,No,Yes,Yes,Yes,Yes,,,,9-Sep-2026,Expiring Soon,0,,N/A,,31-Dec-2026,Current,113,,N/A,,Yes,Yes,N/A,,,,,,,,,Missing,,,,
224,,,,,Inactive,,,CMS001-NT,CMSA AIRCON & REFRIGERATION SERVICES,BLK 1 LOT 14 FEDERAL ST. VIOLAGO HOMES BAGONG SILANGAN QUEZON CITY 1119,****,249-047-535-00000,,,,,,,,,,,,,,,,,,N/A,,,N/A,,,Missing,,,N/A,,,,,,,,,,,,,Missing,,,,
225,4,Low Activity,4,Reseller | Local | Active | Network Infrastructure & IT Solutions Provider,Pending,Supplier-Local,Regular,CNW01,CANWEST NETWORK SOLUTIONS INC,LEVEL 26A 26/F RUFINO PACIFIC TOWER 6784 AYALA AVE COR VA RUFINO ST SAN LORENZO  MAKATI CITY,****,010-374-321-00000,,SHERWEN COVEN,,,,,,,,,,,,,,,,N/A,,,N/A,,,Missing,,,N/A,,,,,,,,,,,,,Missing,,,,
226,,,,,Inactive,,,COG001,COGNETICS INC,232 JUAN LUNA ST,****,007-088-504-00000,,,,,,,,,,,,,,,,,,N/A,,,N/A,,,Missing,,,N/A,,,,,,,,,,,,,Missing,,,,
227,,,,,Inactive,,,COG001-NT,COGNETICS INC,RM. 435 4TH FLR. PADILLA DE  LOS REYES BLDG. 232 JUAN LUNA ST. BRGY 289 ZONE 27 BINONDO MANILA,****,007-088-504-00000,,CONTACT,,0000,,,,,,,,,,,,,,N/A,,,N/A,,,Missing,,,N/A,,,,,,,,,,,,,Missing,,,,
228,4,Low Activity,2,"Software Vendor | Foreign | Active | Enterprise Backup, Recovery & Cyber Resilience Solutions",Pending,Supplier-Foreign,Regular,COH001,"COHESITY, INC.","SANTA CLARA, CALIFORNIA, UNITED STATES",****,000-000-000-00000,,MOHIT ARON,,,,,,,,,,,,,,,,N/A,,,N/A,,,Missing,,,N/A,,,,,,,,,,,,,Missing,,,,
229,,,,,Inactive,,,COL001,COLD FUSION INC.,232 JUAN LUNA ST,****,601-283-837-00000,,ARIES CARRIEDO,,09177240223,,,,,,,,,,,,,,N/A,,,N/A,,,Missing,,,N/A,,,,,,,,,,,,,Missing,,,,
230,,,,,Inactive,,,COL001-NT,COLENT MARKETING PHILS. INC.,"46 STA ROSA ST., MANRESA QUEZON CITY",****,006-358-064-00000,,,,,,,,,,,,,,,,,,N/A,,,N/A,,,Missing,,,N/A,,,,,,,,,,,,,Missing,,,,
231,4,Low Activity,8,Reseller | Local | Active | IT Solutions & Systems Integration Provider,Pending,Supplier-Local,Regular,COL002,"COLUMBIA TECHNOLOGIES, INC.",1136-1146 JULIO NAKPIL STREET MALATE MANILA 1004,****,002-839-013-00000,,JOAN MARIBAO,,,,,,,,,,,,,,,,N/A,,,N/A,,,Missing,,,N/A,,,,,,,,,,,,,Missing,,,,
232,,,,,Inactive,,,COL002-NT,COLD FUSION INC.,232 JUAN LUNA ST,****,601-283-837-00000,,ARIES CARRIEDO,,09177240223,,,,,,,,,,,,,,N/A,,,N/A,,,Missing,,,N/A,,,,,,,,,,,,,Missing,,,,
233,4,Low Activity,2,Reseller | Local | Active | Enterprise IT Solutions & Systems Integration Provider,Pending,Supplier-Local,Regular,COM001,"COMPUTRADE TECHNOLOGY PHILIPPINES, INC.","8TH FLOOR  ARMSTRONG  CORPORATE CENTER 134 H.V DELA COSTA ST SALCEDO VILLAGE BEL-AIR 1227, MAKATI CI",****,008-630-962-00000,,,,,,,,,,,,,,,,,,N/A,,,N/A,,,Missing,,,N/A,,,,,,,,,,,,,Missing,,,,
234,,,,,Inactive,,,COM002,COMCLARK NETWORK AND TECHNOLOGY CORPORATION,MANUEL A ROXAS HI-WAY CLARKFIELD PAMPANGA,****,005-311-735-00000,,,,,,,,,,,,,,,,,,N/A,,,N/A,,,Missing,,,N/A,,,,,,,,,,,,,Missing,,,,
235,3,Low Activity,39,Distributor | Telecommunications & Telephony Products,Pending,Supplier-Local,Regular,COM003,"COMLAN, INC","R503 ENTERPRISE BLDG 524 Q. PAREDES ST. BRGY 289 ZONE 27 BINONDO, MANILA CITY",****,002-115-740-00000,,,,,,,,,,,,,,,,,,N/A,,,N/A,,,Missing,,,N/A,,,,,,,,,,,,,Missing,,,,
236,,,,,Inactive,,,COM004-NT,COMMONWEALTH INSURANCE COMPANY,"DONATO M. PISON AVENUE, BRGY. SAN RAFAEL,",****,000-445-883-01700,,,,,,,,,,,,,,,,,,N/A,,,N/A,,,Missing,,,N/A,,,,,,,,,,,,,Missing,,,,
237,,,,,Inactive,,,COM005,COMPUTING TECHNOLOGY INDUSTRY ASSOCIATION,,****,000-000-000-00000,,,,,,,,,,,,,,,,,,N/A,,,N/A,,,Missing,,,N/A,,,,,,,,,,,,,Missing,,,,
238,,,,,Inactive,,,COM006,"COMMERCE ASIA, INC.",2/F VASQUEZ MADRIGAL PLAZA,****,002-286-284-00100,,,,,,,,,,,,,,,,,,N/A,,,N/A,,,Missing,,,N/A,,,,,,,,,,,,,Missing,,,,
239,3,Low Activity,39,Distributor | Telecommunications & Telephony Products,Pending,Supplier-Local-NT,Regular,COM007-NT,"COMLAN, INC","R503 ENTERPRISE BLDG 524 QUINTIN PAREDES ST. BINONDO, MANILA",****,002-115-740-00000,,,,,,,,,,,,,,,,,,N/A,,,N/A,,,Missing,,,N/A,,,,,,,,,,,,,Missing,,,,
240,4,Low Activity,1,Reseller | Local | Active | IT Products & Marketing Solutions Provider,Pending,Supplier-Local,Regular,COM013,COMPUTER GRAPHICS INTEGRATED MARKETING CORP.,25 GILMORE AVE NEW MANILA BRGY VALENCIA QUEZON CITY 1112,****,009-860-827-000,,Alvin Guerrero,,,,,,,,,,,,,,,,N/A,,,N/A,,,Missing,,,N/A,,,,,,,,,,,,,Missing,,,,
241,,,,Double Entry,,Supplier-Local,Regular,COM015,COMPUTER GRAPHICS INTEGRATED MARKETING CORP.,25 GILMORE AVE NEW MANILA BRGY VALENCIA,****,009-860-827-000,,RITCHIE E LAO,,09175553063,,,,,,,,,,,,,,N/A,,,N/A,,,Missing,,,N/A,,,,,,,,,,,,,Missing,,,,
242,,,,,Inactive,,,CON001-NT,CONCEPTRADE INDUSTRIES CORPORATION,#16 UNITED GLORIETTA SUBD C RAYMUNDO AVE CANIOGAN PASIG CITY,****,004-510-184-00000,,,,,,,,,,,,,,,,,,N/A,,,N/A,,,Missing,,,N/A,,,,,,,,,,,,,Missing,,,,
243,,,,,Inactive,,,CON002-NT,CONDESA STATIONERY INC,"611CONDESA ST., BRGY 288 ZONE 27 BINONDO MANILA",****,002-824-418-00000,,,,,,,,,,,,,,,,,,N/A,,,N/A,,,Missing,,,N/A,,,,,,,,,,,,,Missing,,,,
244,,,,,Inactive,,,CON003,CONTINUUM TECHNOLOGY CORPORATION,82D E. RODRIGUEZ SR. AVE  DONA AURORA,****,005-375-216-00000,,,,,,,,,,,,,,,,,,N/A,,,N/A,,,Missing,,,N/A,,,,,,,,,,,,,Missing,,,,
245,,,,,Inactive,,,CON004-NT,CONVERGE INFORMATION AND COMMUNICATIONS TECHNOLOGY SOLUTIONS INC,"99 RELIANCE CENTER, E. RODRIGUEZ JR AVE., UGONG, PASIG CITY",****,006-895-049-00100,,,,,,,,,,,,,,,,,,N/A,,,N/A,,,Missing,,,N/A,,,,,,,,,,,,,Missing,,,,
246,,,,,Inactive,,,CON005,CHIAMBROS INC,"EX 327-328 SM CITY ILOILO DIVERSION ROAD, MANDURRIAO ILOILO CITY",****,005-981-177-00100,,,,,,,,,,,,,,,,,,N/A,,,N/A,,,Missing,,,N/A,,,,,,,,,,,,,Missing,,,,
247,,,,,Inactive,,,CON006,"CONCEPT STORE, INC.",3/F PRIMER STAR CENTER 2282 LEON GUINTO ST,****,201-562-133-00000,,,,,,,,,,,,,,,,,,N/A,,,N/A,,,Missing,,,N/A,,,,,,,,,,,,,Missing,,,,
248,,,,,Inactive,,,CON007-NT,CONRAD TJADEO V. DOMINGO,,****,202-136-210-00000,,,,,,,,,,,,,,,,,,N/A,,,N/A,,,Missing,,,N/A,,,,,,,,,,,,,Missing,,,,
249,,,,,Inactive,,,CON008-NT,CONLY-CLEM MARKETING,,****,225-319-452-00000,,,,,,,,,,,,,,,,,,N/A,,,N/A,,,Missing,,,N/A,,,,,,,,,,,,,Missing,,,,
250,,,,,Inactive,,,CON009-NT,CONSUMER ASIA PUBLISHING HOUSE,"RM. 301, 004 EULOGIO ST. DON FABIAN BRGY. COMMONWEALTH, QUEZON CITY",****,235-966-513-00000,,,,,,,,,,,,,,,,,,N/A,,,N/A,,,Missing,,,N/A,,,,,,,,,,,,,Missing,,,,
251,,,,,Inactive,,,CON010,CONCEPCION-CARRIER AIR CONDITIONING COMPANY,"LISP 1 ENERGY ST. CORNER MAIN AVE BO. DIEZMO, CABUYAO CITY, LAGUNA 4025",****,200-512-491-00012,,,,,,,,,,,,,,,,,,N/A,,,N/A,,,Missing,,,N/A,,,,,,,,,,,,,Missing,,,,
252,,,,,Inactive,,,CON011,CONSIGAS LIMITED,6-9 TRINITY STREET DUBLIN DO2 EY47 IRELAND,****,IE297730TH,,,,,,,,,,,,,,,,,,N/A,,,N/A,,,Missing,,,N/A,,,,,,,,,,,,,Missing,,,,
253,4,Low Activity,8,Service Provider | Telecommunications / ISP | Fiber Internet & ICT Solutions,Pending,Supplier-Local,Regular,CON017,"CONVERGE INFORMATION AND COMMUNICATIONS TECHNOLOGY SOLUTIONS, INC.",NEW STREET BUILDING MAC ARTHUR HIGHWAY BALIBAGO 2009 ANGELES CITY PAMPANGA PHILIPPINES,****,006-895-049-00000,,LALA VENTURINA,,09178289081,,,,,,,,,,,,,,N/A,,,N/A,,,Missing,,,N/A,,,,,,,,,,,,,Missing,,,,
254,,,,,Inactive,,,COP001,COPIERONLINE PHILIPPINES INC.,G/F UNIT 132 RAINTREE MALL GEN. MAXILOM AVE. SANTA CRUZ,****,007-260-956-00001,,JOEL VILLARIN,,,,,,,,,,,,,,,,N/A,,,N/A,,,Missing,,,N/A,,,,,,,,,,,,,Missing,,,,
255,,,,,Inactive,,,COR001,CORNELIO RESMA,818 AMARILLO MAUWAY MANDALUYONG CITY,****,202-296-474-00000,,,,,,,,,,,,,,,,,,N/A,,,N/A,,,Missing,,,N/A,,,,,,,,,,,,,Missing,,,,
256,4,Low Activity,3,Pending Verification,Pending,,Regular,COR001-NT,"CORALES, ROWENA ESTANDIAN",665 B RONQUILLO STREET QUIAPO MANILA,****,253-984-764-000,,john ray,,,,,,,,,,,,,,,,N/A,,,N/A,,,Missing,,,N/A,,,,,,,,,,,,,Missing,,,,
257,,,,,Inactive,,,COS001,"COSMOTECH PHILS., INC.",7761 SAINT PAUL ST SAN ANTONIO VILLAGE,****,006-506-065-00000,,,,,,,,,,,,,,,,,,N/A,,,N/A,,,Missing,,,N/A,,,,,,,,,,,,,Missing,,,,
258,,,,,Inactive,,,CRA001,CRAYON SOFTWARE EXPERTS PHILIPPINES INC,"11F NET ONE CENTER BLDG.                26TH CORNER 3RD STREETS, BGC",****,008-992-378-00000,,,,,,,,,,,,,,,,,,N/A,,,N/A,,,Missing,,,N/A,,,,,,,,,,,,,Missing,,,,
259,,,,,Inactive,,,CRE001,CREATIVE NATION BUILDERS ENTERPRISE CO.,U-C19 CENTRO 1 CENTROPOLIS COMMUNITIES VILLONCO  ST COR VILLASAM ST SUCAT,****,007-307-438-00000,,MARK PERALTA,,09175388983,,,,,,,,,,,,,,N/A,,,N/A,,,Missing,,,N/A,,,,,,,,,,,,,Missing,,,,
260,,,,,Inactive,,,CRE001-NT,CREST FORWARDERINC.,"2556 UNIT D MARIAN BLDG., G. DEL PILAR COR. P. OCAMPO SR. STS., BRGY 759 ZONE 82 DIST V MALATE",****,240-749-332-00100,,,,,,,,,,,,,,,,,,N/A,,,N/A,,,Missing,,,N/A,,,,,,,,,,,,,Missing,,,,
261,,,,,Inactive,,,CRI001-NT,"CRIF PHILIPPINES, INC.","7/F GREPALIFE BLDG., 221 SEN GIL PUYAT AVE.,",****,236-871-410-00000,,,,,,,,,,,,,,,,,,N/A,,,N/A,,,Missing,,,N/A,,,,,,,,,,,,,Missing,,,,
262,,,,,Inactive,,,CRU001,"CRUZ, JOHN REGGIE MESINA",MRA COMMERCIAL BUILDING PLAZANG LUMA 2012 ARAYAT PAMPANGA PHILIPPINES,****,391-514-385-00000,,John Reggie Cruz,,,,,,,,,,,,,,,,N/A,,,N/A,,,Missing,,,N/A,,,,,,,,,,,,,Missing,,,,
263,,,,,Inactive,,,CRU001-NT,"CRUZ, ANIKKA LOUISE LOPEZ",TALA ORANI BATAAN 2112,****,493-980-344-000,,MYRA,,,,,,,,,,,,,,,,N/A,,,N/A,,,Missing,,,N/A,,,,,,,,,,,,,Missing,,,,
264,,,,,Inactive,,,CRZ001-NT,CRZTY MCELN TRANSPORT SERVICES INC,BLOCK 33 LOT 34 PHASE 1B SPARROW LANE CORNER STORK CIRCLE BRGY MALILIT STA ROSA CITY LAGUNA,****,010-486-493-000,,roselle jaminto,,,,,,,,,,,,,,,,N/A,,,N/A,,,Missing,,,N/A,,,,,,,,,,,,,Missing,,,,
265,4,Low Activity,34,Reseller |IT solutions provider,Pending,Supplier-Local,Regular,CTC001,CTC SOLUTIONS TECHNOLOGY INC.,UNIT 82-C 3/F E RODRIGUEZ SR. AVE DONA AURORA 1101 QUEZON CITY NCR SECOND DISTRICT,****,010-393-332-00000,,Queenie Reyes,,09270810211,,,,,,,,,,,,,,N/A,,,N/A,,,Missing,,,N/A,,,,,,,,,,,,,Missing,,,,
266,3,Low Activity,196,8-14-26: AFS/Import Permit/Product Profile/Proof of Present Address,Incomplete,Supplier-Local,Regular,CTD001,CTDISTRI INC.,"3/F GILMORE IT CENTER, GILMORE ST. VALENCIA 1112  QUEZON CITY NCR, SECOND DISTRICT PHILIPPINES",,648-836-320-00000,,Jojie B. Bacusa,Sales Specialist,639158777591,jbacusa@claritrade.ph,Not yet,No,No,No,Yes,Yes,Yes,Yes,31-Dec-2024,For Update,-617,27-Jan-2027,Current,140,,N/A,,5-Feb-2027,Current,149,,N/A,,,,N/A,N/A,,,,,,,,Missing,,,,
267,3,Low Activity,196,8-14-26: AFS/Import Permit/Product Profile/Proof of Present Address,Incomplete,Supplier-Local-NT,Regular,CTD001-NT,CTDISTRI INC.,"3/F GILMORE IT CENTER, GILMORE ST. VALENCIA 1112  QUEZON CITY NCR, SECOND DISTRICT PHILIPPINES",,648-836-320-00000,,Jojie B. Bacusa,Sales Specialist,639158777591,jbacusa@claritrade.ph,Not yet,No,No,No,Yes,Yes,,,31-Dec-2024,For Update,-617,,N/A,,,N/A,,5-Feb-2027,Current,149,,N/A,,,,N/A,N/A,,,,,,,,Missing,,,,
268,,,,,Inactive,,,CTR002-NT,"CENTER FOR GLOBAL BEST PRACTICES FOUNDATION, INC","KING'S BLDG. 1 PENARANDA ST. BRGY. 31, BAYBAY LEGAZOI CITY",****,005-769-988-000,,Ms. Aiza,,,,,,,,,,,,,,,,N/A,,,N/A,,,Missing,,,N/A,,,,,,,,,,,,,Missing,,,,
269,,,,,Inactive,,,CUA001,"CUA, ALFREDO JR CHUA",REAL CORNER P GOMEZ STS BARANGAY 27 6500 TACLOBAN CITY (CAPITAL) LEYTE,****,108-937-127-00000,,Vilma Gamba,,,,,,,,,,,,,,,,N/A,,,N/A,,,Missing,,,N/A,,,,,,,,,,,,,Missing,,,,
270,4,Low Activity,5,IT Infrastructure / Data Center Support / Maintenance Services,Pending,Supplier-Foreign,Regular,CUR001,CURVATURE SOLUTIONS PTE. LTD,"20 Changi Business Park Central 2, Rigel Innovation Center #05-01 Singapore 486031",****,000-000-000-00000,,KIAT YONG,,,,,,,,,,,,,,,,N/A,,,N/A,,,Missing,,,N/A,,,,,,,,,,,,,Missing,,,,
271,,,,,Inactive,,,CYB001,CYBER ACOUSTICS (HK) LIMITED,1 QUEEN ROAD CENTRAL HONGKONG,****,000-000-000-00000,,STEVE SERICKSON,,09175811296,,,,,,,,,,,,,,N/A,,,N/A,,,Missing,,,N/A,,,,,,,,,,,,,Missing,,,,
272,,,,,Inactive,,,CYB002,CYBERCLOUD INSTITUTE INC.,#4 EL DORADO  SUBDIVISION GOV M CUENCO AVENUE BANILAD  CEBU CITY,****,009-789-203-000,,Clarkloui Ibanez,,,,,,,,,,,,,,,,N/A,,,N/A,,,Missing,,,N/A,,,,,,,,,,,,,Missing,,,,
273,4,Low Activity,1,Service Provider | Cybersecurity Training Provider | Cybersecurity Training & Certification,Pending,Supplier-Foreign,Regular,CYB004,"CYBERDEFENDERS, INC","651 N BOARD ST SUITE 206 MIDDLETOWN, DELAWARE 19709 USA",****,000-000-000-00000,,Abdelrhman Saleh,,,,,,,,,,,,,,,,N/A,,,N/A,,,Missing,,,N/A,,,,,,,,,,,,,Missing,,,,
274,,,,,Inactive,,,D&P001-NT,D&P MEDICAL EQUIPMENT AND SUPPLIES TRADING,"UNIT 907A WEST TOWER PSE BUILDING,",****,482-135-974-00000,,,,,,,,,,,,,,,,,,N/A,,,N/A,,,Missing,,,N/A,,,,,,,,,,,,,Missing,,,,
275,,,,,Inactive,,,DAI001,DAI-ICHI ELECTRONICS MANUFACTURING CORPORATION,"160 F MARIANO AVE., DELA PAZ, PASIG CITY",****,000-280-917-000,,Rholan Willford Go,,,,,,,,,,,,,,,,N/A,,,N/A,,,Missing,,,N/A,,,,,,,,,,,,,Missing,,,,
276,,,,,Inactive,,,DAN001-NT,DANILO ALEROSO JR,,****,215-100-800-00000,,,,,,,,,,,,,,,,,,N/A,,,N/A,,,Missing,,,N/A,,,,,,,,,,,,,Missing,,,,
277,,,,,Inactive,,,DAT001,"DATASPHERE TECHNOLOGIES, INC.","G/F F, PHOENIX SUN BUSINESS PARK        E. RODRIGUEZ JR. AVE., LIBIS",****,008-311-427-00000,,,,,,,,,,,,,,,,,,N/A,,,N/A,,,Missing,,,N/A,,,,,,,,,,,,,Missing,,,,
278,,,,,Inactive,,,DAT001-NT,DATACONNECT NETWORK SERVICES INC,L&R BLDG KM 4 JP LAUREL AVENUE BAJADA BARANGAY 20-B (POB) POBLACION DISTRICT 8000 DAVAO CITY,****,772-738-058-00025,,A,,,,,,,,,,,,,,,,N/A,,,N/A,,,Missing,,,N/A,,,,,,,,,,,,,Missing,,,,
279,,,,,Inactive,,,DAT002,"DATUMSTRUCT PHILIPPINES, INC","24A CHATHAM HOUSE   116 VALERO COR RUFINO STS.,             SALCEDO VILLAGE 1227",****,242-527-656-00000,,,,,,,,,,,,,,,,,,N/A,,,N/A,,,Missing,,,N/A,,,,,,,,,,,,,Missing,,,,
280,,,,,Inactive,,,DAT003,DATA PLUS IT SOLUTIONS,SOCORRO 3,****,210-672-997-00000,,,,,,,,,,,,,,,,,,N/A,,,N/A,,,Missing,,,N/A,,,,,,,,,,,,,Missing,,,,
281,4,Low Activity,3,Reseller | Foreign | Active | Enterprise Data & AI Platform Provider,Pending,Supplier-Foreign,Regular,DAT004,"DATABRICKS, INC.","San Francisco, California, United States",****,000-000-000-000,,WEBSITE,,,,,,,,,,,,,,,,N/A,,,N/A,,,Missing,,,N/A,,,,,,,,,,,,,Missing,,,,
282,4,Low Activity,2,"Supplier | Active | Printing, Business Forms & Security Documents Provider",Pending,Supplier-Local-NT,Regular,DAT004-NT,"DATA COMPUTER FORMS, INC.",84-86 DOMINGO M. GUEVARA STREET MAUWAT MANDALUYONG CITY,****,000-052-924-00000,,,,,,,,,,,,,,,,,,N/A,,,N/A,,,Missing,,,N/A,,,,,,,,,,,,,Missing,,,,
283,4,Low Activity,8,"System Integrator | ICT, Structured Cabling & Security Systems",Accredited,Subcontructor,Regular,DAT005,DATALEC TECHNOLOGY CORPORATION,1884 MILAGROS ST VALENZUELA 1208 MAKATI CITY PHILIPPINES,,206-849-994-00000,,Micaela Suzanne Arce,Finance Officer,639176228051,ms.arce@datalec.ph,4-Jun-2026,Yes,Yes,Yes,Yes,Yes,Yes,,31-Dec-2025,Current,-252,29-Jun-2027,Current,293,,N/A,,31-Dec-2026,Current,113,,N/A,,Yes,Yes,N/A,N/A,,,,,,,,Missing,,,,
284,,,,,Inactive,,,DAV001-NT,"DAVAO LIGHT AND POWER CO., INC.","ABOITIZ CORPORATE CENTER BLDG., GOV. MANUEL CUENCO AVE., KASAMBANGAN, CEBU CITY",****,000-553-043-00003,,,,,,,,,,,,,,,,,,N/A,,,N/A,,,Missing,,,N/A,,,,,,,,,,,,,Missing,,,,
285,,,,,Inactive,,,DAV002,DAVAO BASIC STEEL INDUSTRIES INC,71 BUHANGIN ROAD DAVAO CITY,****,005-987-742-00000,,,,,,,,,,,,,,,,,,N/A,,,N/A,,,Missing,,,N/A,,,,,,,,,,,,,Missing,,,,
286,,,,,Inactive,,,DAV002-NT,DAVAO SUNNY VALLEY PROPERTIES CORP.,"MSI-ECS COMPLEX , M. EUSEBIO STREET BRGY SAN MIGUEL, PASIG CITY",****,006-387-221-000,,Roanna Seng,,,,,,,,,,,,,,,,N/A,,,N/A,,,Missing,,,N/A,,,,,,,,,,,,,Missing,,,,
287,,,,,Inactive,,,DAV003,DAVAO FUTUREBRIGHT ENTERPRISES,168 5TH ST ECOLAND P2 MATINA DAVAO CITY,****,005-987-742-00000,,,,,,,,,,,,,,,,,,N/A,,,N/A,,,Missing,,,N/A,,,,,,,,,,,,,Missing,,,,
288,,,,,Inactive,,,DAV004,DAVAO PHOTO-DIGI CORPORATION,"2F EA 217 SM CITY DAVAO COR TULIP & ECOWEST DRIVE, ECOLAND BRGY. BUCANA TALAMO DISTRICT DAVAO CITY",****,005-987-742-00000,,,,,,,,,,,,,,,,,,N/A,,,N/A,,,Missing,,,N/A,,,,,,,,,,,,,Missing,,,,
289,,,,,Inactive,,,DCT001-NT,DCTECH MICRO SERVICES INC,"DC TECH BLDG. CAYETANO BANGOY ST., POBLACION DIST 1 DAVAO CITY",****,003-375-571-00000,,,,,,,,,,,,,,,,,,N/A,,,N/A,,,Missing,,,N/A,,,,,,,,,,,,,Missing,,,,
290,,,,,Inactive,,,DDL001,DDLS PHILIPPINES,,****,010-342-131-00000,,,,,,,,,,,,,,,,,,N/A,,,N/A,,,Missing,,,N/A,,,,,,,,,,,,,Missing,,,,
291,,,,,Inactive,,,DEA001-NT,DE-ACES OFFICE ENTERPRISES,A-124 PAG ASA ST CANIOGAN PASIG CITY,****,934-683-682-00000,,,,,,,,,,,,,,,,,,N/A,,,N/A,,,Missing,,,N/A,,,,,,,,,,,,,Missing,,,,
292,,,,,Inactive,,,DEB001NT,"DE BELEN, JOVNEL ALEGRE",127 C LLAMADO ST ASIS 11 MENDEZ -NUNEZ CAVITE 4121,****,247-411-462-000,,"DE BELEN, JOVNEL ALEGRE",,,,,,,,,,,,,,,,N/A,,,N/A,,,Missing,,,N/A,,,,,,,,,,,,,Missing,,,,
293,,,,,Inactive,,,DEF001,DEFINITIVE AUDIO VIDEO SOLUTIONS INCORPORATED,"81 SENEGAL ST., GREENHEIGHTS SUBD., NANGKA, MARIKINA CITY 1820",****,008-699-661-000,,APRIL CAADIANG,,,,,,,,,,,,,,,,N/A,,,N/A,,,Missing,,,N/A,,,,,,,,,,,,,Missing,,,,
294,4,Low Activity,1,Manufacturer,Pending,Supplier-Local,Regular,DEL001,DELTA STAR POWER MANUFACTURING  CORP,"1613 SAMUEL STREET, JORDAN PLAINES SUBDIVISION, BARANGAY STA. MONICA, NOVALICHES, QUEZON CITY 1123, METRO MANILA, PHILIPPINES",****,004-833-813-00000,,,,,,,,,,,,,,,,,,N/A,,,N/A,,,Missing,,,N/A,,,,,,,,,,,,,Missing,,,,
295,,,,,Inactive,,,DEL002,DELL TECHNOLOGIES PHILIPPINES INC.,BONIFACIO HIGH STREET WORLD PLAZA  5TH  AVE. TAGUIG METRO MANILA,****,000-000-000-00100,,Carla Marticio,,09175120854,,,,,,,,,,,,,,N/A,,,N/A,,,Missing,,,N/A,,,,,,,,,,,,,Missing,,,,
296,,,,,Inactive,,,DEL012-NT,"DE LA SALLE LIPA, INC.",NATIONAL HGHWAY MATAAS NALUPA LIPA CITY BATANGGAS 4217,****,002-030-925-000,EDUCATION,GAIL JONAS VELASCO,,09175122426,,,,,,,,,,,,,,N/A,,,N/A,,,Missing,,,N/A,,,,,,,,,,,,,Missing,,,,
297,,,,,Inactive,,,DEL016-NT,"DELOS REYES, WINNIE GUILLEPA",BLK 2 LOT PH2 RIZAL TECHNO SAN JUAN 1920 TAYTAY RIZAL PHILIPPINES,****,278-913-335-00000,,SALES ASSOCIATE,,,,,,,,,,,,,,,,N/A,,,N/A,,,Missing,,,N/A,,,,,,,,,,,,,Missing,,,,
298,,,,,Inactive,,,DER001,DERMALOG IDENTIFICATION SYSTEM GMBH,LEVEL 5 REGUS GATEWAY TWR GEN. ROXAS COR. GEN. AGUINALDO AVENUE ARANETA CENTER SOCORRO QUEZON CITY,****,009-764-115-00000,,,,,,,,,,,,,,,,,,N/A,,,N/A,,,Missing,,,N/A,,,,,,,,,,,,,Missing,,,,
299,4,Low Activity,1,Pending Verification,Pending,,Regular,DEV001,"DE VERA, ELIZABETH SY",102 BIGLANG AWA ST NEAR 12TH AVENUE BARANGAY 98 DISTRICT 2 1400 CALOCAN CITY NCR THIRD DISTRICT,****,203-257-476-00000,,"DE VERA, ELIZABETH SY",,,,,,,,,,,,,,,,N/A,,,N/A,,,Missing,,,N/A,,,,,,,,,,,,,Missing,,,,
300,,,,,Inactive,,,DHA001,DHANS GADGET SHOP,2F TAN BLDG LACSON ST BO OBRERO BRGY 18B POBLACION DIST DAVAO CITY,****,297-460-388-00000,,,,,,,,,,,,,,,,,,N/A,,,N/A,,,Missing,,,N/A,,,,,,,,,,,,,Missing,,,,
301,,,,,Inactive,,,DHL001-NT,DHL EXPRESS (PHILIPPINES) CORP.,2306 CHINO ROCES AVENUE,****,212-186-731-00000,,,,,,,,,,,,,,,,,,N/A,,,N/A,,,Missing,,,N/A,,,,,,,,,,,,,Missing,,,,
302,,,,,Inactive,,,DIA001-NT,DIANE CO. GARMENTS MANUFACTURING,"818 PABELLA ST., PLAINVIEW, MANDALUYONG CITY",****,256-922-420-000,,DIANE DEL PRADO,,,,,,,,,,,,,,,,N/A,,,N/A,,,Missing,,,N/A,,,,,,,,,,,,,Missing,,,,
303,,,,,Inactive,,,DIG001,DIGIDATA SYSTEMS & SUPPLIES CORP,137 D TUAZON LOURDES SMH,****,008-048-074-00000,,,,,,,,,,,,,,,,,,N/A,,,N/A,,,Missing,,,N/A,,,,,,,,,,,,,Missing,,,,
304,,,,,Inactive,,,DIG002-NT,DIGITAL MOVEMENT ADVERTISING AGENCY,"111 PASEO DE ROXAS LEGASPI VILLAGE BRGY. SAN LORENZO,",****,426-643-042-00000,,,,,,,,,,,,,,,,,,N/A,,,N/A,,,Missing,,,N/A,,,,,,,,,,,,,Missing,,,,
305,,,,,Inactive,,,DIG003-NT,DIGITAL WALKER CORP.,"4/F, Bldg. B Cyberzone, SM Megamall, EDSA cor. Julia Vargas Ave., Brgy. Wack Wack, Ortigas Center",****,007-105-295-00051,,DIGITAL WALKER,,,,,,,,,,,,,,,,N/A,,,N/A,,,Missing,,,N/A,,,,,,,,,,,,,Missing,,,,
306,,,,,Inactive,,,DIG004,DIGITALL COMMS,"THE ROAD CLOCKHOUSE, 46-48 ODSAL ROAD, ODSAL, BRADFORD, WEST YORKSHIRE BD6 1AQ",****,000000000000000,,REECE LAWRENCE,,,,,,,,,,,,,,,,N/A,,,N/A,,,Missing,,,N/A,,,,,,,,,,,,,Missing,,,,
307,3,Low Activity,52,,Pending,Supplier-Local,Regular,DIG005,"DIGITAL EDGE PHILIPPINES, INC.",UNIT 10-3 10/F ONE/NEO 26TH STREET CORNER 3RD AVE FOR BONIFACIO GLOBAL CITY 1634 TAGUIG CITY NCR,****,600-186-046-00000,,DIGITAL EDGE,,,,,,,,,,,,,,,,N/A,,,N/A,,,Missing,,,N/A,,,,,,,,,,,,,Missing,,,,
308,3,Low Activity,58,,Pending,Supplier-Local-NT,Regular,DIG005-NT,"DIGITAL EDGE PHILIPPINES, INC.",UNIT 10-3 10/F ONE/NEO 26TH STREET CORNER 3RD AVE FOR BONIFACIO GLOBAL CITY 1634 TAGUIG CITY NCR,****,600-186-046-00000,,DIGITAL EDGE,,,,,,,,,,,,,,,,N/A,,,N/A,,,Missing,,,N/A,,,,,,,,,,,,,Missing,,,,
309,4,Low Activity,1,Service Provider | IT Solutions Provider | Software Development & IT Services,Pending,Supplier-Foreign,Regular,DIG006,DIGIVIGOR PRIVATE LIMITED,"NO.107/2C, THILAGAR AVENUE, 1ST MAIN ROAD, BALAIAH GARDEN, , MADIPAKKAM, Tamil Nadu, India - 600091",****,000-000-000-00000,,WEBSITE,,,,,,,,,,,,,,,,N/A,,,N/A,,,Missing,,,N/A,,,,,,,,,,,,,Missing,,,,
310,4,Low Activity,1,Pending Verification,Pending,,Regular,DIL001,"DILINILA, JOHN IRICA",L12 B2 PARKLANE SUBD GUITNANG BAYAN 11 SAN MATEO RIZAL 1820,****,223-199-401-000,,"DILINILA, JOHN IRICA",,,,,,,,,,,,,,,,N/A,,,N/A,,,Missing,,,N/A,,,,,,,,,,,,,Missing,,,,
311,,,,,Inactive,,,DME001,"DMEG, INC",,****,009-641-261-00000,,,,,,,,,,,,,,,,,,N/A,,,N/A,,,Missing,,,N/A,,,,,,,,,,,,,Missing,,,,
312,,,,,Inactive,,,DOM001-NT,DOMINADOR ASPERILLA,MANDALUYONG CITY,****,001-011-301-00000,,,,,,,,,,,,,,,,,,N/A,,,N/A,,,Missing,,,N/A,,,,,,,,,,,,,Missing,,,,
313,,,,,Inactive,,,DOM002-NT,DOMINIC TAJON,,****,000-000-000-00000,,,,,,,,,,,,,,,,,,N/A,,,N/A,,,Missing,,,N/A,,,,,,,,,,,,,Missing,,,,
314,,,,,Inactive,,,DOM003-NT,"DOMINGUEZ MARKETING COMMUNICATIONS, INC.","7/F UNIT B 8 ROCKWELL, HIDALGO DRIVE, ROCKWELL CENTER POBLACION,",****,200-084-350-00000,,,,,,,,,,,,,,,,,,N/A,,,N/A,,,Missing,,,N/A,,,,,,,,,,,,,Missing,,,,
315,,,,,Inactive,,,DOM004-NT,"DOMINGO, ADRIAN SALONGA",PUROK 5 PUYPUY 4033 BAY LAGUNA PHILIPPIENS,****,311-645-158-000,,"DOMINGO, ADRIAN SALONGA",,,,,,,,,,,,,,,,N/A,,,N/A,,,Missing,,,N/A,,,,,,,,,,,,,Missing,,,,
316,,,,,Inactive,,,DON001-NT,"DON BOSCO TECHNICAL COLLEGE, INC","736 GEN KALENTONG PAG-ASA 1550 CITY OF MANDALUYONG NCR. SECOND DISTRICT, PHLIPPINES",****,000-052-498-00000,,RECELYNN TADIPA,,,,,,,,,,,,,,,,N/A,,,N/A,,,Missing,,,N/A,,,,,,,,,,,,,Missing,,,,
317,,,,,Inactive,,,DRA001-NT,DRAGON PRIME ENTERPRISES,"109-A KAPILIGAN ST., DONA IMELDA, QUEZON CITY",****,402-687-598-000,,JOSEPH SANTOS,,,,,,,,,,,,,,,,N/A,,,N/A,,,Missing,,,N/A,,,,,,,,,,,,,Missing,,,,
318,,,,,Inactive,,,DRE001-NT,DREMZIE BATTERY,"UNIT 6, RCPJP BLDG., CENTENNIAL ROAD, (PETRON) GAHAK, KAWIT CAVITE",****,000-000-000-00000,,,,,,,,,,,,,,,,,,N/A,,,N/A,,,Missing,,,N/A,,,,,,,,,,,,,Missing,,,,
319,4,Low Activity,5,"Reseller | Active | IT Hardware, Networking & Security Solutions Provider",Pending,Supplier-Local,Regular,DRE002,DREXTECH COMPUTER ACCESSORIES SHOP,NO 51 F PASCO AVE,****,428-758-236-00000,,,,,,,,,,,,,,,,,,N/A,,,N/A,,,Missing,,,N/A,,,,,,,,,,,,,Missing,,,,
320,,,,,Inactive,,,DUE001-NT,DUEL CABATINGAN,MANDALUYONG CITY,****,702-619-551-00000,,,,,,,,,,,,,,,,,,N/A,,,N/A,,,Missing,,,N/A,,,,,,,,,,,,,Missing,,,,
321,,,,,Inactive,,,DUM001-NT,DUMLAO AND CASTILLO LAW OFFICES,6/F INSULAR HEALTH CARE BLDG 167 DELA ROSA COR LEGASPI STS LEGASPI VILLAGE SAN LORENZO NCR 4TH DIST,****,009-701-505-00000,,,,,,,,,,,,,,,,,,N/A,,,N/A,,,Missing,,,N/A,,,,,,,,,,,,,Missing,,,,
322,,,,,Inactive,,,DUN001-NT,DUN & BRADSTREET PHILIPPINES INC,4F CARGOHAUS BLDG NAIA COMPLEX BRGY VITALEZ PARANAQUE CITY,****,236-871-410-00000,,,,,,,,,,,,,,,,,,N/A,,,N/A,,,Missing,,,N/A,,,,,,,,,,,,,Missing,,,,
323,,,,,Inactive,,,DVC001,DVCDA CABLE INSTALLATION SERVICES,17K GOODWILL ST KAINGIN ROAD BRGY APOLONIO SAMSON BALINTAWAK QUEZON CITY,****,244-749-320-00000,,,,,,,,,,,,,,,,,,N/A,,,N/A,,,Missing,,,N/A,,,,,,,,,,,,,Missing,,,,
324,,,,,Inactive,,,DVR001,DVR BUILDERS AND ELECTRICAL CONTRACTOR INC,2F 5477 P SANCHEZ ST STA MESA,****,000-000-000-00000,,,,,,,,,,,,,,,,,,N/A,,,N/A,,,Missing,,,N/A,,,,,,,,,,,,,Missing,,,,
325,,,,,Inactive,,,DWI001-NT,DWIGHT BUENAVENTURA,,****,000-000-000-00000,,,,,,,,,,,,,,,,,,N/A,,,N/A,,,Missing,,,N/A,,,,,,,,,,,,,Missing,,,,
326,,,,,Inactive,,,DYG001-NT,DYGEN FOOD VENTURES INC.,FELIPE PIKE COR LANITE COR BANNER ST BAGONG ILOG PASIG CITY,****,009-473-098-00000,,,,,,,,,,,,,,,,,,N/A,,,N/A,,,Missing,,,N/A,,,,,,,,,,,,,Missing,,,,
327,,,,,Inactive,,,DYN001,DYNAMICS IT SOLUTION,UNIT4 4/F BF PARAY BLDG                 F. OSMEñA BLVD,****,242-527-656-00000,,,,,,,,,,,,,,,,,,N/A,,,N/A,,,Missing,,,N/A,,,,,,,,,,,,,Missing,,,,
328,,,,,Inactive,,,DYN001-NT,DYGEN PHARMA DISTRIBUTION CORPORATION,MEZZANINE FLOOR 405 KAMUNING ST,****,008-346-269-00000,,,,,,,,,,,,,,,,,,N/A,,,N/A,,,Missing,,,N/A,,,,,,,,,,,,,Missing,,,,
329,,,,,Inactive,,,DYN002,DYNAMIC M INTERNATIONAL TRADING INC.,,****,009-140-836-00000,,,,,,,,,,,,,,,,,,N/A,,,N/A,,,Missing,,,N/A,,,,,,,,,,,,,Missing,,,,
330,3,Low Activity,8,,Pending,Courier,Regular,EAS001,EA SUPPLY CHAIN SOLUTIONS INC.,"UNIT 10B 10F JMT CORPORATE CONDOMINIUM ADB AVE., ORTIGAS CENTER PASIG CITY",****,621-703-558-00000,,ACCOUNT,,,,,,,,,,,,,,,,N/A,,,N/A,,,Missing,,,N/A,,,,,,,,,,,,,Missing,,,,
331,,,,,Inactive,,,EAS001-NT,EASTERN TELECOMMUNICATIONS PHILIPPINES INC,TELECOMS PLAZA 316 SEN GIL PUYAT AVE SALCEDO VILLAGE MAKATI CITY,****,000-451-549-00000,,,,,,,,,,,,,,,,,,N/A,,,N/A,,,Missing,,,N/A,,,,,,,,,,,,,Missing,,,,
332,,,,,Inactive,,,EAS002-NT,EA SUPPLY CHAIN SOLUTIONS INC.,"UNIT 10B 10F JMT CORPORATE CONDOMINIUM ADB AVE., ORTIGAS CENTER PASIG CITY",****,621-703-558-00000,,ACCOUNT,,,,,,,,,,,,,,,,N/A,,,N/A,,,Missing,,,N/A,,,,,,,,,,,,,Missing,,,,
333,,,,,Inactive,,,EAS003,EASTGATE COMPUTER CORPORATION,"449 BULALAKAW ST., PLAINVIEW",****,217-085-216-000,,SUSIE DARIA,,,,,,,,,,,,,,,,N/A,,,N/A,,,Missing,,,N/A,,,,,,,,,,,,,Missing,,,,
334,,,,,Inactive,,,EAS005-NT,EAST ACEKRAFT INC.,933 ST MARY DRIVE PALMERA HILLS SUBD DOLORES POB 1920 TAYTAY RIZAL,****,008-619-351-00000,,CONTACT,,,,,,,,,,,,,,,,N/A,,,N/A,,,Missing,,,N/A,,,,,,,,,,,,,Missing,,,,
335,4,Low Activity,3,Cybersecurity Training & Certification Provider.,Pending,Supplier-Foreign,Regular,ECC001,EC COUNCIL INTERNATIONAL LIMITED,"1202 Capital Square Centre 5-19, Jardines Bazaar, Causeway Bay, Hong Kong 987987",****,000-000-000-00000,,SALES,,,,,,,,,,,,,,,,N/A,,,N/A,,,Missing,,,N/A,,,,,,,,,,,,,Missing,,,,
336,,,,,Inactive,,,ECO001,E-COPY CEBU CORPORATION,520 MERITZ BLDG ARISTON CORTEZ AVENUE,****,227-872-444-00000,,,,,,,,,,,,,,,,,,N/A,,,N/A,,,Missing,,,N/A,,,,,,,,,,,,,Missing,,,,
337,,,,,Inactive,,,ECO002,ECO-HYGIENE INSTITUTIONAL CORP.,149-A RT. REV. G. AGLIPAY,****,000-000-000-00000,,,,,,,,,,,,,,,,,,N/A,,,N/A,,,Missing,,,N/A,,,,,,,,,,,,,Missing,,,,
338,,,,,Inactive,,,ECP001,EC PANDA CITY TECHNOLOGIES INC.,405 B SM  MEGAMALL EDSA COR J VARGAS AVE. ORTIGAS CENTER WACK-WACK GREENHILLS 1550 CITY OF MANDALUYO,****,489-889-057-00068,,JORDAN SAN JOSE,,09957247329,,,,,,,,,,,,,,N/A,,,N/A,,,Missing,,,N/A,,,,,,,,,,,,,Missing,,,,
339,,,,,Inactive,,,EDD001,EDDS SCAFFOLDING SERVICES,15 LEDESMA COURT CULIAT,****,931-685-495-00000,,,,,,,,,,,,,,,,,,N/A,,,N/A,,,Missing,,,N/A,,,,,,,,,,,,,Missing,,,,
340,,,,,Inactive,,,EDM001-NT,EDMUNDO DIO JR,B1 L28 NENITA EXT. BRGY. GULOD NOVALICHES QUEZON CITY,****,000-000-000-000,,EDMUNDO DIO JR,,09422001567,,,,,,,,,,,,,,N/A,,,N/A,,,Missing,,,N/A,,,,,,,,,,,,,Missing,,,,
341,,,,,Inactive,,,EDP001,EDP SOLUTIONS CO.,BLK 4 LOT 9 PH 4 CENTRAL SPV CAMELLA MOLINO III BACOOR CAVITE,****,009-611-683-000,,,,,,,,,,,,,,,,,,N/A,,,N/A,,,Missing,,,N/A,,,,,,,,,,,,,Missing,,,,
342,4,Low Activity,22,Furniture & Appliance Supplier,Pending,Supplier-Local,Regular,EDS001,EDSA FURNITURE & APPLIANCES INC,595 EDSA CUBAO QUEZON CITY,****,000-388-232-00000,,,,,,,,,,,,,,,,,,N/A,,,N/A,,,Missing,,,N/A,,,,,,,,,,,,,Missing,,,,
343,4,Low Activity,22,Furniture & Appliance Supplier,Pending,Supplier-Local-NT,Regular,EDS002-NT,EDSA FURNITURE & APPLIANCES INC,595 EDSA CUBAO QUEZON CITY,****,000-388-232-00000,,,,,,,,,,,,,,,,,,N/A,,,N/A,,,Missing,,,N/A,,,,,,,,,,,,,Missing,,,,
344,3,Low Activity,16,Reseller | IT Solutions Provider,Pending,Supplier-Foreign,Regular,EEM01,EEMONT PRIVATE LIMITED,"G/F S.B. TOVER 1A/1, SECTOR 16A NOIDA, UTTAR PRAD 601 Macpherson Road #08-04, Grantral Complex",****,000-000-000-00000,,WENJIAN LUO,,6568659690,,,,,,,,,,,,,,N/A,,,N/A,,,Missing,,,N/A,,,,,,,,,,,,,Missing,,,,
345,,,,,Inactive,,,EFF001,EFFICO TRADING,118 1ST STREET AGAPITO SUBD.,****,129-235-220-00000,,,,,,,,,,,,,,,,,,N/A,,,N/A,,,Missing,,,N/A,,,,,,,,,,,,,Missing,,,,
346,,,,,Inactive,,,EJL001-NT,EJLK FIBERGLASS FABRICATION  SERVICES,#120 UNIT 2B K-6TH ST BRGY EAST KAMIAS QC,****,148-135-692-00000,,,,,,,,,,,,,,,,,,N/A,,,N/A,,,Missing,,,N/A,,,,,,,,,,,,,Missing,,,,
347,,,,,Inactive,,,EKA001,EKAHAU WIRELESS DESIGN,EKAHAU OY JAAKONKATU 5 00100 HELSINKI FINLAND,****,000-000-000-00000,,,,,,,,,,,,,,,,,,N/A,,,N/A,,,Missing,,,N/A,,,,,,,,,,,,,Missing,,,,
348,,,,,Inactive,,,ELA001,ELAIZAS TRUCKING SERVICES,"BLK 10 LOT 24B, ALDANA ST., R. DE LEON COR. CASTILLO ST.,",****,937-057-904-00000,,,,,,,,,,,,,,,,,,N/A,,,N/A,,,Missing,,,N/A,,,,,,,,,,,,,Missing,,,,
349,,,,,Inactive,,,ELA001-NT,ELAINE FELICIMA BRIZUELA CEDILLO,U0503 5/F GREENBELT MANSION 106 PEREA ST LEGASPI VILLAGE MAKATI CITY 1227,****,221-968-109-00000,,,,,,,,,,,,,,,,,,N/A,,,N/A,,,Missing,,,N/A,,,,,,,,,,,,,Missing,,,,
350,,,,,Inactive,,,ELE001,"ELECTROTRADE INDUSTRIES, INC.","25 GENTEC DRIVE, MAHABANG PARANG        BINANGONAN",****,009-162-505-00000,,,,,,,,,,,,,,,,,,N/A,,,N/A,,,Missing,,,N/A,,,,,,,,,,,,,Missing,,,,
351,,,,,Inactive,,,ELE002,ELECTROWORLD WALTERMART MAKATI,CHINO ROCES COR ARNAIZ ST,****,000-050-043-04900,,,,,,,,,,,,,,,,,,N/A,,,N/A,,,Missing,,,N/A,,,,,,,,,,,,,Missing,,,,
352,,,,,Inactive,,,ELE003,ELECTX ELECTRICAL SUPPLY AND GENERAL MERCHANDISE,"619 G. PUYAT ST., ZONE 030 BRGY. 309, QUIAPO,",****,100-106-329-00000,,,,,,,,,,,,,,,,,,N/A,,,N/A,,,Missing,,,N/A,,,,,,,,,,,,,Missing,,,,
353,,,,,Inactive,,,ELE004-NT,ELEKSIS MARKETING CORPORATION,"3/F BLDG A, SM MEGAMALL EDSA",****,001-420-613-003,,ELEKSIS,,6348484,,,,,,,,,,,,,,N/A,,,N/A,,,Missing,,,N/A,,,,,,,,,,,,,Missing,,,,
354,,,,,Inactive,,,ELG001-NT,ELGODOS RESTAURANT,"2529 P. GUEVARRA ST., STA CRUZ MANILA",****,203-042-173-00000,,,,,,,,,,,,,,,,,,N/A,,,N/A,,,Missing,,,N/A,,,,,,,,,,,,,Missing,,,,
355,,,,,Inactive,,,ELG002-NT,ELGRADE INCORPORATED,LOT 2 BLOCK 1-A MANGGAHAN LIGHT INDUSTRIAL PARK,****,008-925-579-00000,,,,,,,,,,,,,,,,,,N/A,,,N/A,,,Missing,,,N/A,,,,,,,,,,,,,Missing,,,,
356,,,,,Inactive,,,ELI001-NT,ELIZABETH BAYOT,,****,240-243-218-00000,,,,,,,,,,,,,,,,,,N/A,,,N/A,,,Missing,,,N/A,,,,,,,,,,,,,Missing,,,,
357,,,,,Inactive,,,ELM001-NT,ELMER MANALILI,MANDALUYONG CITY,****,219-955-926-00000,,,,,,,,,,,,,,,,,,N/A,,,N/A,,,Missing,,,N/A,,,,,,,,,,,,,Missing,,,,
358,,,,,Inactive,,,ELP001,EL PALITO GENERAL MERCHANDISE,"B1 L33 SAMPAGUITA ST., PEMBO, MAKATI CITY",****,221-533-919-00000,,,,,,,,,,,,,,,,,,N/A,,,N/A,,,Missing,,,N/A,,,,,,,,,,,,,Missing,,,,
359,,,,,Inactive,,,ELP002,EL PALITO FIRE PROTECTION SERVICES,"B1 L33 SAMPAGUITA ST., PEMBO, MAKATI CITY",****,221-533-919-00000,,,,,,,,,,,,,,,,,,N/A,,,N/A,,,Missing,,,N/A,,,,,,,,,,,,,Missing,,,,
360,,,,,Inactive,,,ELT001V,ELTS COMPUTER AND LAPTOP ACCESSORIES SHOP,"LOT 2 GILMORE STATION AURORA BLVD, VALENCIA 3 QUEZON CITY",****,476-027-530-000,RETAIL,RIZALDY SOLANO,,,NA,,,,,,,,,,,,,N/A,,,N/A,,,Missing,,,N/A,,,,,,,,,,,,,Missing,,,,
361,,,,,Inactive,,,EMC001,EMC COMPUTER SYSTEMS PHILIPPINES INC,"43 F PHILAMLIFE TOWER 8767 PASEO DE ROXAS, BEL-AIR, MAKATI",****,006-988-366-00000,,,,,,,,,,,,,,,,,,N/A,,,N/A,,,Missing,,,N/A,,,,,,,,,,,,,Missing,,,,
362,,,,,Inactive,,,EME201-NT,EMERIEVE QUIAMBAO,MANDALUYONG CITY,****,303-257-203-00000,,,,,,,,,,,,,,,,,,N/A,,,N/A,,,Missing,,,N/A,,,,,,,,,,,,,Missing,,,,
363,,,,,Inactive,,,EMP003,MIKEE ILAGAN,,****,000-000-000-00000,,,,,,,,,,,,,,,,,,N/A,,,N/A,,,Missing,,,N/A,,,,,,,,,,,,,Missing,,,,
364,,,,,Inactive,,,EMU001,EMULATE INCORPORATED,,****,000-000-000-00000,,,,,,,,,,,,,,,,,,N/A,,,N/A,,,Missing,,,N/A,,,,,,,,,,,,,Missing,,,,
365,,,,,Inactive,,,ENA001,ENABLEY LTD,DERECH MENACHEM BEGIN 11 RAMAT FGAN 5268104,****,513-730-143-000,,,,,,,,,,,,,,,,,,N/A,,,N/A,,,Missing,,,N/A,,,,,,,,,,,,,Missing,,,,
366,,,,,Inactive,,,ENA001-NT,ENABLEY LTD,DERECH MENACHEM BEGIN 11 RAMAT FGAN 5268104,****,513-730-143-000,,RAVIT ASSAYAG,,,,,,,,,,,,,,,,N/A,,,N/A,,,Missing,,,N/A,,,,,,,,,,,,,Missing,,,,
367,,,,,Inactive,,,ENG001-NT,ENGELBERTO VILLANUEVA,,****,000-000-000-00000,,,,,,,,,,,,,,,,,,N/A,,,N/A,,,Missing,,,N/A,,,,,,,,,,,,,Missing,,,,
368,,,,,Inactive,,,ENR001-NT,ENRICO CAMINCE,,****,000-000-000-00000,,,,,,,,,,,,,,,,,,N/A,,,N/A,,,Missing,,,N/A,,,,,,,,,,,,,Missing,,,,
369,,,,,Inactive,,,ENR002-NT,ENRIQUE MADARANG,MANDALUYONG CITY,****,111-882-871-00000,,,,,,,,,,,,,,,,,,N/A,,,N/A,,,Missing,,,N/A,,,,,,,,,,,,,Missing,,,,
370,,,,,Inactive,,,ENV001,ENVIRO-AID KIMBA JUNKSHOP,Kimba Barangay Cansojong 6045 Talisay City Cebu - Philippines,****,295-010-230-00000,,BETSY CARANO,,,,,,,,,,,,,,,,N/A,,,N/A,,,Missing,,,N/A,,,,,,,,,,,,,Missing,,,,
371,4,Low Activity,1,"Service Provider | Consulting Firm | Process Improvement, Sustainability & Training Solutions",Pending,Supplier-Local-NT,Regular,ENV001-NT,"ENVIRONMENTAL COMPLIANCE CONSULTANTS INTL, CORP.","8/F MONTEPINO BUILDING, 138 AMORSOLO CORS. ADELANTADO AND GAMBOA STS.,",****,005-342-522-00000,,,,,,,,,,,,,,,,,,N/A,,,N/A,,,Missing,,,N/A,,,,,,,,,,,,,Missing,,,,
372,4,Low Activity,1,"Service Provider | Consulting Firm | Process Improvement, Sustainability & Training Solutions",Pending,Supplier-Local,Regular,ENV002,"ENVIRONMENTAL COMPLIANCE CONSULTANTS INTL, CORP.","8/F MONTEPINO BUILDING, 138 ADELANTADO ST. CORNER FAMBOA STREET, LEGASPI VILLAGE, MAKATI CITY",****,005-342-522-00000,,Harvey Gaviño,,84038668,,,,,,,,,,,,,,N/A,,,N/A,,,Missing,,,N/A,,,,,,,,,,,,,Missing,,,,
373,,,,,Inactive,,,EQU001,EQUILAST INC,UNIT 1235 CITY & LAND MEGAPLAZA ADB AVE COR GARMET RD ORTIGAS CENTER BRGY SAN ANTONIO,****,009-005-416-00000,,,,,,,,,,,,,,,,,,N/A,,,N/A,,,Missing,,,N/A,,,,,,,,,,,,,Missing,,,,
374,4,Low Activity,1,Pending Verification | Undetermined | Individual / Sole Proprietor | Products/Services Undetermined,Pending,,Regular,ERE001,"EREGIA, RAY ANTHONY CASTANTE",RM 204 2ND FLR R&H HIGHWAY 70 BLDG RENTAL GEN LUN ST. BRGY INDAY ILO-ILO CITY 5000,****,941-276-879-000,,Ray Anthony Eregia,,,,,,,,,,,,,,,,N/A,,,N/A,,,Missing,,,N/A,,,,,,,,,,,,,Missing,,,,
375,,,,,Inactive,,,ERI001-NT,ERIC PASCUA,MANDALUYONG CITY,****,101-608-608-00000,,,,,,,,,,,,,,,,,,N/A,,,N/A,,,Missing,,,N/A,,,,,,,,,,,,,Missing,,,,
376,4,Low Activity,1,"Supplier | Active | Laboratory, Life Sciences & Scientific Equipment Provider",Pending,Supplier-Local,Regular,ESC004,ESCO PTE. LTD,"2601 26/F ANTEL 2000 CORPORATE CENTER, VALERO ST. SALCEDO VILLAGE  BEL-AIR 1209 MAKAT CITY PH",****,267-401-256-00000,,JOHNERY LUZON,,,NA,,,,,,,,,,,,,N/A,,,N/A,,,Missing,,,N/A,,,,,,,,,,,,,Missing,,,,
377,3,Low Activity,1,,Pending,Supplier-Local-NT,Regular,ESJ001-NT,ESJAY AUTO CORP,"1144 QUEZON AVENUE, PALIGSAHAN NCR, SECOND DISTRICT 1103 QUEZON CITY NCR",****,001-227-493-00000,,GESSELE SAMONTE,,,,,,,,,,,,,,,,N/A,,,N/A,,,Missing,,,N/A,,,,,,,,,,,,,Missing,,,,
378,,,,,Inactive,,,ESM001,E & S MARKETING INC.,"206 BIG 5 BUILDING, P BURGOS CARIDAD CAVITE CITY",****,009-300-463-00000,,,,,,,,,,,,,,,,,,N/A,,,N/A,,,Missing,,,N/A,,,,,,,,,,,,,Missing,,,,
379,,,,,Inactive,,,ESM002-NT,E & S MARKETING INC.,58 ILANG ILANG                          DONA MANUELA I,****,009-300-463-00000,,CINDY NABUA,,09289645925,,,,,,,,,,,,,,N/A,,,N/A,,,Missing,,,N/A,,,,,,,,,,,,,Missing,,,,
380,,,,,Inactive,,,ESQ001,ESQUIRETECH CORP.,STALL 310 3F PODIUM ADV AVE. COR ORTIGS BRGY. WACK WACK MANDALUYONG CITY,****,009-030-129-00002,,,,,,,,,,,,,,,,,,N/A,,,N/A,,,Missing,,,N/A,,,,,,,,,,,,,Missing,,,,
381,4,Low Activity,13,Pending Verification,Pending,Supplier-Local-NT,Regular,EST001-NT,"ESTABILLO, REYNALD LAOANG",022 MONIQUE EXT NAGPAYONG 1A PINAGBUHATAN PASIG CITY 1602,****,306-520-596-000,,MARITES ESTABILLO,,,,,,,,,,,,,,,,N/A,,,N/A,,,Missing,,,N/A,,,,,,,,,,,,,Missing,,,,
382,,,,,Inactive,,,ETE001,"ETERNAL ASIA PHILIPPINES, INC.","UNITS 3202 THE RAFFLES CORPORATE CENTER EMERALD AVENUE, ORTIGAS CENTRE          SAN ANTONIO,",****,009-939-365-00000,,,,,,,,,,,,,,,,,,N/A,,,N/A,,,Missing,,,N/A,,,,,,,,,,,,,Missing,,,,
383,,,,,Inactive,,,EVE001-NT,EVERGOOD UNLIMITED CORP,"3/F BEE-LU BLDG., 103-113 GIL PUYAT AVENUE, BARANGAY 51 NCR",****,203-010-183-00100,,,,,,,,,,,,,,,,,,N/A,,,N/A,,,Missing,,,N/A,,,,,,,,,,,,,Missing,,,,
384,3,Low Activity,2,Advertising Company,Pending,Supplier-Local-NT,Regular,EVE006-NT,EVER CORPORATION,"155 CHINKIANG ST BRGY 18, 1300 PASAY CITY FOURTH DISTRICT PHILIPPINES",****,000-302-423-00000,RETAIL,WENCY TAN,,88891111791,NA,,,,,,,,,,,,,N/A,,,N/A,,,Missing,,,N/A,,,,,,,,,,,,,Missing,,,,
385,1,Low,515,"Distributor | Local | Active | Cybersecurity, Cloud & Digital Infrastructure Value-Added Distributor

8-26-26: ff sent, email (lacking docs)
9-4-26: AFS/Import Permit/Proof of Present Address",Incomplete,Supplier-Local,Major,EXC001,EXCLUSIVE NETWORKS-PH INC.,"25th FLOOR YUNCHENGCO TOWER, RCBC PLAZA AYALA AVE. COR. SEN. GIL PUYAT AVE. BEL-AIR 1209  CITY OF MAKATI NCR, FOURTH DISTRICT PH",,007-731-265-00000,Wholesaler,Amiel Lorraine Cerbas,Accounting Officer,63 9153961766,acerbas@exclusive-networks.com,Not yet,No,No,No,Yes,Yes,Yes,Yes,,,,18-May-2027,Current,251,,N/A,,31-Dec-2026,Current,113,,N/A,,Yes,,N/A,N/A,,,,,,,,Missing,,,,
386,1,Low,515,"Distributor | Local | Active | Cybersecurity, Cloud & Digital Infrastructure Value-Added Distributor

Product Profile/Proof of Present Add/Import Permit/Latest AFS
8-26-26: ff sent, email",Incomplete,Supplier-Local-NT,Regular,EXC002-NT,EXCLUSIVE NETWORKS-PH INC.,"25th FLOOR YUNCHENGCO TOWER, RCBC PLAZA AYALA AVE. COR. SEN. GIL PUYAT AVE. BEL-AIR 1209  CITY OF MAKATI NCR, FOURTH DISTRICT PH",,007-731-265-00000,Wholesaler,Amiel Lorraine Cerbas,Accounting Officer,63 9153961766,acerbas@exclusive-networks.com,Not yet,No,No,No,Yes,Yes,Yes,,,,,18-May-2027,Current,251,,N/A,,31-Dec-2026,Current,113,,N/A,,,,,,,,,,,,,Missing,,,,
387,,,,,Inactive,,,EXI001,EXIGENT CORPORATION,"UNIT18 CITYLAND PASONG TAMO             6264 CALLE ESTACION AVE., PIO DEL PILAR",****,213-140-931-00000,,,,,,,,,,,,,,,,,,N/A,,,N/A,,,Missing,,,N/A,,,,,,,,,,,,,Missing,,,,
388,,,,,Inactive,,,EXI001-NT,EXIGENT CORPORATION,,****,213-140-931-00000,,,,,,,,,,,,,,,,,,N/A,,,N/A,,,Missing,,,N/A,,,,,,,,,,,,,Missing,,,,
389,,,,,Inactive,,,EXP001,EXPERTS ACADEMY FOR APPLIED INFORMATION TECHNOLOGY INC,"UNIT 302 SEDCCO I BLDG., 120 RADA ST., LEGASPI VILLAGE, MAKATI CITY",****,008-507-657-00000,,,,,,,,,,,,,,,,,,N/A,,,N/A,,,Missing,,,N/A,,,,,,,,,,,,,Missing,,,,
390,4,Low Activity,11,Tier 4 | 11 GRPO | Security & Low-Voltage Systems Distributor,Pending,Supplier-Local,Regular,EXT001,"EXTRA LOW VOLTAGE DISTRIBUTIONS, INC","3F ALROSE BLDG. 1009 METROPOLITAN AVE., SANTA CRUZ, MAKATI CITY, 1205",****,007-939-843-000,,EVA MAE DOMINGO,,,,,,,,,,,,,,,,N/A,,,N/A,,,Missing,,,N/A,,,,,,,,,,,,,Missing,,,,
391,4,Low Activity,11,Tier 4 | 11 GRPO | Security & Low-Voltage Systems Distributor,Pending,Supplier-Local-NT,Regular,EXT001-NT,"EXTRA LOW VOLTAGE DISTRIBUTIONS, INC","3F ALROSE BLDG. 1009 METROPOLITAN AVE., SANTA CRUZ, MAKATI CITY, 1205",****,007-939-843-000,,EVA MAE DOMINGO,,,,,,,,,,,,,,,,N/A,,,N/A,,,Missing,,,N/A,,,,,,,,,,,,,Missing,,,,
392,,,,,Inactive,,,EZJ001-NT,EZ JERSEY OPC,113 JP RAMOY ST. TALIPAPA BARANGGAS 154 1400 CITY OF CALOOCAN NCR,****,611-546-889-00000,,SALES PERSON,,,,,,,,,,,,,,,,N/A,,,N/A,,,Missing,,,N/A,,,,,,,,,,,,,Missing,,,,
393,,,,,Inactive,,,FAJ001,"FAJARILLO, ETHEL FAMINIANO","UNIT 12 ASEANA SQUARE TAMBO, PARANAQUE CITY, PHILIPPINES",****,200-833-967-00000,,LOVELYN FAJARILLO,,,,,,,,,,,,,,,,N/A,,,N/A,,,Missing,,,N/A,,,,,,,,,,,,,Missing,,,,
394,3,Low Activity,238,,Pending,Supplier-Local,Regular,FAS001,"FASTRONICS SALES & SERVICES, INC.","LOT2 GOOD HARVEST COMPLEX 743 C. RAYMUNDO AVENUE, MAYBUNGA PASIG CITY",****,202-111-645-000,,NANCY QUINAGORAN,,,,,,,,,,,,,,,,N/A,,,N/A,,,Missing,,,N/A,,,,,,,,,,,,,Missing,,,,
395,,,,,Inactive,,,FAS001-NT,FASTFINITYCARS INCORPORATED,BRGY APOLONIO SAMSON,****,000-000-000-00100,,,,,,,,,,,,,,,,,,N/A,,,N/A,,,Missing,,,N/A,,,,,,,,,,,,,Missing,,,,
396,,,,,Inactive,,,FAS002-NT,FAST RETAILING PHILIPPINES INC,,****,008-204-649-00000,,,,,,,,,,,,,,,,,,N/A,,,N/A,,,Missing,,,N/A,,,,,,,,,,,,,Missing,,,,
397,3,Low Activity,238,,Pending,Supplier-Local-NT,Regular,FAS003-NT,"FASTRONICS SALES & SERVICES, INC.",LOT2 GOOD HARVEST COMPLEX               743 C. RAYMUNDO AVENUE                  MAYBUNGA,****,202-111-645-00000,,,,,,,,,,,,,,,,,,N/A,,,N/A,,,Missing,,,N/A,,,,,,,,,,,,,Missing,,,,
398,,,,,Inactive,,,FED001-NT,"FEDERAL EXPRESS PACIFIC, LLC.",11/FL ZUELLIG BUILDING MAKATI AVE. COR. PASEO DE ROXAS,****,275-540-614-00000,,,,,,,,,,,,,,,,,,N/A,,,N/A,,,Missing,,,N/A,,,,,,,,,,,,,Missing,,,,
399,3,Low Activity,126,"8-12-26: No data, email sent",Pending,Supplier-Local,Regular,FIB001,"FIBER-REX PHILIPPINES LLC, INC.","UNIT 34 NO 16 EVANGELISTA ST BRGY SANTOLAN, PASIG CITY",****,007-813-507-00000,,,,639154515788,ruth@fiber-rex.com.ph,Not yet,No,No,No,,,,,,,,,N/A,,,N/A,,,Missing,,,N/A,,,,,,,,,,,,,Missing,,,,
400,,,,,Inactive,,,FIB002,FIBERSHOPPE TECHNOLOGIES INC,"Rm 201, 301, 401, P&J Bldg, Pasig Blvd. cor. E. Rodriguez Jr. Ave, Bagong Ilog, 1600 City of Pasig",****,008-896-889-00000,,,,,,,,,,,,,,,,,,N/A,,,N/A,,,Missing,,,N/A,,,,,,,,,,,,,Missing,,,,
401,,,,,Inactive,,,FIB003,FIBRE X ENGINEERING SERVICES,SUPANG BUENAVISTA GUIMARAS,****,767-702-044-00000,,,,,,,,,,,,,,,,,,N/A,,,N/A,,,Missing,,,N/A,,,,,,,,,,,,,Missing,,,,
402,4,Low Activity,2,Pending Verification | Undetermined | Individual / Sole Proprietor | Products/Services Undetermined,Pending,Supplier-Local,Regular,FIL001,"FILLARCA, MEDFILSON MEDECIELO","SITIO NAGKAKAISA, BRGY. GUINHAYAAN 5507 LOOC ROMBLON PHILIPPINES",****,313-719-877-00000,,Michael P. Agustin,,09770575559,,,,,,,,,,,,,,N/A,,,N/A,,,Missing,,,N/A,,,,,,,,,,,,,Missing,,,,
403,,,,,Inactive,,,FIL001-NT,FILMAN TRAVEL CENTER INC,UNIT 300 3F LIBERTY HALL BLDG. 820 BENAVIDEZ ST. BINONDO MANILA,****,000-328-845-00000,,,,,,,,,,,,,,,,,,N/A,,,N/A,,,Missing,,,N/A,,,,,,,,,,,,,Missing,,,,
404,,,,,Inactive,,,FIL002,FIL-NIPPON TECHNOLOGY SUPPLY INC.,BAY9-11 UPRC 1 BLDG. 2230 CHINO ROCES BRGY BANGKAL,****,001-964-589-00000,,,,,,,,,,,,,,,,,,N/A,,,N/A,,,Missing,,,N/A,,,,,,,,,,,,,Missing,,,,
405,,,,,Inactive,,,FIL003,FILMS CABLING SERVICES,"126 EXECUTIVE RD., BATASAN HILLS, QUEZON CITY",****,151-877-789-00000,,,,,,,,,,,,,,,,,,N/A,,,N/A,,,Missing,,,N/A,,,,,,,,,,,,,Missing,,,,
406,,,,,Inactive,,,FIN001,FINE INTERIORS TRADING AND MANUFACTURING INC.,MANDAUE CITY,****,004-264-268-000,,JOSEPH S,,,,,,,,,,,,,,,,N/A,,,N/A,,,Missing,,,N/A,,,,,,,,,,,,,Missing,,,,
407,4,Low Activity,24,Supplier / Service Provider | Automotive Accessories Dealer | Car Accessories & Installation Services,Pending,Supplier-Local-NT,Regular,FIN001-NT,FINE CHOICE CAR ACCESSORIES,"1728 EVANGELISTA MST., BANGKAL, MAKATI CITY",****,165-704-774-00000,,,,,,,,,,,,,,,,,,N/A,,,N/A,,,Missing,,,N/A,,,,,,,,,,,,,Missing,,,,
408,,,,,Inactive,,,FIN002-NT,FINE INTERIORS TRADING AND MANUFACTURING INC.,MANDAUE CITY,****,004-264-268-000,,JOSEPH S,,,,,,,,,,,,,,,,N/A,,,N/A,,,Missing,,,N/A,,,,,,,,,,,,,Missing,,,,
409,,,,,Inactive,,,FIR001,FIRETRON SAFETY SYSTEM,4380 16TH ST PUYAT COMPOUND QUIRINO AVE,****,161-643-274-00000,,,,,,,,,,,,,,,,,,N/A,,,N/A,,,Missing,,,N/A,,,,,,,,,,,,,Missing,,,,
410,,,,,Inactive,,,FIR001-NT,FIRST TIER BRANDING SOLUTIONS INC,UNIT 904 PARK TRADE CENTRE MADRIGAL BUSINESS PARK AYALA ALABANG 1780 MUNTINLUPA CITY,****,006-606-003-00000,,JANEN SANTOS,,,,,,,,,,,,,,,,N/A,,,N/A,,,Missing,,,N/A,,,,,,,,,,,,,Missing,,,,
411,,,,,Inactive,,,FIR002,FIRST OPTION ELECTRONICS SYSTEM PHILS INC,3 DONG JULIANA II SUBDIVISION BRGY STA LUCIA ORTIGAS EXT,****,008-433-451-00000,,,,,,,,,,,,,,,,,,N/A,,,N/A,,,Missing,,,N/A,,,,,,,,,,,,,Missing,,,,
412,4,Low Activity,7,Reseller | Active | POS & IT Solutions Provider,Pending,Supplier-Local,Regular,FIR003,FIRST ADAMANTINE OPC,"502 MAG. MAPA ST., BACOOD, BRGY. 613, STA. MESA, MANILA, METRO MANILA",****,600-398-466-00000,,PATRICK OLIVAR,,,,,,,,,,,,,,,,N/A,,,N/A,,,Missing,,,N/A,,,,,,,,,,,,,Missing,,,,
413,4,Low Activity,7,Reseller | Active | POS & IT Solutions Provider,Pending,Supplier-Local-NT,Regular,FIR003-NT,FIRST ADAMANTINE OPC,"502 MAG. MAPA ST., BACOOD, BRGY. 613, STA. MESA, MANILA, METRO MANILA",****,600-398-466-00000,,PATRICK OLIVAR,,,,,,,,,,,,,,,,N/A,,,N/A,,,Missing,,,N/A,,,,,,,,,,,,,Missing,,,,
414,,,,,Inactive,,,FLA001-NT,FLAIR TOWERS CONDOMINIUM CORPORATION,RELIANCE COR PINES ST HIGHWAY HILLS MANDALUYONG CITY,****,008-699-210-00000,,,,,,,,,,,,,,,,,,N/A,,,N/A,,,Missing,,,N/A,,,,,,,,,,,,,Missing,,,,
415,,,,,Inactive,,,FLO001,FLOORING EXPERTS TILING SERVICES,B16 L16 SOMERSET 14 BRGY. NAVARRO GENERAL TRIAS CAVITE 4107,****,292-342-732-00000,,,,,,,,,,,,,,,,,,N/A,,,N/A,,,Missing,,,N/A,,,,,,,,,,,,,Missing,,,,
416,,,,,Inactive,,,FOO001-NT,FOOD PANDA PHILIPPINES INC,MAKATI AVE COR SEN GIL PUYAT AVE,****,008-767-585-00000,,,,,,,,,,,,,,,,,,N/A,,,N/A,,,Missing,,,N/A,,,,,,,,,,,,,Missing,,,,
417,,,,,Inactive,,,FOR001,FOREMOST SCREWTECH BOLTS AND NUTS INC.,#139 PASIG BLVD. BRGY PINEDA,****,008-859-246-00000,,,,,,,,,,,,,,,,,,N/A,,,N/A,,,Missing,,,N/A,,,,,,,,,,,,,Missing,,,,
418,,,,,Inactive,,,FOR002,"FORTRA, LLC","11095 VIKING DRIVE, SUITE 100 EDEN PRAIRIE, MN 55344",****,030-029-053-300,,CHRISTINE PIERRE,,,,,,,,,,,,,,,,N/A,,,N/A,,,Missing,,,N/A,,,,,,,,,,,,,Missing,,,,
419,,,,,Inactive,,,FOR004,FORTH RIGHT STEEL & METAL FABRICATION SERVICES,BLK 40 LOT 6 BANABA 4118 SILANG CAVITE PHILIPPINES,****,434-909-646-00000,,MARY GRACE BAUTISTA,,09954753862,,,,,,,,,,,,,,N/A,,,N/A,,,Missing,,,N/A,,,,,,,,,,,,,Missing,,,,
420,,,,,Inactive,,,FPG01-NT,"FPG INSURANCE CO., INC.","ZUELLIG BLDG 6F MAKATI AVE., CR PASEO DE ROXAS MAKATI CITY",****,000-455-062-00001,,,,,,,,,,,,,,,,,,N/A,,,N/A,,,Missing,,,N/A,,,,,,,,,,,,,Missing,,,,
421,,,,,Inactive,,,FRI001-NT,FRIGID ZONE AUTO AIRCON SPECIALIST CO,38 KAMUNING ROAD BRGY KAMUNING QUEZON CITY,****,003-924-236-00000,,,,,,,,,,,,,,,,,,N/A,,,N/A,,,Missing,,,N/A,,,,,,,,,,,,,Missing,,,,
422,4,Low Activity,24,,Pending,Supplier-Local,Regular,FUJ001,FUJIFILM BUSINESS INNOVATION PHILIPPINES CORP.,"25/F SM AURA TOWER 26TH ST COR MCKINLEY PARKWAY BGC FORT BONIFACIO, TAGUIG CITY",****,000-168-876-00000,,Alexander Burgos,,09171578862,,,,,,,,,,,,,,N/A,,,N/A,,,Missing,,,N/A,,,,,,,,,,,,,Missing,,,,
423,,,,,Inactive,,,FUJ002,FUJITSU PHILIPPINES INC,"12TH  FLOOR NEX TOWER 6786 AYALA AVENUE, LEGAZPI VILLAGE SAN LORENZO, CITY OF MAKATI",****,000-119-578-00000,,,,,,,,,,,,,,,,,,N/A,,,N/A,,,Missing,,,N/A,,,,,,,,,,,,,Missing,,,,
424,4,Low Activity,24,,Pending,Supplier-Local-NT,Regular,FUJ003-NT,FUJIFILM BUSINESS INNOVATION PHILIPPINES CORP.,25/F SM AURA TOWER 26TH ST COR MCKINLEY PARKWAY BGC FORT BONIFACIO,****,000-168-876-00000,,Alexander Burgos,,09171578862,,,,,,,,,,,,,,N/A,,,N/A,,,Missing,,,N/A,,,,,,,,,,,,,Missing,,,,
425,,,,,Inactive,,,FUJ004,FUJI-HAYA ELECTRIC CORP. OF THE PHILS.,"SILANGAN INDL PARK, CANLUBANG CALAMBA LAGUNA 4027",****,000-421-656-00000,,,,,,,,,,,,,,,,,,N/A,,,N/A,,,Missing,,,N/A,,,,,,,,,,,,,Missing,,,,
426,,,,,Inactive,,,FXC001,FXC QUALITECH SERVICES OPC,1109F M J CUENCO AVE CARRETA 6600 CEBU CITY,****,623-401-477-00000,,CHARLTON CANOY,,09328771361,,,,,,,,,,,,,,N/A,,,N/A,,,Missing,,,N/A,,,,,,,,,,,,,Missing,,,,
427,,,,,Inactive,,,GAR001,GARNETECH COMPUTER MARKETING,GF ROOM 100 165B MAJOR BLDG BONIFACIO ST POBLACION DISTRICT,****,450-410-354-00000,,,,,,,,,,,,,,,,,,N/A,,,N/A,,,Missing,,,N/A,,,,,,,,,,,,,Missing,,,,
428,,,,,Inactive,,,GAT001,"GATEWAY NETWORK SOLUTIONS, INC","23/F SUMMIT ONE OFFICE TOWER            503 SHAW BLVD.,",****,237-522-433-00000,,,,,,,,,,,,,,,,,,N/A,,,N/A,,,Missing,,,N/A,,,,,,,,,,,,,Missing,,,,
429,4,Low Activity,1,Pending Verification,Pending,,Regular,GAW001-NT,"GAW, JERRY CUA","450 T PINPIN STREET BRGY 290 ZONE 27 1006 BINONDO NCR, MANILA CITY",****,113-579-437-00000,,"GAW, JERRY CUA",,,,,,,,,,,,,,,,N/A,,,N/A,,,Missing,,,N/A,,,,,,,,,,,,,Missing,,,,
430,,,,,Inactive,,,GCO001,GCOMM BUSINESS SUPPLIES CORPORATION,UNIT 907 9/F CITYLAND 10 TOWER 1 AYALA AVENUE COR H DELA COSTA MAKATI CITY,****,007-642-328-00000,,,,,,,,,,,,,,,,,,N/A,,,N/A,,,Missing,,,N/A,,,,,,,,,,,,,Missing,,,,
431,,,,,Inactive,,,GEN001,GENTEC ELECTRIK CORP.,"TINGUB ROAD, BRGY. TINGUB",****,008-257-952-00000,,,,,,,,,,,,,,,,,,N/A,,,N/A,,,Missing,,,N/A,,,,,,,,,,,,,Missing,,,,
432,4,Low Activity,2,Supplier | Local | Active | Automotive Dealer & Vehicle Services Provider,Pending,Supplier-Local-NT,Regular,GEN002-NT,GENCARS INC,DOMINGO BLDG. III 2113 CHINO ROCES AVE COR DELA ROSA ST,****,000-120-732-00000,,,,,,,,,,,,,,,,,,N/A,,,N/A,,,Missing,,,N/A,,,,,,,,,,,,,Missing,,,,
433,,,,,Inactive,,,GEN003-NT,GEN-STEEL INDUSTRIES,1080 EDSA A. SAMSON 1,****,150-946-951-00000,,,,,,,,,,,,,,,,,,N/A,,,N/A,,,Missing,,,N/A,,,,,,,,,,,,,Missing,,,,
434,,,,,Inactive,,,GEN006,GENUINE GENIUS TECHNOLOGIES,170 SOUTH GREEN VALLEY PARKWAY SUITE 300 HENDERSON  NC 89012 US,****,000-000-000-00000,,CONTACT,,,,,,,,,,,,,,,,N/A,,,N/A,,,Missing,,,N/A,,,,,,,,,,,,,Missing,,,,
435,,,,,Inactive,,,GEN006-NT,GENUINE GENIUS TECHNOLOGIES,170 SOUTH GREEN VALLEY PARKWAY SUITE 300 HENDERSON  NC 89012 US,****,000-000-000-00000,,CONTACT,,,,,,,,,,,,,,,,N/A,,,N/A,,,Missing,,,N/A,,,,,,,,,,,,,Missing,,,,
436,,,,,Inactive,,,GEO001-NT,GEORGE CADANO,MANDALUYONG CITY,****,000-000-000-00000,,,,,,,,,,,,,,,,,,N/A,,,N/A,,,Missing,,,N/A,,,,,,,,,,,,,Missing,,,,
437,4,Low Activity,1,Supplier | Distributor / Systems Integrator | ICT & Industry 4.0 Solutions,Pending,Supplier-Local,Regular,GEO002,"GEOPLAN PHILIPPINES, INC.","2F UNIT 211 COMMUNICATION FOUNDATION ASIA BLDG. #4427 OLD STA MESA ST., STA. MESA MANILA",****,008-181-446-00000,,,,,,,,,,,,,,,,,,N/A,,,N/A,,,Missing,,,N/A,,,,,,,,,,,,,Missing,,,,
438,4,Low Activity,1,Pending Verification,Pending,,Regular,GEO002-NT,GEORGE LEAL II,UNIT 1202 PARAGON PLAZA BLDG 162 EDSA COR RELIANCE ST. MANDALUYONG CITY 1550,****,000-000-000-00000,,GEORGE LEAL,,09178387083,,,,,,,,,,,,,,N/A,,,N/A,,,Missing,,,N/A,,,,,,,,,,,,,Missing,,,,
439,,,,,Inactive,,,GHP001,GH-PRIME GOODS CORP.,"15 GUIZAMA STREET, CONCEPCION UNO,",****,010-396-343-00000,,,,,,,,,,,,,,,,,,N/A,,,N/A,,,Missing,,,N/A,,,,,,,,,,,,,Missing,,,,
440,,,,,Inactive,,,GIG001,GIGAOPTIX CO. LIMITED,89 MOO 10 LUANG NUEA DOI SAKET CHIANG MAI 50220 THAILAND,****,000-000-000-00000,,,,,,,,,,,,,,,,,,N/A,,,N/A,,,Missing,,,N/A,,,,,,,,,,,,,Missing,,,,
441,,,,,Inactive,,,GIG001-NT,GIGATOOLS INDUSTRIAL CENTER,"MAKATURING ST., BRGY MANRESA, QUEZON CITY",****,418-271-866-000,,ALISA LAZO,,,,,,,,,,,,,,,,N/A,,,N/A,,,Missing,,,N/A,,,,,,,,,,,,,Missing,,,,
442,,,,,Inactive,,,GIG002,GIGAWORKZ TECHNOLOGIES INC,UNIT G04 SUGBUTEL BLDG. NORTH RECLAMATION AREA CARRETA,****,445-075-699-00000,,,,,,,,,,,,,,,,,,N/A,,,N/A,,,Missing,,,N/A,,,,,,,,,,,,,Missing,,,,
443,,,,,Inactive,,,GIN001-NT,GINALYN MAYHAY,MANDALUYONG CITY,****,000-000-000-00000,,,,,,,,,,,,,,,,,,N/A,,,N/A,,,Missing,,,N/A,,,,,,,,,,,,,Missing,,,,
444,,,,,Inactive,,,GLE001,GLENN REYES,"Nicanor Reyes Sr, Street, Sampaloc",****,200-246-018-000,,GLENN REYES,,,,,,,,,,,,,,,,N/A,,,N/A,,,Missing,,,N/A,,,,,,,,,,,,,Missing,,,,
445,,,,8-11-26: GIS - just expired - for renewal,Outdated,Subcontructor,Regular,GLI001,"GLIMPSE-DC ELECTRONICS INDUSTRIES, INC.","GOLDCREST BLDG KM 3 MCARTHUR HIGHWAY, BRGY. MATINA CROSSING TALOMO DISTRICT DAVAO CITY 8000",,009-342-594-00000,IT Solutions Provider,Richelle Marie P. Relleta,Sales,639308585557,richelle.relleta@glimpsephl.com,28-Mar-2025,Yes,Yes,Yes,Yes,Yes,Yes,No,31-Dec-2025,Current,-252,1-Aug-2026,Expired,-39,,N/A,,8-Apr-2027,Current,211,,N/A,,Yes,Yes,N/A,N/A,,,,,,,,Missing,,,,
446,,,,8-11-26: GIS - just expired - for renewal,Outdated,Subcontructor-NT,Regular,GLI002-NT,"GLIMPSE-DC ELECTRONICS INDUSTRIES, INC.","GOLDCREST BLDG KM 3 MCARTHUR HIGHWAY, BRGY. MATINA CROSSING TALOMO DISTRICT DAVAO CITY 8000",****,009-342-594-00000,IT Solutions Provider,Richelle Marie P. Relleta,Sales,639308585557,richelle.relleta@glimpsephl.com,28-Mar-2025,Yes,Yes,Yes,Yes,Yes,Yes,No,31-Dec-2025,Current,-252,1-Aug-2026,Expired,-39,,N/A,,8-Apr-2027,Current,211,,N/A,,Yes,Yes,N/A,N/A,,,,,,,,Missing,,,,
447,,,,,Inactive,,,GLO001,GLOBALTRONICS INC,494 LT ARTIAGA ST CORAZON DE JESUS,****,227-533-236-00000,,,,,,,,,,,,,,,,,,N/A,,,N/A,,,Missing,,,N/A,,,,,,,,,,,,,Missing,,,,
448,,,,,Inactive,,,GLO002-NT,GLOBE TELECOM INC,"32ND ST., COR. 7TH AVE.,BONIFACIO GLOBL CITY TAGUIG CITY",****,000-768-480-00200,,,,,,,,,,,,,,,,,,N/A,,,N/A,,,Missing,,,N/A,,,,,,,,,,,,,Missing,,,,
449,3,Low Activity,91,Distributor (IT & Consumer Technology Distributor),Pending,Supplier-Local,Regular,GLO007,"GLOBAL GALAXY DISTRIBUTION, INC.",1902 19F GLOBAL BUSINESS TOWER NO.144 N. DOMINGO ST. COR. MAYOR I.S. DIAZ ST. KAUNLARAN QUEZON CITY,****,010-019-485-00000,,NAME,,34114977,,,,,,,,,,,,,,N/A,,,N/A,,,Missing,,,N/A,,,,,,,,,,,,,Missing,,,,
450,3,Low Activity,91,Distributor (IT & Consumer Technology Distributor),Pending,Supplier-Local-NT,Regular,GLO007-NT,"GLOBAL GALAXY DISTRIBUTION, INC.","144 MAYOR IGNACIO SANTOS DIAZ ST. CORNER N. DOMINGO, CUBAO QC 1111",****,010-019-485-000,,NAME,,34114977,,,,,,,,,,,,,,N/A,,,N/A,,,Missing,,,N/A,,,,,,,,,,,,,Missing,,,,
451,,,,,Inactive,,,GLX001-NT,GLX FORWARDING INC,4341-A CLIPPER AVE BAYVIEW VILLAGE BRGY TAMBO,****,227-469-719-00000,,,,,,,,,,,,,,,,,,N/A,,,N/A,,,Missing,,,N/A,,,,,,,,,,,,,Missing,,,,
452,,,,,Inactive,,,GNN001,GNNETS CONSTRUCTION CORP,BRGY BAGONG SILANGAN,****,202-919-644-20000,,,,,,,,,,,,,,,,,,N/A,,,N/A,,,Missing,,,N/A,,,,,,,,,,,,,Missing,,,,
453,4,Low Activity,4,Supplier | Local | Active | Commercial Printing Services Provider,Pending,Supplier-Local-NT,Regular,GOL001-NT,GOLDEVER PRINTING PRESS INC,"OMEGA ST. 1ST MALINTA INDL ESTATE, DON PABLO SUBD., BRGY. RINCON, VALENZUELA CITY",****,000-294-508-00000,,,,,,,,,,,,,,,,,,N/A,,,N/A,,,Missing,,,N/A,,,,,,,,,,,,,Missing,,,,
454,4,Low Activity,6,Distributor of computer peripherals and electronics,Pending,Supplier-Local,Regular,GOL002,"GOLDTECH INTERNATIONAL DISTRIBUTORS, INC.","268 A A.Y.S.N. BLDG., N. DOMINGO ST, PASADEÑA, SAN JUAN CITY",****,005-799-016-00000,,,,,,,,,,,,,,,,,,N/A,,,N/A,,,Missing,,,N/A,,,,,,,,,,,,,Missing,,,,
455,4,Low Activity,6,Distributor of computer peripherals and electronics,Pending,Supplier-Local-NT,Regular,GOL002-NT,"GOLDTECH INTERNATIONAL DISTRIBUTORS, INC.","268 A A.Y.S.N. BLDG., N. DOMINGO ST, PASADEÑA, SAN JUAN CITY",****,005-799-016-00000,,MEL,,,,,,,,,,,,,,,,N/A,,,N/A,,,Missing,,,N/A,,,,,,,,,,,,,Missing,,,,
456,,,,,Inactive,,,GON001,"GONZALES, ARLON BULACSAO",9 N DOMINGO ST BRGY PROGRESO SAN JUAN CITY 1500,****,214-762-898-000,,GONZALES,,,,,,,,,,,,,,,,N/A,,,N/A,,,Missing,,,N/A,,,,,,,,,,,,,Missing,,,,
457,4,Low Activity,11,Google Service,Pending,Supplier-Foreign,Regular,GOO001,GOOGLE ASIA PACIFIC PTE LTD,70 PASIR PANJANG ROAD #03-71 MAPLETREE BUSINESS CITY SINGAPORE 117371,****,000-000-000-00000,,SALES PERSON,,0000000,,,,,,,,,,,,,,N/A,,,N/A,,,Missing,,,N/A,,,,,,,,,,,,,Missing,,,,
458,4,Low Activity,12,Supplier | Local | Active | Automotive Parts Supplier,Pending,Supplier-Local-NT,Regular,GOO001-NT,GOODGEAR VEHICLE PARTS,2682 TAFT AVE PASAY CITY,****,155-698-000-00000,,,,,,,,,,,,,,,,,,N/A,,,N/A,,,Missing,,,N/A,,,,,,,,,,,,,Missing,,,,
459,3,Low Activity,2,,Pending,Supplier-Foreign,Regular,GOT001,GOTO TECHNOLOGIES IRELAND UNLIMITED COMPANY,THE REFLECTOR 10 HANOVER QUAY DUBLIN 2 D02R573 IRELAND,****,000-000-000-00000,,,,,,,,,,,,,,,,,,N/A,,,N/A,,,Missing,,,N/A,,,,,,,,,,,,,Missing,,,,
460,4,Low Activity,1,"Reseller | Local | Active | POS, Auto-ID & IT Hardware Solutions Provider",Pending,Supplier-Local,Regular,GRA001,GRAND TECH INT'L ENT. CORP.,"705 REGRAY BLDG JP RIZAL ST VALENZUELA, MAKATI CITY PHILIPPINE",****,207-624-241-00000,,,,,,,,,,,,,,,,,,N/A,,,N/A,,,Missing,,,N/A,,,,,,,,,,,,,Missing,,,,
461,,,,,Inactive,,,GRA002-NT,GRAPHIC WIZARD INC,66 HARVARD ST. BRGY E. RODRIGUEZ SR.,****,004-611-085-00000,,,,,,,,,,,,,,,,,,N/A,,,N/A,,,Missing,,,N/A,,,,,,,,,,,,,Missing,,,,
462,4,Low Activity,1,"Supplier | Local | Active | Printing, Signage & Advertising Solutions Provider",Pending,Supplier-Local-NT,Regular,GRA005-NT,GRAFIQ ADVERTISING SYSTEM CORPORATION,"29 SCOUT LIMBAGA, LAGING HANDA 1103 QUEZON CITY, PHILIPPINES",****,010-322-822-00000,,RENIEL CALIZO TIA,,09176261672,,,,,,,,,,,,,,N/A,,,N/A,,,Missing,,,N/A,,,,,,,,,,,,,Missing,,,,
463,,,,,Inactive,,,GRE001,GREENBOARD IT SOLUTIONS,MATINA APALAYA,****,913-886-876-00000,,,,,,,,,,,,,,,,,,N/A,,,N/A,,,Missing,,,N/A,,,,,,,,,,,,,Missing,,,,
464,4,Low Activity,11,Supplier | Local | Active | Automotive Parts & Vehicle Components Provider,Pending,Supplier-Local-NT,Regular,GRE001-NT,GREEN PARTS AUTO SUPPLY,2256 TAFT AVE BRGY 58 ZONE 07 PASAY CITY,****,461-086-032-00000,,SALES MARK,,,,,,,,,,,,,,,,N/A,,,N/A,,,Missing,,,N/A,,,,,,,,,,,,,Missing,,,,
465,,,,,Inactive,,,GRE002,GREEN-TECH ENTERPRISES,"31 SANTAN ST., YNCHAUSTI SUBD.,",****,152-443-327-00000,,,,,,,,,,,,,,,,,,N/A,,,N/A,,,Missing,,,N/A,,,,,,,,,,,,,Missing,,,,
466,,,,,Inactive,,,GRE003,"GREENTECH ELECTRONICS, CO.","DR. 13 888 BLDG., N. TORRES ST., AGDAO PROPER, DAVAO CITY",****,293-563-062-00000,,,,,,,,,,,,,,,,,,N/A,,,N/A,,,Missing,,,N/A,,,,,,,,,,,,,Missing,,,,
467,,,,,Inactive,,,GSQ001,GSQ HARDWARE & ELECTRICAL SALES CO. INC.,909 AURORA BLVD. SILANGAN,****,009-140-990-00000,,,,,,,,,,,,,,,,,,N/A,,,N/A,,,Missing,,,N/A,,,,,,,,,,,,,Missing,,,,
468,4,Low Activity,95,,Pending,Supplier-Local,Regular,H21001,H21 SOURCES OPC,BM18 BLDG. 2 999 SHOPPING MALL SOLER ST. BRGY. 293  ZONE 028 1006 BINONDO MANILA CITY,****,629-172-551-00000,,Jizelle,,09258788772,,,,,,,,,,,,,,N/A,,,N/A,,,Missing,,,N/A,,,,,,,,,,,,,Missing,,,,
469,4,Low Activity,95,Pending veriication,Pending,Supplier-Local-NT,,H21001-NT,H21 SOURCES OPC,"BM19 BLDG2 999 SHOPPING MALL COR. SOLER ST., BRGY 293 ZONE 028, BINONDO, MANILA",****,629-172-551-00000,,JIZELLE,,09258788772,,,,,,,,,,,,,,N/A,,,N/A,,,Missing,,,N/A,,,,,,,,,,,,,Missing,,,,
470,3,Low Activity,4,Training & Cybersecurity Platform Provider,Pending,Supplier-Foreign,Regular,HAC001,HACK THE BOX LTD.,38 WALTON ROAD FOLESTONE KENT CT19 5QS GBR,****,GB2728304020000,,DERRICK SY,,,,,,,,,,,,,,,,N/A,,,N/A,,,Missing,,,N/A,,,,,,,,,,,,,Missing,,,,
471,4,Low Activity,6,Supplier | Local | Active | General Business Services Provider,Pending,Supplier-Local,Regular,HAI003,HAIDER CORPORATION,"609 BONI AVENUE PLAINVIEW 1550 CITY OF MANDALUYONG , NCR SECOND DISTRICT PHILIPPINES",****,636-501-958-00000,,SUSIE DARIA,,,,,,,,,,,,,,,,N/A,,,N/A,,,Missing,,,N/A,,,,,,,,,,,,,Missing,,,,
472,,,,,Inactive,,,HAK001,HAKANIEMI MARKETING CORPORATION,"449 BULALAKAW ST., BRGY. PLAINVIEW MANDALUYONG CITY",****,009-642-359-00000,,SUSIE DARIA,,,,,,,,,,,,,,,,N/A,,,N/A,,,Missing,,,N/A,,,,,,,,,,,,,Missing,,,,
473,,,,,Inactive,,,HAK001-NT,HAKANIEMI MARKETING CORPORATION,"449 BULALAKAW ST., BRGY. PLAINVIEW MANDALUYONG CITY",****,009-642-359-00000,,SUSIE DARIA,,,,,,,,,,,,,,,,N/A,,,N/A,,,Missing,,,N/A,,,,,,,,,,,,,Missing,,,,
474,,,,Double Entry? ,Pending,Supplier-Foreign,Regular,HAN001,"HANGZHOU HIKVISION DIGITAL TECHNOLOGY CO., LTD",700 DONGLIU ROAD BINIJIANG DISTRICT HANGZHOU CHINA,****,000-000-000-00000,,Royce Wong,Account Manager | Project Team/Philippines Group/Asia Business,639620686088,huangyijun@hikvision.com,,,,,,,,,,,,,N/A,,,N/A,,,Missing,,,N/A,,,,,,,,,,,,,Missing,,,,
475,1,Low Activity,182,No data | 8-10-26: FF done,Pending,Supplier-Foreign,Regular,HAN002,"HANGZHOU HIKVISION TECHNOLOGY CO., LTD",,****,000-000-000-10000,,,,,,,,,,,,,,,,,,N/A,,,N/A,,,Missing,,,N/A,,,,,,,,,,,,,Missing,,,,
476,,,,,Inactive,,,HAR001-NT,"1688 HARDWARE, INC.","1688 Mall, Cor. Quezon-Ledesma St, Iloilo City Proper, Iloilo City, 5000 Iloilo",****,746-865-499-000,,MARY JOY RICONILLA,,09302222019,,,,,,,,,,,,,,N/A,,,N/A,,,Missing,,,N/A,,,,,,,,,,,,,Missing,,,,
477,4,Low Activity,1,Pending Verification,Pending,,Regular,HAY001-NT,HAYDEE CARINGAL RIEZA,1512 CM RECTO AVE COR TOMAS MAPUA ST. STA CRUZ MANILA,****,230-141-550-00000,,HAYDEE CARINGAL RIEZA,,,,,,,,,,,,,,,,N/A,,,N/A,,,Missing,,,N/A,,,,,,,,,,,,,Missing,,,,
478,4,Low Activity,1,Reseller | Active | IT Solutions Provider,Pending,Supplier-Local,Regular,HEAD001,HEADPHILES CORPORATION,"SPACE 2255 UGF EAST WING FESTIVAL MALL, FILINVEST CITY, ALABNG 1781 CITY OF MUNTINLUPA",****,009-222-641-00001,,JBL FESTIVAL PATRICK,,,,,,,,,,,,,,,,N/A,,,N/A,,,Missing,,,N/A,,,,,,,,,,,,,Missing,,,,
479,,,,,Inactive,,,HEL001,"HELPSYSTEMS, LLC",6455 CITY WEST PARKWAY EDEN PRAIRIE MN 55344 UNITED STATES,****,000-000-000-00000,,,,,,,,,,,,,,,,,,N/A,,,N/A,,,Missing,,,N/A,,,,,,,,,,,,,Missing,,,,
480,3,Low Activity,8,9--26: Request Term - per Irish,Pending,Supplier-Foreign,Regular,HEN001,HENSE TECHNOLOGY PTE LTD,BLOCK 212 HOUGANG ST 21 #03-319,****,000-000-000-00000,Futronic biometrics ,Eric Wong,,65 - 62859890,ericwws@hensetech.com.sg,,,,,,,,,,,,,N/A,,,N/A,,,Missing,,,N/A,,,,,,,,,,,,,Missing,,,,
481,4,Low Activity,1,"Local | Active | Steel Office Furniture, Storage Systems & Security Solutions Manufacturer",Pending,Supplier-Local-NT,Regular,HER001-NT,HERMACO COMMERCIAL INC,47 P DELA CRUZ ST BRGY SAN BARTOLOME NOVALICHES QUEZON CITY,****,007-759-548-00000,,,,,,,,,,,,,,,,,,N/A,,,N/A,,,Missing,,,N/A,,,,,,,,,,,,,Missing,,,,
482,,,,,Inactive,,,HER002,HERMACUS CORP.,1737 B2 DIAN ST BRGY PALANAN MAKATI CTY,****,007-980-489-00000,,,,,,,,,,,,,,,,,,N/A,,,N/A,,,Missing,,,N/A,,,,,,,,,,,,,Missing,,,,
483,,,,,Inactive,,,HER003-NT,HERMONISA BONZON,,****,105-886-039-00000,,,,,,,,,,,,,,,,,,N/A,,,N/A,,,Missing,,,N/A,,,,,,,,,,,,,Missing,,,,
484,,,,,Inactive,,,HER004-NT,HERMACUS CORP.,1737 B2 DIAN ST BRGY PALANAN MAKATI CTY,****,007-980-489-00000,,,,,,,,,,,,,,,,,,N/A,,,N/A,,,Missing,,,N/A,,,,,,,,,,,,,Missing,,,,
485,4,Low Activity,2,"Supplier | Active | IT Hardware, Software & Technology Solutions Provider",Pending,Supplier-Local,Regular,HEW001,HEWLETT-PACKARD PHILS CORP,25TH FLOOR TWENTY-FIVE SEVEN MCKINLEY BLDG. 25TH STREET COR 7TH AVENUE,****,003-956-294-00000,,,,,,,,,,,,,,,,,,N/A,,,N/A,,,Missing,,,N/A,,,,,,,,,,,,,Missing,,,,
486,4,Low Activity,27,Reseller | Active | ICT Services & Managed Solutions Provider,Pending,Supplier-Local,Regular,HIG001,HIGHPOINT SERVICES NETWORK PHILIPPINES INC,GF-B GMG BLDG. 1144-1154 PRES QUIRINO AVE EXT BRGY 827 ZONE 089 PACO MANILA CITY,****,010-067-958-00000,,,,,,,,,,,,,,,,,,N/A,,,N/A,,,Missing,,,N/A,,,,,,,,,,,,,Missing,,,,
487,,,,,Inactive,,,HIP001-NT,"HI-PRECISION DIAGNOSTIC CENTER, INC.","W. LONG BLDG., 440-442 DEL MONTE AVE. COR. BIAK-NA-BATO BRGY. SIENA, QUEZON CITY",****,004-778-957-000NV,,,,,,,,,,,,,,,,,,N/A,,,N/A,,,Missing,,,N/A,,,,,,,,,,,,,Missing,,,,
488,,,,,Inactive,,,HIS001-NT,H.I.S. (PHILIPPINES) TRAVEL CORP,"14F PICADILLA STAR BUILDING, 4TH AVENUE CORNER 27TH STREET BONIFACIO GLOBAL CITY, TAGUIG",****,007-068-688-00000,,GRACEL CAAGBAY,,,,,,,,,,,,,,,,N/A,,,N/A,,,Missing,,,N/A,,,,,,,,,,,,,Missing,,,,
489,4,Low Activity,3,Distributor & Systems Integrator | Security & Access Control Systems?,Pending,Subcontructor,Regular,HIT001,HITEC INTERNATIONAL CORP,U1401 WILSHIRE PLAZA BLDG 11 ANAPOLIS GREENHILLS,****,005-174-311-000,,Mara Jasareno,,09088803460,,,,,,,,,,,,,,N/A,,,N/A,,,Missing,,,N/A,,,,,,,,,,,,,Missing,,,,
490,4,Low Activity,1,"Supplier | Active | Elevator, Escalator & Building Mobility Solutions Provider",Pending,Supplier-Local,Regular,HIT002,HITACHI ELEVATOR PHILIPPINES CORPORATION,"UNIT 604, 602 & 301 OPPEN BUILDING 349 SEN GIL PUYAT AVENUE MAKATI CITY 1209",****,000-307-442-00000,,Joanne Aliwalas,,09171934837,,,,,,,,,,,,,,N/A,,,N/A,,,Missing,,,N/A,,,,,,,,,,,,,Missing,,,,
491,,,,,Inactive,,,HKM001,HK MINBOL COMPONENTS LIMITED,501 BLOCK 2 WANYUAN BUSINESS BLDG LIUXIAN NO2 ROAD 71 BLOCK BAO AN DISTRICS,****,000-000-000-00000,,,,,,,,,,,,,,,,,,N/A,,,N/A,,,Missing,,,N/A,,,,,,,,,,,,,Missing,,,,
492,4,Low Activity,1,"Reseller | Local | Active | Drone, Consumer Electronics & Gaming Technology Solutions Provider",Pending,Supplier-Local,Regular,HOB001,"HOBBY DYNAMICS EQUIPMENT GADGETS, GIZMOS AND SOLUTIONS, INC.","87 PANAY AVENUE SOUTH TRIANGLE, QUEZON CITY",****,008-787-857-00001,,STEVEN SAU,,09178507222,,,,,,,,,,,,,,N/A,,,N/A,,,Missing,,,N/A,,,,,,,,,,,,,Missing,,,,
493,4,Low Activity,1,"Reseller | Local | Active | Drone, Consumer Electronics & Gaming Technology Solutions Provider",Pending,Supplier-Local-NT,Regular,HOB001-NT,"HOBBY DYNAMICS EQUIPMENT GADGETS, GIZMOS AND SOLUTIONS, INC.","87 PANAY AVENUE SOUTH TRIANGLE, QUEZON CITY",****,008-787-857-00001,,STEVEN SAU,,09178507222,,,,,,,,,,,,,,N/A,,,N/A,,,Missing,,,N/A,,,,,,,,,,,,,Missing,,,,
494,,,,,Inactive,,,HOM001-NT,HOMESOURCE HARDWARE,2433 RIZAL AVE BRGY 209 TONDO MANILA,****,159-504-929-00000,,HOMESOURCE,,,,,,,,,,,,,,,,N/A,,,N/A,,,Missing,,,N/A,,,,,,,,,,,,,Missing,,,,
495,,,,,Inactive,,,HON001-NT,HONDA CARS MAKATI INC,1 PRES SERGIO OSMENA HIGHWAY MAKATI INC,****,000-220-239-00000,,BERNARDO GORDOVA,,,,,,,,,,,,,,,,N/A,,,N/A,,,Missing,,,N/A,,,,,,,,,,,,,Missing,,,,
496,,,,,Inactive,,,HOP001-NT,HOPIA KING BAKERY,628 ONGPIN ST. BINONDO,****,165-703-807-00000,,,,,,,,,,,,,,,,,,N/A,,,N/A,,,Missing,,,N/A,,,,,,,,,,,,,Missing,,,,
497,,,,,Inactive,,,HPP001,HP PPS PHILIPPINES INC.,G/F ACCELERANDO BUILDING 395 SEN GIL PUYAT AVENUE,****,008-927-505-00001,,,,,,,,,,,,,,,,,,N/A,,,N/A,,,Missing,,,N/A,,,,,,,,,,,,,Missing,,,,
498,,,,,Inactive,,,HUA001,HUA YANG ELECTRONICS ENTERPRISES CORP,535 FLORENTINO TORRES ST STA CRUZ,****,008-001-893-00000,,,,,,,,,,,,,,,,,,N/A,,,N/A,,,Missing,,,N/A,,,,,,,,,,,,,Missing,,,,
499,,,,,Inactive,,,HUA002,HUAWEI INTERNATIONAL PTE. LTD.,15A CHANGI BUSINESS PARK CENTRAL 1      #03-03,****,000-000-000-00000,,,,,,,,,,,,,,,,,,N/A,,,N/A,,,Missing,,,N/A,,,,,,,,,,,,,Missing,,,,
500,,,,,Inactive,,,HUA003,HUAWEI TECHNOLOGIES PHILS. INC,62F PBCOM TOWER AYALA AVE COR VA RAFINO ST,****,221-237-211-00000,,,,,,,,,,,,,,,,,,N/A,,,N/A,,,Missing,,,N/A,,,,,,,,,,,,,Missing,,,,
501,,,,,Inactive,,,HYE001,HYEBRID  TECH CORP,ROOM 600 6F DONA FELISA SYJUCO 1872 REMEDIOS ST COR TAFT AVE BRGY 693 ZONE 75 MALATE,****,010-032-512-00000,,,,,,,,,,,,,,,,,,N/A,,,N/A,,,Missing,,,N/A,,,,,,,,,,,,,Missing,,,,
502,4,Low Activity,1,Service Provider | Cybersecurity Training Provider | DevSecOps & Cybersecurity Training,Pending,Supplier-Foreign,Regular,HYS001,HYSN PTE LTD,"138 ROBINSON ROAD, #26-01 OXLEY TOWER SINGAPORE 068906",****,000-000-000-00000,,PRACTICAL DEVSECOP WEBSITE,,,,,,,,,,,,,,,,N/A,,,N/A,,,Missing,,,N/A,,,,,,,,,,,,,Missing,,,,
503,,,,,Inactive,,,HZN001-NT,"HIZON'S RESTAURANT & CATERING SERVICES, INC",22 RENOWNED LANE SANVILLE SUBD PROJ 6 QUEZON CITY,****,214-356-866-00000,,HAIFFA LELIS,,,,,,,,,,,,,,,,N/A,,,N/A,,,Missing,,,N/A,,,,,,,,,,,,,Missing,,,,
504,,,,,Inactive,,,I. 001,I. GADGETS ENTERPRISE,"16F CHURCH ST GRACE VILLAGE, BALINGASA QC",****,907-363-699-00000,,,,,,,,,,,,,,,,,,N/A,,,N/A,,,Missing,,,N/A,,,,,,,,,,,,,Missing,,,,
505,,,,,Inactive,,,IBO001,IBOOK COMPUTER STORE,210 2ND FLOOR CYBERZONE SM CITY CLARK ANGELES CITY,****,213-029-498-00300,,,,,,,,,,,,,,,,,,N/A,,,N/A,,,Missing,,,N/A,,,,,,,,,,,,,Missing,,,,
506,,,,,Inactive,,,IBO002,"IBON, ROY NOEL MELGAR",UNIT 3A A&L BLDG #126 N DOMINGO ST. PEDRO CRUZ SAN JUAN CITY,****,218-436-048-00000,,Lerma D. Jumarang,,,,,,,,,,,,,,,,N/A,,,N/A,,,Missing,,,N/A,,,,,,,,,,,,,Missing,,,,
507,,,,,Inactive,,,ICO001,I-CONNECT SYSTEMS INTEGRATION  INC,4780 ORTIGAS AVE EXTENTION (WAREHOUSE) (C3) ROSARIO,****,008-440-856-00000,,,,,,,,,,,,,,,,,,N/A,,,N/A,,,Missing,,,N/A,,,,,,,,,,,,,Missing,,,,
508,4,Low Activity,14,"Automotive Dealer | Vehicles, Spare Parts & Automotive Services",Pending,Supplier-Local-NT,Regular,ICO001-NT,ICONIC DEALERSHIP INC,"E RODRIGUEZ JR AVENUE CORNER CALLE INDUSTRIA, BAGUMBAYAN 1110 QUEZON CITY",****,008-452-246-00005,,CRISTY BARISO,,,,,,,,,,,,,,,,N/A,,,N/A,,,Missing,,,N/A,,,,,,,,,,,,,Missing,,,,
509,,,,,Inactive,,,ICO002-NT,I-CON TECH INT'L. INC.,"BLK 12 LOT 15&16 VILLA OLYMPIA MAIN ROAD, SAN VICENTE, SAN PEDRO LAGUNA 4023",****,007-991-151-00000,,ROSALYN RACADIO,,,sales@icontechph.com,,,,,,,,,,,,,N/A,,,N/A,,,Missing,,,N/A,,,,,,,,,,,,,Missing,,,,
510,4,Low Activity,1,Reseller | Active | IT Solutions Provider,Pending,Supplier-Local,Regular,ICS001,"INTEGRATED COMPUTER SYSTEMS, INC","3/F RM 303 LIMKETKAI BUILDING,",****,000-055-526-00000,,,,,,,,,,,,,,,,,,N/A,,,N/A,,,Missing,,,N/A,,,,,,,,,,,,,Missing,,,,
511,,,,,Inactive,,,IDC001,ID CARDS DIRECT LLC,"24285 Katy Freeway, Suite 300",****,000000000000000,,MATT FABRAY,,,,,,,,,,,,,,,,N/A,,,N/A,,,Missing,,,N/A,,,,,,,,,,,,,Missing,,,,
512,,,,,Inactive,,,IDE001-NT,IDEAS IN PRINT TRADING,,****,000-000-000-00100,,,,,,,,,,,,,,,,,,N/A,,,N/A,,,Missing,,,N/A,,,,,,,,,,,,,Missing,,,,
513,,,,,Inactive,,,IHR001-NT,IHRI GLOBAL MANAGEMENT CENTER INC.,"11TH FLOOR FOUR/NEO  BUILDING, BONIFACIO GLOBAL CITY, TAGUIG CITY, 1634",****,010-708-914-000,,SALES PERSON,,,,,,,,,,,,,,,,N/A,,,N/A,,,Missing,,,N/A,,,,,,,,,,,,,Missing,,,,
514,4,Low Activity,3,Supplier | Active | Furniture & Home Furnishing Retailer (IKEA Philippines),Pending,Supplier-Local,Regular,IKA001,"IKANO (PHILIPPINES), INC.",MARINA WAY MOA COMPLEX CBP-IA ZONE 10 BRGY 76,****,009-560-864-00000,,IKEA,,,,,,,,,,,,,,,,N/A,,,N/A,,,Missing,,,N/A,,,,,,,,,,,,,Missing,,,,
515,4,Low Activity,3,Supplier | Active | Furniture & Home Furnishing Retailer (IKEA Philippines),Pending,Supplier-Local-NT,Regular,IKA001-NT,"IKANO (PHILIPPINES), INC.",MARINA WAY MOA COMPLEX CBP-IA ZONE 10 BRGY 76,****,009-560-864-00000,,IKEA,,,,,,,,,,,,,,,,N/A,,,N/A,,,Missing,,,N/A,,,,,,,,,,,,,Missing,,,,
516,,,,,Inactive,,,IME001,IME ENTERPRISES,NANOC LARENA SIQUIJOR,****,245-833-406-00000,,,,,,,,,,,,,,,,,,N/A,,,N/A,,,Missing,,,N/A,,,,,,,,,,,,,Missing,,,,
517,3,Low Activity,4,,Pending,Supplier-Foreign,Regular,IMM001,IMMUNIWEB,"Quai de l'Île 13, CH-1204 Geneva, Switzerland.",****,000-000-000-00000,,ANDRII SLOBODIANYK,,,,,,,,,,,,,,,,N/A,,,N/A,,,Missing,,,N/A,,,,,,,,,,,,,Missing,,,,
518,,,,,Inactive,,,IMP001,IMPERIAL APPLIANCE PLAZA,"ARROYO ST., BRGY. ZONE III, (POB) STA. BARBARA, ILOILO CITY",****,000-249-888-00100,,ROY BATALUNA,,,,,,,,,,,,,,,,N/A,,,N/A,,,Missing,,,N/A,,,,,,,,,,,,,Missing,,,,
519,1,Low Activity,148,8-10-26: Import Permit,Incomplete,Supplier-Local,Regular,IMV001,"IMV INTERNATIONAL MICRO VILLAGE, INC. ","204 MEC BLDG. HERRERA ST. COR. ALFARO ST. SALCEDO VILLAGE, BEL-AIR 1227 CITY OF MAKATI NCR, FOURTH DISTRICT PHILIPPINES",,005-038-188-00000,,Angel Caasi,Accounts Receivable Specialist I,"639638581226 | 
(+632) 8776 47 64 loc 404",angel.caasi@imvph.com,Not yet,No,No,No,Yes,Yes,Yes,No,31-Dec-2025,Current,-252,20-Jan-2027,Current,133,,N/A,,31-Dec-2026,Current,113,to follow,Current,#VALUE!,Yes,Yes,N/A,N/A,,,,,,,,Missing,,,,
520,1,Low Activity,148,8-10-26: Import Permit,Incomplete,Supplier-Local-NT,Regular,IMV002-NT,"IMV INTERNATIONAL MICRO VILLAGE, INC. ","204 MEC BLDG. HERRERA ST. COR. ALFARO ST. SALCEDO VILLAGE, BEL-AIR 1227 CITY OF MAKATI NCR, FOURTH DISTRICT PHILIPPINES",,005-038-188-00000,,,,,,,,,,,,,,,,,,N/A,,,N/A,,,Missing,,,N/A,,,,,,,,,,,,,Missing,,,,
521,,,,,Inactive,,,INC001-NT,"INCALSYS METROLOGY AND LABORATORY SERVICE, INC.","1F TECH PLACE ONE BLDG., ORTIGAS AVENUE EXT., BEVERLY HILLS SUBDIVISION,",****,007-743-198-00000,,,,,,,,,,,,,,,,,,N/A,,,N/A,,,Missing,,,N/A,,,,,,,,,,,,,Missing,,,,
522,,,,,Inactive,,,INC002-NT,INCALSYS METROLOGY AND LABORATORY SERVICES INC.,"1F TECH PLACE ONE BLDG ORTIGAS AVE, BEVERLY HILLS ANTIPOLO CITY, RIZAL 1870 PH",****,045-007-743-198,,ROMY MARCOS,,,,,,,,,,,,,,,,N/A,,,N/A,,,Missing,,,N/A,,,,,,,,,,,,,Missing,,,,
523,4,Low Activity,10,"IT, Cybersecurity & Networking Training Provider",Pending,Supplier-Foreign,Regular,INE001,"INTERNETWORK EXPERT, LLC","1235 EAST BLVD , SUITE E 5025 CHARLOTTE, NC 28203 USA",****,000-000-000-00000,,Bryson Blaylock,,,,,,,,,,,,,,,,N/A,,,N/A,,,Missing,,,N/A,,,,,,,,,,,,,Missing,,,,
524,,,,,Inactive,,,INF001,INFORMATION TECHNOLOGY SECURITY DISTRIBUTION INC.,6F WSI CORPORATE CENTER 1005 METROPOLITANT AVE SANTA CRUZ,****,236-340-739-00100,,,,,,,,,,,,,,,,,,N/A,,,N/A,,,Missing,,,N/A,,,,,,,,,,,,,Missing,,,,
525,,,,,Inactive,,,INF001-NT,INFORMATION TECHNOLOGY SECURITY DISTRIBUTION INC.,6F WSI CORPORATE CENTER 1005 METROPOLITANT AVE SANTA CRUZ,****,236-340-739-00100,,JONELLA ASTURIO,,,,,,,,,,,,,,,,N/A,,,N/A,,,Missing,,,N/A,,,,,,,,,,,,,Missing,,,,
526,4,Low Activity,1,Reseller | Local | Active | IT Solutions & Managed Services Provider,Pending,Supplier-Local,Regular,INF002,"INFOWORX, INC","2/F GILMORE IT CENTER                   GILMORE ST., VALENCIA, NEW MANILA",****,004-845-988-00000,,,,,,,,,,,,,,,,,,N/A,,,N/A,,,Missing,,,N/A,,,,,,,,,,,,,Missing,,,,
527,,,,,Inactive,,,INF002-NT,INFINITUS MARKETING SOLUTIONS INC.,UNIT 6-C 6/F VALERO TOWER 122 VALERO STREET SALCEDO VILLAGE  BEL AIR MAKATI CITY,****,740-923-321-000,,ROMY MARCOS,,,,,,,,,,,,,,,,N/A,,,N/A,,,Missing,,,N/A,,,,,,,,,,,,,Missing,,,,
528,,,,,Inactive,,,INF003,INFINITEINTEGRATED SYSTEMS INC,,****,008-829-249-00000,,,,,,,,,,,,,,,,,,N/A,,,N/A,,,Missing,,,N/A,,,,,,,,,,,,,Missing,,,,
529,,,,,Inactive,,,INF004,INFOSYTE SDN DHD,PUCHONG,****,000-000-000-00000,,,,,,,,,,,,,,,,,,N/A,,,N/A,,,Missing,,,N/A,,,,,,,,,,,,,Missing,,,,
530,,,,,Inactive,,,INF005,"INFOBAHN COMMUNICATIONS, INC.","923 AURORA BLVD., LA SALLE, SILANGAN, CUBAO, QUEZON CITY",****,004-840-797-00000,,,,,,,,,,,,,,,,,,N/A,,,N/A,,,Missing,,,N/A,,,,,,,,,,,,,Missing,,,,
531,,,,,Inactive,,,INF006,INFOTOUCH SYSTEMS INC.,"UNIT 202-204 DON PABLO BUILDING 114 AMORSOLO ST LEGASPI VILLAGE SAN LORENZO 1229 , MAKATI CITY NCR",****,223-896-631-00000,,Patrick Nohay,,09500806046,,,,,,,,,,,,,,N/A,,,N/A,,,Missing,,,N/A,,,,,,,,,,,,,Missing,,,,
532,,,,,Inactive,,,INF007,INFINITE INTEGRATION & CONSULTING CORP.,UNIT 2 MEGASTATE BLDG. 737 G. ARANETA AVE. CORNER AGNO EXT. TATALON 4,****,008-002-359-000,,CCTV KING,,09771420492,,,,,,,,,,,,,,N/A,,,N/A,,,Missing,,,N/A,,,,,,,,,,,,,Missing,,,,
533,4,Low Activity,7,"IT Distributor, Cloud & Technology Solutions",Pending,Supplier-Foreign,Regular,ING001,INGRAM MICRO ASIA PTE LTD,205 KALLANG BAHRU #02-00 SINGAPORE 339341,****,M2-0061140-3,,,,,,,,,,,,,,,,,,N/A,,,N/A,,,Missing,,,N/A,,,,,,,,,,,,,Missing,,,,
534,4,Low Activity,7,"IT Distributor, Cloud & Technology Solutions",Pending,Supplier-Foreign-NT,Regular,ING001-NT,INGRAM MICRO ASIA PTE LTD,205 KALLANG BAHRU #02-00 SINGAPORE 339341,****,M2-0061140-3000,,NAME,,,,,,,,,,,,,,,,N/A,,,N/A,,,Missing,,,N/A,,,,,,,,,,,,,Missing,,,,
535,,,,,Inactive,,,INK001-NT,INK AND THREADS CO.,UNIT 2 PHILAM TOWNHOMES #895 EDSA PHIL-AM 1 QUEZON CITY 1104,****,010-296-750-00000,,,,,,,,,,,,,,,,,,N/A,,,N/A,,,Missing,,,N/A,,,,,,,,,,,,,Missing,,,,
536,,,,,Inactive,,,INN001,INNOVATIVE TRAINING WORKS INC.,"UNIT 602-A ALABANG BUSINESS TOWER       1216 ACACIA AVE., MADRIGAL BUSINESS PARKAYALA, ALABANG",****,209-571-715-00000,,,,,,,,,,,,,,,,,,N/A,,,N/A,,,Missing,,,N/A,,,,,,,,,,,,,Missing,,,,
537,,,,,Inactive,,,INN002-NT,INNOVE COMMUNICATIONS INC,9/F THE GLOBE TOWER-CEBU SAMAR LOOP COR PANAY ROAD CEBU CITY CEBU,****,000-360-916-00000,,,,,,,,,,,,,,,,,,N/A,,,N/A,,,Missing,,,N/A,,,,,,,,,,,,,Missing,,,,
538,,,,,Inactive,,,INN003,"INNOVISTA TECHNOLOGIES, INC.",5F WORLDCHEERS BLDG 46-48 N DOMINGO ST SAN PERFECTO SAN JUAN CITY 1500,****,002-765-139-00000,,,,,,,,,,,,,,,,,,N/A,,,N/A,,,Missing,,,N/A,,,,,,,,,,,,,Missing,,,,
539,,,,,Inactive,,,INN003-NT,"INNOVISTA TECHNOLOGIES, INC.",5F WORLDCHEERS BLDG 46-48 N DOMINGO ST SAN PERFECTO SAN JUAN,****,002-765-139-00000,,,,,,,,,,,,,,,,,,N/A,,,N/A,,,Missing,,,N/A,,,,,,,,,,,,,Missing,,,,
540,,,,,Inactive,,,INS001,INSTA360,"2323 MAIN ST., UNIT 16, IRVINE, CA 92614",****,000-000-000-00000,,DERRICK SY,,,,,,,,,,,,,,,,N/A,,,N/A,,,Missing,,,N/A,,,,,,,,,,,,,Missing,,,,
541,,,,,Inactive,,,INS001-NT,INSURANCE COMPANY OF NORTH AMERICA,"24TH ZUELLIG BLDG., MAKATI AVE., COR PASEO DE ROXAS MAKATI CITY",****,000-589-211-00000,,,,,,,,,,,,,,,,,,N/A,,,N/A,,,Missing,,,N/A,,,,,,,,,,,,,Missing,,,,
542,2,Low Activity,67,No data | 8-10-26: FF done,Pending,Supplier-Local,Regular,INS007,INSIGHT SUPPLY CHAIN SOLUTIONS INC.,"UNIT 10B 10F JMT CORPORATE CONDOMINIUM ADB AVE., ORTIGAS CENTER SAN ANTONIO, PASIG CITY, 1600",****,621-703-558-00000,,,,,,,,,,,,,,,,,,N/A,,,N/A,,,Missing,,,N/A,,,,,,,,,,,,,Missing,,,,
543,4,Low Activity,1,Reseller | Local | Active | Security Systems & Building Automation Provider,Pending,Supplier-Local,Regular,INT001,"INTEGRATED SECURITY AND AUTOMATION, INC.","122 P. CRUZ STREET, NEW ZANIGA",****,006-539-714-00000,,,,,,,,,,,,,,,,,,N/A,,,N/A,,,Missing,,,N/A,,,,,,,,,,,,,Missing,,,,
544,,,,,Inactive,,,INT001-NT,INTERNATIONAL JOURNEYS INC,ROOM 202 2F IVY HILL RESIDENCES 2350 TAFT AVE BRGY 725 ZONE 079 MALATE MANILA 1009,****,000-349-001-000,,KEM  LIM,,,,,,,,,,,,,,,,N/A,,,N/A,,,Missing,,,N/A,,,,,,,,,,,,,Missing,,,,
545,,,,,Inactive,,,INT002,INTELENET COMMUNICATION,UNIT 19B SAUDI ARABIA ST. BETTERLIVING  SUBD.,****,109-397-406-00000,,,,,,,,,,,,,,,,,,N/A,,,N/A,,,Missing,,,N/A,,,,,,,,,,,,,Missing,,,,
546,,,,,Inactive,,,INT003,INTERCONNECT SYSTEMS INCORPORATED,,****,220-245-045-00000,,,,,,,,,,,,,,,,,,N/A,,,N/A,,,Missing,,,N/A,,,,,,,,,,,,,Missing,,,,
547,,,,,Inactive,,,INT004,INTELLISMART TECHNOLOGY INC,"16-A Catanduanes St. West Avenue, Quezon City",****,200-833-967-00000,,MA. JENNEPE DY,,09493158882,,,,,,,,,,,,,,N/A,,,N/A,,,Missing,,,N/A,,,,,,,,,,,,,Missing,,,,
548,3,Low Activity,47,Reseller | apparel and clothing business,Pending,Supplier-Local-NT,Regular,INT004-NT,INTERNATIONAL SPECIALTY APPAREL INC.,5TH FLOOR ENZO BUILDING 399 SEN GIL PUYAT AVENUE,****,008-636-492-00000,,,,,,,,,,,,,,,,,,N/A,,,N/A,,,Missing,,,N/A,,,,,,,,,,,,,Missing,,,,
549,4,Low Activity,11,,Pending,Supplier-Local-NT,Regular,INT005-NT,INTERNATIONAL SPECIALTY RETAILERS INC,5F ENZO BLDG. 399 SEN GIL PUYAT AVE MAKATI CITY,****,008-422-798-00000,,,,,,,,,,,,,,,,,,N/A,,,N/A,,,Missing,,,N/A,,,,,,,,,,,,,Missing,,,,
550,,,,,Inactive,,,INT006-NT,"INTERNATIONAL TOYWORLD, INC.",SM CITY NORTH EDSA,****,000-404-818-01900,,TOY KINGDOM,,,,,,,,,,,,,,,,N/A,,,N/A,,,Missing,,,N/A,,,,,,,,,,,,,Missing,,,,
551,,,,,Inactive,,,INT007-NT,"INTERNATIONAL SPECIALTY CONCEPTS, INC.","UG & 2ND LEVEL MEGA FASHION HALL BLDG SM MEGAMALL BLDG. D, J. VARGAS WACK-WACK GREENHILLS",****,238-777-814-009,,DEWI VALIENTES,,,,,,,,,,,,,,,,N/A,,,N/A,,,Missing,,,N/A,,,,,,,,,,,,,Missing,,,,
552,,,,,Inactive,,,INT010,INTERNET OF THINGS PHILIPPINES INC.,"UNIT 37 & 38 ARCEL BLDG, 137 N DOMINGO ST BALONG BATO, SA JUAN, METRO MANILA",****,008-712-876-000,,ANGELICA GUTIERREZ,,,,,,,,,,,,,,,,N/A,,,N/A,,,Missing,,,N/A,,,,,,,,,,,,,Missing,,,,
553,4,Low Activity,3,Reseller | ICT Solutions,Pending,Supplier-Local,Regular,INV001,INVICTUS IT ENTERPRISE SOLUTIONS CORP,12F TIMES PLAZA BLDG UN AVE COR TAFT AVE ZONE 72 BARANGGAY 670 1000 ERMITA NCT. MANILA,****,634-544-427-00000,,Vilma Garcia,,09564090382,,,,,,,,,,,,,,N/A,,,N/A,,,Missing,,,N/A,,,,,,,,,,,,,Missing,,,,
554,,,,,Inactive,,,INV002,INVISION IT DISTRIBUTION CORP,UNIT H G/F ACE CITI INDUSTRIAL TOWER 1 555 CARLOS PALANCA ST. BARANGAY 647 ZONE 067 1005 SAN MIGUEL,****,740-900-840-00000,,ANALYN CASAS,,,,,,,,,,,,,,,,N/A,,,N/A,,,Missing,,,N/A,,,,,,,,,,,,,Missing,,,,
555,1,Low Activity,439,"SEC Page 1 only/BIR 2303/Business Permit
8-10-26: Other docs cannot be provided as per Heidi",Incomplete,Supplier-Local,Regular,ION001,"IONTECH, INC.",ROOM 200 TIMBOL-SINGH BLDG 915 AURORA BLVD. COR. ALBANY ST. CUBAO QUEZON CITY 1109,****,006-997-592-00000,Retailer | Computer Peripherals/Parts/Accessories,Heidi Mariano,Sales,639955823011,heidi_mariano@mailgateways.com,Not yet,No,No,No,,Yes,Yes,,,,,,N/A,,,N/A,,,Missing,,,N/A,,,,,,,,,,,,,Missing,,,,
556,,,,,Inactive,,,ION002,IONE RESOURCES INC,UNIT1006 THE CENTERPOINT CONDOMINIUM JULIA VARGAS AVE COR GARNET ROAD ORTIGAS CTR SAN ANTONIO PASIG,****,216-322-579-00000,,,,,,,,,,,,,,,,,,N/A,,,N/A,,,Missing,,,N/A,,,,,,,,,,,,,Missing,,,,
557,1,Low Activity,439,"SEC Page 1 only/BIR 2303/Business Permit
8-10-26: Other docs cannot be provided as per Heidi",Incomplete,Supplier-Local-NT,Regular,ION003-NT,"IONTECH, INC.",ROOM 200 TIMBOL-SINGH BLDG 915 AURORA BLVD. COR. ALBANY ST. CUBAO QUEZON CITY 1109,****,006-997-592-00000,Retailer | Computer Peripherals/Parts/Accessories,Heidi Mariano,Sales,639955823011,heidi_mariano@mailgateways.com,Not yet,No,No,No,,Yes,Yes,,,,,,N/A,,,N/A,,,Missing,,,N/A,,,,,,,,,,,,,Missing,,,,
558,2,Low Activity,239,"SEC Page 1 only
BIR 2303
Business Permit",Incomplete,,Regular,ION004,IONTECH ENTERPRISE INC.,"UNIT 316 CITY TOWER CONDOMINIUM 810 AURORA BLVD KAUNLARAN CUBAO 1111 QUEZON CITY NCR, SECOND DISTRICT PHILIPPINES",****,601-906-669-00000,"Wholesale, Retail",Jecery Envangelista,Account Executive,639088153465,jecery_evangelista@mailgateways.com,Not yet,No,No,No,,,,,,,,,N/A,,,N/A,,11-May-2027,Current,244,,N/A,,,,,,,,,,,,,Missing,,,,
559,,,,,Inactive,,,ION005-NT,IONTECH ENTERPRISE INC.,"UNIT 316 CITY TOWER CONDOMINIUM 810 AURORA BLVD KAUNLARAN CUBAO 1111 QUEZON CITY NCR, SECOND DISTRICT PHILIPPINES",****,601-906-669-00000,"Wholesale, Retail",Jecery Envangelista,Account Executive,639088153465,jecery_evangelista@mailgateways.com,Not yet,No,No,No,,,,,,,,,N/A,,,N/A,,11-May-2027,Current,244,,N/A,,,,,,,,,,,,,Missing,,,,
560,,,,,Inactive,,,ION006,"IONHEALTH SOLUTIONS, INC.",UNIT 410 JMK BLDG WEST AVENUE BUNGAD QUEZON CITY,****,771-675-945-00000,,,,,,,,,,,,,,,,,,N/A,,,N/A,,,Missing,,,N/A,,,,,,,,,,,,,Missing,,,,
561,,,,,Inactive,,,IPS001,IPSYSTEMS INC.,UNIT 1004 ANTEL GLOBAL CORPORATE CENTER 3 JULIA VERGAS AVE ORTIGAS CENTER SAN ANTONIO PASIG,****,006-335-547-00000,,,,,,,,,,,,,,,,,,N/A,,,N/A,,,Missing,,,N/A,,,,,,,,,,,,,Missing,,,,
562,3,Low Activity,21,,Pending,Supplier-Local,Regular,IRI001,"IRIDIUM TECHNOLOGIES, INC.","304 PASDA COMMERCIAL BLDG., ARANETA AVE., COR. P. FLORENTINO ST., SANTO DOMINGO, QUEZON CITY",****,009-161-512-00000,,,,,,,,,,,,,,,,,,N/A,,,N/A,,,Missing,,,N/A,,,,,,,,,,,,,Missing,,,,
563,3,Low Activity,21,,Pending,Supplier-Local-NT,Regular,IRI001-NT,"IRIDIUM TECHNOLOGIES, INC.","304 PASDA COMMERCIAL BLDG., ARANETA AVE., COR. P. FLORENTINO ST.,",****,009-161-512-00000,,,,,,,,,,,,,,,,,,N/A,,,N/A,,,Missing,,,N/A,,,,,,,,,,,,,Missing,,,,
564,4,Low Activity,3,Pending Verification | Undetermined | Individual / Sole Proprietor | Products/Services Undetermined,Pending,Supplier-Local-NT,Regular,IRI002-NT,IRISH ANE PAOLA LORESTO CASTANEDA,ARK CONDOMINIUM 92 SIERRA MADRE ST. MANDALUYONG CITY,****,000-323-838-849,,IRISH ANE PAOLA LORESTO CASTANEDA,,,,,,,,,,,,,,,,N/A,,,N/A,,,Missing,,,N/A,,,,,,,,,,,,,Missing,,,,
565,,,,,Inactive,,,ISA001,ISAGE COMMUNICATIONS PTE LTD,1014 #02-202 GEYLANG EAT AVE 3,****,000-000-000-00000,,,,,,,,,,,,,,,,,,N/A,,,N/A,,,Missing,,,N/A,,,,,,,,,,,,,Missing,,,,
566,4,Low Activity,13,Cybersecurity Distributor,Pending,Supplier-Local,Regular,ISE001,ISECURE NETWORKS INCORPORATED,"1402 JOLLIBEE CENTRE                    SAN MIGUEL AVENUE,                      SAN ANTONIO",****,006-511-126-00000,,,,,,,,,,,,,,,,,,N/A,,,N/A,,,Missing,,,N/A,,,,,,,,,,,,,Missing,,,,
567,4,Low Activity,13,Cybersecurity Distributor,Pending,Supplier-Local-NT,Regular,ISE002-NT,ISECURE NETWORKS INCORPORATED,1402 JOLLIBEE CENTRE,****,006-511-126-00000,,,,,,,,,,,,,,,,,,N/A,,,N/A,,,Missing,,,N/A,,,,,,,,,,,,,Missing,,,,
568,4,Low Activity,2,Supplier | Local | Active | Furniture & Interior Furnishing Solutions Provider,Pending,Supplier-Local-NT,Regular,ISP001-NT,ISPACE FURNISHING INC.,"UNIT 03 G/F E-SQUARE ORTIGAS AVE GREENHILLS, SAN JUAN CITY",****,008-093-108-000,,LYKA SUMULAT,,09778250088,,,,,,,,,,,,,,N/A,,,N/A,,,Missing,,,N/A,,,,,,,,,,,,,Missing,,,,
569,,,,,Inactive,,,ITA001-NT,ITAP CONVERGENCE ALLIANCE INC.,4/F VSK BLDG 2 ACACIA LANE MANDALUYONG CITY 1550,****,243-862-370-000,,JANINE LAUGO LIBREA,,,,,,,,,,,,,,,,N/A,,,N/A,,,Missing,,,N/A,,,,,,,,,,,,,Missing,,,,
570,,,,,Inactive,,,ITD001,IT DEPOT INC,UNIT 201 2ND FLR SOTELO BUSINESS CENTER NO 695 QUIRINO AVE BRGY TAMBO,****,008-864-225-00000,,,,,,,,,,,,,,,,,,N/A,,,N/A,,,Missing,,,N/A,,,,,,,,,,,,,Missing,,,,
571,,,,,Inactive,,,ITG001,IT GROUP INC.,15F HEXAGON CORPORATE CENTER 1471 BRGY. WEST TRIANGLE QUEZON CITY 1104,****,224-343-697-000,,JESSALYN CRUZ,,,,,,,,,,,,,,,,N/A,,,N/A,,,Missing,,,N/A,,,,,,,,,,,,,Missing,,,,
572,,,,,Inactive,,,ITH001,ITHRIVE TECHNOLOGICAL SUPPLIES AND SERVICES,RM26 2F UYBICO BLDG YULO ST PRESIDENT ROXAS ILOILO CITY,****,493-824-879-00000,,,,,,,,,,,,,,,,,,N/A,,,N/A,,,Missing,,,N/A,,,,,,,,,,,,,Missing,,,,
573,,,,,Inactive,,,ITI001-NT,"I. T. INTERACTION PHILIPPINES, INC.","2ND FLOOR IBM PLAZA 8 EASTWOOD AVENUE, EASTWEST CITY CYBERPARK E. RODRIGUEZ JR AVE., 1110 LIBIS",****,230-621-016-00000,,,,,,,,,,,,,,,,,,N/A,,,N/A,,,Missing,,,N/A,,,,,,,,,,,,,Missing,,,,
574,4,Low Activity,54,,Accredited,Subcontructor,Regular,J&C001,J & C OBENITA CONSTRUCTION OPC,CUENCA BLDG. LOT 16/BLOCK 9 P. LABUCA ST. SACRED HOMES SUBD. CONSOJONG 6045 CITY OF TALISAY CEBU PHILIPPINES,****,602-865-132-00000,,Christina Sorela,Finance/Accounting Department,9948300561,christina100675@gmail.com,27-Mar-2025,Yes,Yes,Yes,Yes,Yes,Yes,,31-Dec-2025,Current,-252,,N/A,,,N/A,,31-Dec-2026,Current,113,,N/A,,Yes,,N/A,N/A,,,,,,,,Missing,,,,
575,,,,,Inactive,,,J&D001,J&D HARDWARE AND SOFTWARE SOLUTIONS CO,,****,000-000-000-00000,,,,,,,,,,,,,,,,,,N/A,,,N/A,,,Missing,,,N/A,,,,,,,,,,,,,Missing,,,,
576,4,Low Activity,4,Supplier | Local | Active | Online Retail & General Merchandise Provider,Pending,Supplier-Local-NT,Regular,J31001-NT,J316. ONLINE STORE,CANUMAY VALENZUELA CITY,****,290-666-730-00000,,DAVID,,,,,,,,,,,,,,,,N/A,,,N/A,,,Missing,,,N/A,,,,,,,,,,,,,Missing,,,,
577,,,,,Inactive,,,JAG001,JAGUZ MARKETING,G/F UNIT #114 CITY MALL DAU ACCESS ROAD DAU MABALACAT PAMPANGA 2010,****,916-761-752-00200,,,,,,,,,,,,,,,,,,N/A,,,N/A,,,Missing,,,N/A,,,,,,,,,,,,,Missing,,,,
578,4,Low Activity,13,,Pending,Supplier-Local,Regular,JAK001,JAKPRIME ENGINEERING SOLUTIONS INC.,J. CASIM BLDG 404 CURIE ST BRGY PALANAN MAKATI CITY,****,614-101-626-00000,,,,,,,,,,,,,,,,,,N/A,,,N/A,,,Missing,,,N/A,,,,,,,,,,,,,Missing,,,,
579,,,,,Inactive,,,JAK002-NT,JAKE AND JAMES EDUCATIONAL TOUR SERVICES,LOT 3 N. SORIANO ST. VILLA DULALIA BANGA 2 BANGA 3020 CITY OF MEYCAUAYAN BULACAN,****,238-114-245-000,,JACKSON SARCIA ESTRADA,,09774750784,,,,,,,,,,,,,,N/A,,,N/A,,,Missing,,,N/A,,,,,,,,,,,,,Missing,,,,
580,4,Low Activity,8,Printing Services | Commercial Printing,Pending,Supplier-Local-NT,Regular,JAN001-NT,JANUS PRINTING SERVICES,"R. MAGSAYSAY BLVD., BRGY 593 ZONE 058 STAMESA MANILA",****,121-079-501-00000,,,,,,,,,,,,,,,,,,N/A,,,N/A,,,Missing,,,N/A,,,,,,,,,,,,,Missing,,,,
581,,,,,Inactive,,,JAN002-NT,JAN MICHAEL LIM,,****,000-000-000-00000,,,,,,,,,,,,,,,,,,N/A,,,N/A,,,Missing,,,N/A,,,,,,,,,,,,,Missing,,,,
582,,,,,Inactive,,,JAN003,JAN A TRADING,"UNIT 9G GLODA BLDG 1157 CRAIG ST BARANGGAY 506 ZONE 0501008 SAMAPLOC NCR. CITY OF MANILA, FIRST DIST",****,413-047-504-00000,,YVONNE ANCHETA,,09183841314,,,,,,,,,,,,,,N/A,,,N/A,,,Missing,,,N/A,,,,,,,,,,,,,Missing,,,,
583,,,,,Inactive,,,JAR001,JARDINE ENERGY CONTROL COMPANY INC,GF JARDINE BLDG JM COMPOUND FARADAY ST COR PRES SARGIO OSMENA HIGHWAY,****,005-618-676-00000,,,,,,,,,,,,,,,,,,N/A,,,N/A,,,Missing,,,N/A,,,,,,,,,,,,,Missing,,,,
584,,,,,Inactive,,,JAR001-NT,"JARO, SALVACION IGNACIO",LOWER BPI LAMAO 2103 LIMAY BATAAN PHILIPPINES,****,480-326-529-00000,,HAZEL,,,,,,,,,,,,,,,,N/A,,,N/A,,,Missing,,,N/A,,,,,,,,,,,,,Missing,,,,
585,,,,,Inactive,,,JAR002,JARG WEB DESIGN,007 FELIMON ST MIKESELL SUBD TALON V,****,938-867-628-000NV,,,,,,,,,,,,,,,,,,N/A,,,N/A,,,Missing,,,N/A,,,,,,,,,,,,,Missing,,,,
586,,,,,Inactive,,,JAS001-NT,JASON BALAIS,MANDALUYONG CITY,****,271-112-197-00000,,,,,,,,,,,,,,,,,,N/A,,,N/A,,,Missing,,,N/A,,,,,,,,,,,,,Missing,,,,
587,,,,,Inactive,,,JAY001,JAYRAN TRADING,"18B 15TH AVENUE, MURPHY CUBAO, QUEZON CITY",****,131-250-833-00000,,michael,,,,,,,,,,,,,,,,N/A,,,N/A,,,Missing,,,N/A,,,,,,,,,,,,,Missing,,,,
588,,,,,Inactive,,,JAY001-NT,JAY REY RASONABE,MANDALUYONG CITY,****,158-191-051-00000,,,,,,,,,,,,,,,,,,N/A,,,N/A,,,Missing,,,N/A,,,,,,,,,,,,,Missing,,,,
589,,,,,Inactive,,,JAY002-NT,JAY ARROYO,,****,000-000-000-00000,,,,,,,,,,,,,,,,,,N/A,,,N/A,,,Missing,,,N/A,,,,,,,,,,,,,Missing,,,,
590,,,,,Inactive,,,JAY003-NT,JAYRAN TRADING,"18B 15TH AVENUE, MURPHY CUBAO, QUEZON CITY",****,131-250-833-00000,,,,,,,,,,,,,,,,,,N/A,,,N/A,,,Missing,,,N/A,,,,,,,,,,,,,Missing,,,,
591,,,,,Inactive,,,JBM001,JB MUSIC & SPORTS INCORPORATED,0076-0078 SM CITY ILOILO,****,002-563-606-02200,,AILYN,,+639128011092,,,,,,,,,,,,,,N/A,,,N/A,,,Missing,,,N/A,,,,,,,,,,,,,Missing,,,,
592,,,,,Inactive,,,JBM001-NT,JB MUSIC & SPORTS INCORPORATED,0076-0078 SM CITY ILOILO,****,002-563-606-02200,,,,,,,,,,,,,,,,,,N/A,,,N/A,,,Missing,,,N/A,,,,,,,,,,,,,Missing,,,,
593,,,,,Inactive,,,JBS001-NT,JBS WORLDWIDE EXPRESS SYSTEM INC,"4341-A CLIPPER AVE., BAYVIEW VILLAGE TAMBO PARANAQUE CITY",****,001-008-798-00000,,,,,,,,,,,,,,,,,,N/A,,,N/A,,,Missing,,,N/A,,,,,,,,,,,,,Missing,,,,
594,,,,,Inactive,,,JCC001-NT,JC CORDIAL,MANDALUYONG CITY,****,294-507-586-00000,,,,,,,,,,,,,,,,,,N/A,,,N/A,,,Missing,,,N/A,,,,,,,,,,,,,Missing,,,,
595,,,,,Inactive,,,JDH001,J&D HARDWARE AND SOFTWARE SOLUTIONS CO,100 C REYMUNDO AVE MAYBUNGA,****,009-210-567-00000,,,,,,,,,,,,,,,,,,N/A,,,N/A,,,Missing,,,N/A,,,,,,,,,,,,,Missing,,,,
596,,,,,Inactive,,,JDL001,JDL SECURITY SYSTEMS TECHNOLOGY CORPORATION,201 RLC BLDG SOBRECAREY ST COR STA ANA AVE,****,480-229-246-00000,,,,,,,,,,,,,,,,,,N/A,,,N/A,,,Missing,,,N/A,,,,,,,,,,,,,Missing,,,,
597,,,,,Inactive,,,JED001-NT,JEDAN'S HOUSEHOLD AND CONSTRUCTION SUPPLIES,Cebu City,****,348-023-924-00000,,Jedan,,1,,,,,,,,,,,,,,N/A,,,N/A,,,Missing,,,N/A,,,,,,,,,,,,,Missing,,,,
598,,,,,Inactive,,,JEO001-NT,JEON SOFTWARE INFORMATION SOLUTIONS,"564-A3 QUIRINO HIGHWAY, TALIPAPA NOVALICHES QUEZON CITY",****,443-616-025-00000,,,,,,,,,,,,,,,,,,N/A,,,N/A,,,Missing,,,N/A,,,,,,,,,,,,,Missing,,,,
599,,,,,Inactive,,,JER001-NT,JERRICO SANCHEZ,,****,293-607-793-00000,,,,,,,,,,,,,,,,,,N/A,,,N/A,,,Missing,,,N/A,,,,,,,,,,,,,Missing,,,,
600,,,,,Inactive,,,JER002-NT,JERICO OBICO,,****,000-000-000-00000,,,,,,,,,,,,,,,,,,N/A,,,N/A,,,Missing,,,N/A,,,,,,,,,,,,,Missing,,,,
601,,,,,Inactive,,,JER003-NT,JERLYN RAMOS,,****,000-000-000-00000,,,,,,,,,,,,,,,,,,N/A,,,N/A,,,Missing,,,N/A,,,,,,,,,,,,,Missing,,,,
602,,,,,Inactive,,,JES001-NT,JESELY MAGALONG BAUTISTA,3495 D. BONIFACIO ST FORTUNE DRIVE CANUMAY EAST (CANUMAY)1447 CITY OF VALENZUELA NCR THIRD DISTRICT,****,290-666-730-00000,,,,,,,,,,,,,,,,,,N/A,,,N/A,,,Missing,,,N/A,,,,,,,,,,,,,Missing,,,,
603,,,,,Inactive,,,JES002-NT,JESA MANAGEMENT CORPORATION,"CENTURY PLAZA, JUANA OSMENA ST., CEBU CITY",****,000-950-169-00000,,,,,,,,,,,,,,,,,,N/A,,,N/A,,,Missing,,,N/A,,,,,,,,,,,,,Missing,,,,
604,,,,,Inactive,,,JES003,JESSAN ABITANG,"2157 REVELINO ST. , BRGY 780 SANTA ANA MANILA",****,218-358-863-00000,,,,,,,,,,,,,,,,,,N/A,,,N/A,,,Missing,,,N/A,,,,,,,,,,,,,Missing,,,,
605,4,Low Activity,21,Importer / Distributor | Water Filtration & Dispensing Equipment,Pending,Supplier-Local-NT,Regular,JKC001-NT,JK COMMERCE INC,3/F U-310 BJS BLDG 1869 P DOMINGO ST KASILAWAN MAKATI CITY,****,008-165-412-00000,,,,,,,,,,,,,,,,,,N/A,,,N/A,,,Missing,,,N/A,,,,,,,,,,,,,Missing,,,,
606,,,,,Inactive,,,JLN001-NT,"GALLARDO, JULIEANA MARTINEZ","SALCEDO ST. BARANGAY III 2700 VIGAN CITY, ILOCOS SUR",****,698-824-947-00000,,"GALLARDO, JULIEANA",,,,,,,,,,,,,,,,N/A,,,N/A,,,Missing,,,N/A,,,,,,,,,,,,,Missing,,,,
607,,,,,Inactive,,,JMC001,JMC MASTER BUILDERS CORPORATION,"5061 A. LIM ST., BAGONG BAYAN SUBD., CUTCUT, ANGELES CITY, PAMPANGA",****,009-990-375-00000,,,,,,,,,,,,,,,,,,N/A,,,N/A,,,Missing,,,N/A,,,,,,,,,,,,,Missing,,,,
608,4,Low Activity,31,Supplier | Active | Consumer Goods Provider,Pending,Supplier-Local-NT,Regular,JNJ001-NT,J & J CONSUMER GOODS TRADING,1737H DIAN COR DAYAP ST BRGY PALANAN MAKATI CTY,****,205-681-388-00000,,JOY CUSTODIO,,,,,,,,,,,,,,,,N/A,,,N/A,,,Missing,,,N/A,,,,,,,,,,,,,Missing,,,,
609,,,,,Inactive,,,JOB001-NT,JOBSTREET.COM PHILIPPINES INC,23RD FLOOR ALLIANCE GLOBAL TOWER 36TH ST CORNER 11TH AVENUE UPTOWN BONIFACIO FOR BONIFACIO 1634 TAGU,****,204-013-048-00000,,,,,,,,,,,,,,,,,,N/A,,,N/A,,,Missing,,,N/A,,,,,,,,,,,,,Missing,,,,
610,,,,,Inactive,,,JOE001-NT,JOEVANIE MONTALBAN,,****,000-000-000-00000,,,,,,,,,,,,,,,,,,N/A,,,N/A,,,Missing,,,N/A,,,,,,,,,,,,,Missing,,,,
611,,,,,Inactive,,,JOE002-NT,JOEKELCEE TRADING,"634 JRA COMPOUND, LUPANG PARI,",****,485-701-559-00000,,,,,,,,,,,,,,,,,,N/A,,,N/A,,,Missing,,,N/A,,,,,,,,,,,,,Missing,,,,
612,4,Low Activity,5,Pending Verification | Supplier | General Merchandise | Undetermined,Pending,Supplier-Local-NT,Regular,JOE003-NT,JOEYDEL GENERAL MERCHANDISE,STALL # A-26 G/F DRAGON 8 SHOPPING CENTER DAGUPAN ST COR C M RECTO AVE,****,296-015-589-00000,,,,,,,,,,,,,,,,,,N/A,,,N/A,,,Missing,,,N/A,,,,,,,,,,,,,Missing,,,,
613,,,,,Inactive,,,JOH001-NT,JOHN KEITH FRANCISCO,,****,273-028-199-00000,,,,,,,,,,,,,,,,,,N/A,,,N/A,,,Missing,,,N/A,,,,,,,,,,,,,Missing,,,,
614,,,,,Inactive,,,JOM001-NT,JOMEL BOCALBOS,MANDALUYONG CITY,****,307-251-666-00000,,,,,,,,,,,,,,,,,,N/A,,,N/A,,,Missing,,,N/A,,,,,,,,,,,,,Missing,,,,
615,,,,,Inactive,,,JON001,JONATHAN BONITO,,****,000-000-000-00002,,,,,,,,,,,,,,,,,,N/A,,,N/A,,,Missing,,,N/A,,,,,,,,,,,,,Missing,,,,
616,,,,,Inactive,,,JON002-NT,JONATHAN ROXAS,,****,000-000-000-00000,,,,,,,,,,,,,,,,,,N/A,,,N/A,,,Missing,,,N/A,,,,,,,,,,,,,Missing,,,,
617,,,,,Inactive,,,JOR001,JORGE QUIAMBAO,"2878 ZAMORA ST., PASAY CITY",****,000000000000000,,JORGE QUIAMBAO,,,,,,,,,,,,,,,,N/A,,,N/A,,,Missing,,,N/A,,,,,,,,,,,,,Missing,,,,
618,4,Low Activity,1,Pending Verification | Undetermined | Individual / Sole Proprietor | Products/Services Undetermined,Pending,,Regular,JOS001-NT,JOSEPH M. MADIO,"4408B DALLAS COR EVANGELISTA ST. BANGKAL, MAKATI CITY 1233 NCR 4TH DIST PHILIPPINES",****,751-512-183-00000,,NORA CHENG,,09054165401,,,,,,,,,,,,,,N/A,,,N/A,,,Missing,,,N/A,,,,,,,,,,,,,Missing,,,,
619,4,Low Activity,8,Supplier | Active | Fire Protection Equipment & Industrial Supplies Provider,Pending,Supplier-Local-NT,Regular,JPB001-NT,JP BAJARO ENTERPRISE,"129-C MANALO ST., CORNER MARIANO MARCOS ST., BRGY. MAYTUNAS,",****,259-225-658-00000,,,,,,,,,,,,,,,,,,N/A,,,N/A,,,Missing,,,N/A,,,,,,,,,,,,,Missing,,,,
620,4,Low Activity,1,"Reseller | Local | Active | Photography, Imaging & Consumer Electronics Retailer",Pending,Supplier-Local,Regular,JTP001,"JT PHOTOWORLD, INC.","1434 GENERAL LUNA ST., BRGY 673 ZONE 73 PACO",****,237-822-495-00000,,,,,,,,,,,,,,,,,,N/A,,,N/A,,,Missing,,,N/A,,,,,,,,,,,,,Missing,,,,
621,,,,,Inactive,,,JUL001-NT,JULIUS AVERGONZADO,MANDALUYONG CITY,****,201-200-315-00000,,,,,,,,,,,,,,,,,,N/A,,,N/A,,,Missing,,,N/A,,,,,,,,,,,,,Missing,,,,
622,,,,,Inactive,,,JUL002-NT,JULIE ANN TY LIM,723 A R HIDALGO ST,****,292-970-672-00000,,,,,,,,,,,,,,,,,,N/A,,,N/A,,,Missing,,,N/A,,,,,,,,,,,,,Missing,,,,
623,4,Low Activity,2,Reseller | Local | Active | ERP & Business Software Solutions Provider,Pending,Supplier-Local,Regular,JUMP001,JUMP SOLUTIONS INC,602 TOWER 1 EAST BEL AIR RESIDENCES FELIX AVE SAN ISIDRO CAINTA RIZAL 1900 PHILIPPINES,****,007-975-846-000,,Rachel Cassandra Balbas-Damian,,,coordinator@steadfast.com.ph,,,,,,,,,,,,,N/A,,,N/A,,,Missing,,,N/A,,,,,,,,,,,,,Missing,,,,
624,,,,,Inactive,,,KAP001-NT,KAPPER INDUSTRIES CORPORATION,"132-A G/F J. BORROMEO & SONS BLDG., F. RAMOS ST., CEBU",****,448-460-866-000,,CHONA MAITEM,,,,,,,,,,,,,,,,N/A,,,N/A,,,Missing,,,N/A,,,,,,,,,,,,,Missing,,,,
625,,,,,Inactive,,,KAR001,KARNANI INC.,1690 KARNANI BLDG MALABON ST NEAR COR F. HUERTAS,****,202-614-646-00000,,,,,,,,,,,,,,,,,,N/A,,,N/A,,,Missing,,,N/A,,,,,,,,,,,,,Missing,,,,
626,4,Low Activity,12,Supplier | Local | Active | Manufacturing & Industrial Products Provider,Pending,Supplier-Local-NT,Regular,KAR001-NT,KART PLAZA MANUFACTURING CORP.,YAMAHA BLDG 43 SEN GIL PUYAT AVE,****,007-027-297-00100,,,,,,,,,,,,,,,,,,N/A,,,N/A,,,Missing,,,N/A,,,,,,,,,,,,,Missing,,,,
627,,,,,Inactive,,,KAS001-NT,KASILE HILLS RESORT INC,PUROK 4 CASILE CABUYAO CITY LAGUNA 4025 PHILIPPINES,****,010-516-393-00000,,CENTHEENA MANZANO,,,,,,,,,,,,,,,,N/A,,,N/A,,,Missing,,,N/A,,,,,,,,,,,,,Missing,,,,
628,,,,,Inactive,,,KAT001-NT,KATRINA BARRACA,,****,000-000-000-00000,,,,,,,,,,,,,,,,,,N/A,,,N/A,,,Missing,,,N/A,,,,,,,,,,,,,Missing,,,,
629,,,,,Inactive,,,KEN001-NT,KENNETH DIONGON,MANDALUYONG CITY,****,242-422-921-00000,,,,,,,,,,,,,,,,,,N/A,,,N/A,,,Missing,,,N/A,,,,,,,,,,,,,Missing,,,,
630,,,,,Inactive,,,KEY003,"KEYRUS EPM PHILIPPINES, INC.","Unit 404, Vicente Madrigal Building 6793 Ayala Avenue, Makati City, Philippines 1226.",****,101-852-583-00000,,Raymond Zhang,,,,,,,,,,,,,,,,N/A,,,N/A,,,Missing,,,N/A,,,,,,,,,,,,,Missing,,,,
631,4,Low Activity,1,Pending Verification | Undetermined | Individual / Sole Proprietor | Products/Services Undetermined,Pending,Supplier-Local-NT,Regular,KHA001-NT,"AL-KHALIFA, HASSEIN TUMAMBING","51 ILANG-ILANG STREET SAN PEDRO IX BAGBAG 1116 QUEZON CITY NCR, SECOND DISTRICT PHILIPPINES",****,675-820-544-00000,,ZYRA G MATALANG,,,,,,,,,,,,,,,,N/A,,,N/A,,,Missing,,,N/A,,,,,,,,,,,,,Missing,,,,
632,,,,,Inactive,,,KIL001,KILOWATT INDUSTRIAL TRADING AND SERVICES CORP,30 LA MANCHA ST RANCHO IV WEST CINCEPCION DOS,****,009-342-577-00000,,,,,,,,,,,,,,,,,,N/A,,,N/A,,,Missing,,,N/A,,,,,,,,,,,,,Missing,,,,
633,,,,,Inactive,,,KIM001-NT,KIMBERLY ROSALES,,****,436-650-250-00000,,,,,,,,,,,,,,,,,,N/A,,,N/A,,,Missing,,,N/A,,,,,,,,,,,,,Missing,,,,
634,4,Low Activity,1,Supplier | Local | Active | Rubber & Industrial Products Supplier,Pending,Supplier-Local-NT,Regular,KIM002-NT,KIM7 RUBBER PRODUCTS TRADING,"3115 GARCIA ST BANGKAL 1233 CITY OF MAKATI, NCR FOURTH DISTRIC PHILIPPINES",****,766-194-404-00000,,CHARISSE JUMAWAN,,,,,,,,,,,,,,,,N/A,,,N/A,,,Missing,,,N/A,,,,,,,,,,,,,Missing,,,,
635,4,Low Activity,17,Supplier | Distributor | CCTV & Security Systems,Pending,Supplier-Local,Regular,KIN001,KINSOYO INCORPORATED,"UNIT 301, 93 BENITEZ STREET, KAUNLARAN CUBAO, 1111 QUEZON CITY NCR 2ND DISTRICT PHILIPPINES",****,631-320-242-00000,,NameL Eunnie Mabano,,,,,,,,,,,,,,,,N/A,,,N/A,,,Missing,,,N/A,,,,,,,,,,,,,Missing,,,,
636,,,,,Inactive,,,KIN003-NT,KINGS QUEENS DEVELOPMENT BOWLING INC.,5F 6F LASEMA BLDG 8846 SAMPALOC CORNER ESTRELLA STS SAN ANTONIO  1203 MAKATI CITY,****,010-822-887-00000,,MARY ANN FERNANDEZ,,,,,,,,,,,,,,,,N/A,,,N/A,,,Missing,,,N/A,,,,,,,,,,,,,Missing,,,,
637,,,,,Inactive,,,KIO001,KIOSK AND INFORMATION TECHNOLOGY SYSTEM INC.,SANTOLAN PASIG,****,627-544-561-00000,,STEPHANIE,,,,,,,,,,,,,,,,N/A,,,N/A,,,Missing,,,N/A,,,,,,,,,,,,,Missing,,,,
638,4,Low Activity,17,Tier 4 | 17 GRPO | Training Provider / IT Learning Services Provider,Pending,Supplier-Foreign,Regular,KOE001,KOENIG SOLUTIONS PRIVATE LIMITED,"30 CECIL STREET, #19-08 PRUDENTIAL TOWER, SINGAPORE 049712",****,000-000-000-00000,,DAVID SHADRACH,,,,,,,,,,,,,,,,N/A,,,N/A,,,Missing,,,N/A,,,,,,,,,,,,,Missing,,,,
639,,,,,Inactive,,,KOF001,KOFAX SINGAPORE PTE LTD,9 RAFFLES PLACE #53-01 REPUBLIC PLAZA 1,****,000-000-000-00000,,,,,,,,,,,,,,,,,,N/A,,,N/A,,,Missing,,,N/A,,,,,,,,,,,,,Missing,,,,
640,,,,,Inactive,,,KOW001,KOWDTECH CORPORATION,UNIT 4301 43/F ONE SAN MIGUEL AVENUE BLDG.,****,010-313-417-00000,,,,,,,,,,,,,,,,,,N/A,,,N/A,,,Missing,,,N/A,,,,,,,,,,,,,Missing,,,,
641,,,,,Inactive,,,KRY001,KRYTERION INC,WEST SUITE 200,****,86-0940055,,,,,,,,,,,,,,,,,,N/A,,,N/A,,,Missing,,,N/A,,,,,,,,,,,,,Missing,,,,
642,,,,,Inactive,,,KTA001,KTA COMPUTER PARTS AND ACCESSORIES,"4TH FLOOR MEGAMALL BUILDING B COR DONA JULIA VARGAS AVE. ORTIGAS CENTER, MANDALUYONG CITY",****,178-736-738-00000,,,,,,,,,,,,,,,,,,N/A,,,N/A,,,Missing,,,N/A,,,,,,,,,,,,,Missing,,,,
643,,,,,Inactive,,,LAE001,LA EURO INC,29 DON C MANUEL LA LOMA BRGY SALVACION QUEZON CITY,****,779-636-862-000,,,,,,,,,,,,,,,,,,N/A,,,N/A,,,Missing,,,N/A,,,,,,,,,,,,,Missing,,,,
644,,,,,Inactive,,,LAE001-NT,LA EURO INC,29 DON C MANUEL LA LOMA BRGY SALVACION QUEZON CITY,****,779-636-862-000,,NAME,,,,,,,,,,,,,,,,N/A,,,N/A,,,Missing,,,N/A,,,,,,,,,,,,,Missing,,,,
645,,,,,Inactive,,,LAN001,"LANTRONIX SYSTEM, INC.",UNIT 511 CITYLAND SHAW TOWER ST FRANCIS COR SHAW BLVD,****,221-368-719-00000,,,,,,,,,,,,,,,,,,N/A,,,N/A,,,Missing,,,N/A,,,,,,,,,,,,,Missing,,,,
646,,,,,Inactive,,,LAO001,LAOGAN TECHNOLOGIES,RM. 302 KIM SIU CHING BLDG.             473 STO. CRISTO ST.,****,172-881-025-00000,,,,,,,,,,,,,,,,,,N/A,,,N/A,,,Missing,,,N/A,,,,,,,,,,,,,Missing,,,,
647,,,,,Inactive,,,LAO001-NT,LAOGAN TECHNOLOGIES,RM. 302 KIM SIU CHING BLDG.         473 STO. CRISTO ST.,****,172-881-025-00000,,DOMINIC LAO,,,,,,,,,,,,,,,,N/A,,,N/A,,,Missing,,,N/A,,,,,,,,,,,,,Missing,,,,
648,,,,,Inactive,,,LAP001,"LAPTOP PC-OUTLET (LPO), OPC.","3011 GEN. T. DE LEON RD., HEN. T. DE LEON 1442 CITY OF VALENZUELA NCR",****,779-009-371-00000,,,,,,,,,,,,,,,,,,N/A,,,N/A,,,Missing,,,N/A,,,,,,,,,,,,,Missing,,,,
649,,,,,Inactive,,,LAR001-NT,LARESIO LAKESIDE RESORT AND SPA INC,ALVIAR COMPOUND PUROK 1-D BRGY TADLAC LOS BANOS LAGUNA 4020,****,008-993-951-000,,Joseph Carmelo Lunod Jr,,,,,,,,,,,,,,,,N/A,,,N/A,,,Missing,,,N/A,,,,,,,,,,,,,Missing,,,,
650,,,,,Inactive,,,LAS001,LastPass Ireland Limited,"L19, 20 Martin Place",****,000000000000000,,Alex,,61272287054,,,,,,,,,,,,,,N/A,,,N/A,,,Missing,,,N/A,,,,,,,,,,,,,Missing,,,,
651,,,,,Inactive,,,LAS001-NT,LA SALLE GREENHILLS INC.,ORTIGAS AVE MANDALUYONG CITY,****,000-184-430-00000,EDUCATION,MARIA CARMELA BONCODIN,,,george@lsgh.edu.ph,,,,,,,,,,,,,N/A,,,N/A,,,Missing,,,N/A,,,,,,,,,,,,,Missing,,,,
652,3,Low Activity,108,Tier 3 | 108 GRPO | Online Store,Pending,Supplier-Local,Regular,LAZ001,LAZADA PHILIPPINES,ONLINE SHOPPING,****,000-000-000-00000,,,,,,,,,,,,,,,,,,N/A,,,N/A,,,Missing,,,N/A,,,,,,,,,,,,,Missing,,,,
653,3,Low Activity,108,Tier 3 | 108 GRPO | Online Store,Pending,Supplier-Local,Regular,LAZ002-NT,LAZADA PHILIPPINES,ONLINE SHOPPING,****,000-000-000-00000,,,,,,,,,,,,,,,,,,N/A,,,N/A,,,Missing,,,N/A,,,,,,,,,,,,,Missing,,,,
654,,,,,Inactive,,,LBP001,LBPASCUAL INFORMATION TECHNOLOGY SOLUTIONS,PENTHOUSE TOWNES INC BLDG 916 A ARNAIZ AVE BRGY SAN LORENZO MAKATI CITY,****,212-285-874-00000,,,,,,,,,,,,,,,,,,N/A,,,N/A,,,Missing,,,N/A,,,,,,,,,,,,,Missing,,,,
655,,,,,Inactive,,,LCA001-NT,L.CARLOS FLORIST INC,"G/F C&R BLDG. 1478 TAFT AVE. BRGY. 676 ZONE 073, ERMITA MANILA",****,000-356-164-00000,,,,,,,,,,,,,,,,,,N/A,,,N/A,,,Missing,,,N/A,,,,,,,,,,,,,Missing,,,,
656,,,,,Inactive,,,LEA001-NT,LEAN REAGAN GONZALES,MANDALUYONG CITY,****,223-736-353-00000,,,,,,,,,,,,,,,,,,N/A,,,N/A,,,Missing,,,N/A,,,,,,,,,,,,,Missing,,,,
657,,,,,Inactive,,,LEC001,LEC STEEL MFG CORPORATION,A BONIFACIO AVE COR LIGAYA ST BALINTAWAK,****,004-722-058-00000,,,,,,,,,,,,,,,,,,N/A,,,N/A,,,Missing,,,N/A,,,,,,,,,,,,,Missing,,,,
658,3,Low Activity,244,Lenovo and related IT hardware solutions,Pending,Supplier-Local,Regular,LEN001,LENOTECH CORPORATION,148 MILAGROS ST BRGY ERMITAÑO SAN JUAN CITY SECOND DISTRICT PHILIPPINES,****,006-982-257-00000,,,,,,,,,,,,,,,,,,N/A,,,N/A,,,Missing,,,N/A,,,,,,,,,,,,,Missing,,,,
659,3,Low Activity,244,Lenovo and related IT hardware solutions,Pending,Supplier-Local-NT,Regular,LEN001-NT,LENOTECH CORPORATION,UNIT 106 #160 ALFONSO XIII,****,006-982-257-00000,,,,,,,,,,,,,,,,,,N/A,,,N/A,,,Missing,,,N/A,,,,,,,,,,,,,Missing,,,,
660,,,,,Inactive,,,LEN002,LENOVO GLOBAL TECHNOLOGY (PHILIPPINES) INC,10F 11 CORPORATE CENTER 11TH AVE CORNER TRIANGLE DRIVE BONICAFIO GLOBAL CITY TAGUIG CITY,****,008-774-449-00000,,,,,,,,,,,,,,,,,,N/A,,,N/A,,,Missing,,,N/A,,,,,,,,,,,,,Missing,,,,
661,4,Low Activity,6,Manufacturer / OEM Subsidiary,Pending,Supplier-Local,Regular,LEN004,LENOVO PHILIPPINES INC,"10f / 11TH CORPORATE CENTER 11TH AVE. CORNER TRIANGLE DRIEV BONIFACIO GLOBAL CITY, FORT BONIFACIO,",****,010-251-154-00000,,CHRISTIAN FRANCISCO,,,,,,,,,,,,,,,,N/A,,,N/A,,,Missing,,,N/A,,,,,,,,,,,,,Missing,,,,
662,,,,,Inactive,,,LEO001-NT,LEO JOHN ALLEN BONILLA,,****,353-560-031-00000,,,,,,,,,,,,,,,,,,N/A,,,N/A,,,Missing,,,N/A,,,,,,,,,,,,,Missing,,,,
663,4,Low Activity,1,Service Provider | Cybersecurity Training Provider | Cybersecurity Training & SOC Simulation,Pending,Supplier-Foreign-NT,Regular,LET001-NT,LETSDEFEND INC.,13873 PARK CENTER RD SUITE 155-23 HERNDRON VA 20171,****,000-000-000-00000,,CONTACT,,7035956310,,,,,,,,,,,,,,N/A,,,N/A,,,Missing,,,N/A,,,,,,,,,,,,,Missing,,,,
664,,,,,Inactive,,,LEX001-NT,LEX  BERNARD MIRANDA,MANDALUYONG CITY,****,177-274-956-00000,,,,,,,,,,,,,,,,,,N/A,,,N/A,,,Missing,,,N/A,,,,,,,,,,,,,Missing,,,,
665,,,,,Inactive,,,LEX002,LEXSYS TECHNOLOGIES INCORPORATED,UNIT 6 LM FUTURE POINT PLAZA 3 222 PANAY AVENUE SOUTH TRIANGLE QUEZON CITY,****,223-044-198-00000,,,,,,,,,,,,,,,,,,N/A,,,N/A,,,Missing,,,N/A,,,,,,,,,,,,,Missing,,,,
666,4,Low Activity,1,Supplier | Local | Active | General Trading & Office Supplies Provider,Pending,Supplier-Local-NT,Regular,LEX002-NT,LEXIE WOOD ENTERPRISE OPC,L15 B16 AMARILLO STREET UPS 4 MARCELO GREEN VILLAGE 1700 CITY OF PARANAQUE NCR FOURTH DISTRICT,****,606-238-934-00000,,FAITH LAMSIS,,0917175300877,,,,,,,,,,,,,,N/A,,,N/A,,,Missing,,,N/A,,,,,,,,,,,,,Missing,,,,
667,3,Low Activity,1,,Pending,Supplier-Local,Regular,LEX004-NT,LEXUS MANILA INC.,"3402 8TH AVENUE CORNER 34TH STREET, FORT BONIFACIO, TAGUIG CITY",****,007-077-663-00000,,JOSEPH DEQUINA,,,,,,,,,,,,,,,,N/A,,,N/A,,,Missing,,,N/A,,,,,,,,,,,,,Missing,,,,
668,,,,L-Gertrude Construction Services,Accredited,Subcontructor,Regular,LGE001,"POLINAR, LUCILO DISPO",177 J RUIZ ST. SALAPAN SAN JUAN CITY 1500,****,121-460-034-00000,,Lucilo D. Polinar,Owner,"9175293330 |
09985800248",lgertrudeconstructionservices@gmail.com,27-Mar-2025,Yes,Yes,Yes,Yes,Yes,N/A,N/A,31-Dec-2025,Current,-252,,N/A,,30-Nov-2029,Current,1178,31-Dec-2026,Current,113,,N/A,,Yes,Yes,Yes,N/A,,,,,,,,Missing,,,,
669,3,Low Activity,3,Pending Verification | Undetermined | Individual / Sole Proprietor | Products/Services Undetermined,Pending,Supplier-Local-NT,Regular,LIM001-NT,"LIMBO, ERWIN MACAGALING",BLK 7 DUBAI ST. SANTA ANA 1920 TAYTAY RIZAL PHILIPPINES,****,395-774-316-00000,,"LIMBO, ERWIN MACAGALING",,,,,,,,,,,,,,,,N/A,,,N/A,,,Missing,,,N/A,,,,,,,,,,,,,Missing,,,,
670,,,,,Inactive,,,LIN001-NT,LINEFINE PRINTING SERVICES,ZONE 041 BRGY 404,****,243-410-264-00000,,,,,,,,,,,,,,,,,,N/A,,,N/A,,,Missing,,,N/A,,,,,,,,,,,,,Missing,,,,
671,,,,,Inactive,,,LIS003-NT,THE LISTENING ROOM SIGHT AND SOUND STEREO SALES,3/F SMM 315 SM ORTIGAS COMPLEX,****,241-157-952-00000,,LISTENING,,09959777222,,,,,,,,,,,,,,N/A,,,N/A,,,Missing,,,N/A,,,,,,,,,,,,,Missing,,,,
672,,,,8-17-26: Docs completed | Send LOA,Completed,Courier-NT,Regular,LIT001-NT,"LITE XPRESS INT'L., INC.",#21 NATIB STREET BRGY KAUNLARAN CUBAO QUEZON CITY,,225-007-164-00000,Activities of Other Transport Agencies N.E.C,Katrina Claire Mariano,Sales Admin,639384284312,k_mariano.partners@litexpress.com.ph,Not yet,No,No,No,Yes,Yes,Yes,No,31-Dec-2025,Current,-252,12-Jan-2027,Current,125,,N/A,,26-Mar-2027,Current,198,,N/A,,Yes,Yes,N/A,N/A,,,,,,,,Missing,,,,
673,,,,,Inactive,,,LOC001-NT,LOCKTON PHILIPPINES INSURANCE & REINSURANCE BROKER,"29F RUFINO PACIFIC TOWER 6784 AYALA AVENUE LEGASPI VILLAGE, MAKATI PHILIPPINES",****,003-832-821-00000,,,,,,,,,,,,,,,,,,N/A,,,N/A,,,Missing,,,N/A,,,,,,,,,,,,,Missing,,,,
674,,,,,Inactive,,,LOG001,LOGMEIN IRELAND UNLIMITED COMPANY,,****,000-000-000-00000,,,,,,,,,,,,,,,,,,N/A,,,N/A,,,Missing,,,N/A,,,,,,,,,,,,,Missing,,,,
675,,,,,Inactive,,,LOP001-NT,"LOPEZ, ABEGAIL LLYN CALMA",114 ARAMISMIS STREET BRGY VETERANS VILLAGE  QUEZON CITY,****,727-951-979-00000,,ABEGAIL LOPEZ,,,,,,,,,,,,,,,,N/A,,,N/A,,,Missing,,,N/A,,,,,,,,,,,,,Missing,,,,
676,,,,,Inactive,,,LOR001-NT,LORDAN CARREON,22 INT PAG-ASA ST BRGY PAG-ASA,****,248-866-427-00000,,,,,,,,,,,,,,,,,,N/A,,,N/A,,,Missing,,,N/A,,,,,,,,,,,,,Missing,,,,
677,,,,,Inactive,,,LRX001-NT,LARX TRADING,"4/F SM MEGAMALL J. VARGAS, GREENHILLS EAST, BRGY WACK WACK",****,217-918-971-002,,LARX,,000,,,,,,,,,,,,,,N/A,,,N/A,,,Missing,,,N/A,,,,,,,,,,,,,Missing,,,,
678,,,,,Inactive,,,LSI001,LSI LEADING TECHNOLOGIES INC.,4842 VALENZUELA ST.                     ZONE 060 BRGY. 603 SAMPALOC,****,007-856-931-00000,,,,,,,,,,,,,,,,,,N/A,,,N/A,,,Missing,,,N/A,,,,,,,,,,,,,Missing,,,,
679,4,Low Activity,11,"Tier 4 | 11 GRPO | Luggage, Travel Accessories & General",Pending,Supplier-Local-NT,Regular,LTS005-NT,L T S LUGGAGE TRADING & SERVICES INC,"2ND, 3RD & 6TH FLOORS PRIMERSTAR CENTER 2282 LEON GUINTO STREET BRGY. 7-4 ZONE 079 MALATE MANILA",****,000-338-129-00000,OTHERS,CHRISTIAN MIKAEL CENAROSA,,,NA,,,,,,,,,,,,,N/A,,,N/A,,,Missing,,,N/A,,,,,,,,,,,,,Missing,,,,
680,,,,8-13-26: Completed,Accredited,Courier,Regular,LUC001,LUCKY CHARM EXPRESS MOVERS INC.,UNIT 1 DON BOSCO SERVICE RD. 10 BRGY. 116 ZONE 09 DISTRICT 1 TONDO MANILA 1013,,008-553-087-000,Trucking Services,"
Sarah May C. Araujo",Corporate Secretary,639103922477,luckycharmexpressinc@yahoo.com,24-Feb-2025,Yes,Yes,Yes,Yes,Yes,Yes,No,31-Dec-2025,Current,-252,1-Jun-2027,Current,265,,N/A,,31-Dec-2026,Current,113,,N/A,,Yes,Yes,N/A,N/A,,,,,,,,Missing,,,,
681,,,,8-13-26: Completed,Accredited,Courier-NT,Regular,LUC001-NT,LUCKY CHARM EXPRESS MOVERS INC.,UNIT 1 DON BOSCO SERVICE RD. 10 BRGY. 116 ZONE 09 DISTRICT 1 TONDO MANILA 1013,,008-553-087-000,Trucking Services,"
Sarah May C. Araujo",Corporate Secretary,639103922477,luckycharmexpressinc@yahoo.com,24-Feb-2025,Yes,Yes,Yes,Yes,Yes,Yes,No,31-Dec-2025,Current,-252,1-Jun-2027,Current,265,,N/A,,31-Dec-2026,Current,113,,N/A,,Yes,Yes,N/A,N/A,,,,,,,,Missing,,,,
682,,,,,Inactive,,,LUC001V,"LUCAS, FREDERICK MATIAS","BLK 38 LOT 2 PH3, AFPOVAI WESTERN BICUTAN TAGUIG CITY",****,178-973-870-00000,,ERICK LUCAS,,,,,,,,,,,,,,,,N/A,,,N/A,,,Missing,,,N/A,,,,,,,,,,,,,Missing,,,,
683,4,Low Activity,1,Supplier | Local | Active | Furniture & Interior Design Solutions Provider,Pending,Supplier-Local-NT,Regular,LUF001-NT,LUFU DESIGN CENTER CORPORATION,450 T PINPIN ST BRGY 290 ZONE 27 BINONDO MANILA,****,113-579-437-00000,,,,,,,,,,,,,,,,,,N/A,,,N/A,,,Missing,,,N/A,,,,,,,,,,,,,Missing,,,,
684,4,Low Activity,2,Supplier | Foreign | Active | AI Computer Vision & Edge Computing Solutions Provider,Pending,Supplier-Foreign,Regular,LUX001,LUXONIS HOLDING CORPORATION,"1942 Broadway St., Boulder, CO, 80302, United State",****,010-000-000-00000,,Vendula Kristanova,,,,,,,,,,,,,,,,N/A,,,N/A,,,Missing,,,N/A,,,,,,,,,,,,,Missing,,,,
685,,,,,Inactive,,,LYL001-NT,LYLE ANTHONY VILLAS,MANDALUYONG CITY,****,252-617-712-00000,,,,,,,,,,,,,,,,,,N/A,,,N/A,,,Missing,,,N/A,,,,,,,,,,,,,Missing,,,,
686,,,,,Inactive,,,MAC001,MACINTOSH FIRE SUPPRESSION INC,"63 VIRGINIA DRIVE, RODRIGUEZ SUBD.      BAESA",****,008-505-270-00000,,,,,,,,,,,,,,,,,,N/A,,,N/A,,,Missing,,,N/A,,,,,,,,,,,,,Missing,,,,
687,,,,,Inactive,,,MAC002,MACROLOGIC DIVERSIFIED TECHNOLOGIES INC,3F MACROLOGIC CORPORATE CENTER 9054 MOLINO ROAD III BACOOR,****,008-290-765-00000,,,,,,,,,,,,,,,,,,N/A,,,N/A,,,Missing,,,N/A,,,,,,,,,,,,,Missing,,,,
688,,,,,Inactive,,,MAC003,MACYS PHOTO VIDEO STORE,F14 APM SHOPPING MALL A SORIANO AVENUE NRA MABOLO CEBU CITY,****,232-641-355-00000,,,,,,,,,,,,,,,,,,N/A,,,N/A,,,Missing,,,N/A,,,,,,,,,,,,,Missing,,,,
689,,,,,Inactive,,,MAF001-NT,MA. FAYE JUMAYAO - LEAL,,****,934-668-853-00000,,,,,,,,,,,,,,,,,,N/A,,,N/A,,,Missing,,,N/A,,,,,,,,,,,,,Missing,,,,
690,,,,,Inactive,,,MAG001-NT,MAGELLAN SOLUTIONS OUTSOURCING INC,"PB MEZZANINE FLOOR, SUMMIT ONE TOWER 530 SHAW BOULEVARD,",****,000-000-000-00000,,,,,,,,,,,,,,,,,,N/A,,,N/A,,,Missing,,,N/A,,,,,,,,,,,,,Missing,,,,
691,4,Low Activity,2,Supplier | Local | Active | Property & Retail Management Services,Pending,Supplier-Local,Regular,MAJ001,"MAJOR SHOPPING MANAGEMENT, CORP.",SM MEGAMALL BLDG. EDSA CORNER WACK-WACK,****,000-057-799-000,,BILL TO,,,,,,,,,,,,,,,,N/A,,,N/A,,,Missing,,,N/A,,,,,,,,,,,,,Missing,,,,
692,4,Low Activity,2,Supplier | Local | Active | Property & Retail Management Services,Pending,Supplier-Local-NT,Regular,MAJ001-NT,"MAJOR SHOPPING MANAGEMENT, CORP.",SM MEGAMALL BLDG. EDSA CORNER WACK-WACK,****,000-057-799-000,,BILL TO,,,,,,,,,,,,,,,,N/A,,,N/A,,,Missing,,,N/A,,,,,,,,,,,,,Missing,,,,
693,,,,,Inactive,,,MAL001-NT,"MALAYAN EDUCATION SYSTEM, INC.",MURALLA STREET BRGY 658 INTRAMUROS NCR CITY OF MANILA,****,000-787-353-00000,,,,,,,,,,,,,,,,,,N/A,,,N/A,,,Missing,,,N/A,,,,,,,,,,,,,Missing,,,,
694,4,Low Activity,2,Pending Verification | Undetermined | Individual / Sole Proprietor | Products/Services Undetermined,Pending,Supplier-Local,Regular,MAL002,"MALIBAGO, JOSE JR. BINAR","Brgy. 76 Fatima, Real St., Tacloban City",****,923-816-016-000,,JOSE  MALIBAGO JR,,09088957580,mj_interior_solutions@yahoo.com,,,,,,,,,,,,,N/A,,,N/A,,,Missing,,,N/A,,,,,,,,,,,,,Missing,,,,
695,,,,,Inactive,,,MAL005-NT,MALAYAN INSURANCE CO INC,4F YUCHENGCO TOWER 1 NO 500 QUINTIN PAREDES ST BRGY 289 1006 BINONDO CITY OF MANILA,****,000-333-534-00000,,MIMI,,,,,,,,,,,,,,,,N/A,,,N/A,,,Missing,,,N/A,,,,,,,,,,,,,Missing,,,,
696,,,,,Inactive,,,MAM001,MAMMOTH ELECTRONIC GADGETS NC.,UNIT B66 2ND LEVEL FESTIVE WALK MALL,****,008-656-575-00100,,,,,,,,,,,,,,,,,,N/A,,,N/A,,,Missing,,,N/A,,,,,,,,,,,,,Missing,,,,
697,,,,,Inactive,,,MAN001,MANTRADE DEVELOPMENT CORPORATION,"9 SHAW BLVD., MANDALUYONG CITY",****,000-000-000-00100,,,,,,,,,,,,,,,,,,N/A,,,N/A,,,Missing,,,N/A,,,,,,,,,,,,,Missing,,,,
698,,,,,Inactive,,,MAN001-NT,MANDALUYONG AUTO SUPPLY,"9 SHAW BLVD., MANDALUYONG CITY",****,100-050-650-00000,,,,,,,,,,,,,,,,,,N/A,,,N/A,,,Missing,,,N/A,,,,,,,,,,,,,Missing,,,,
699,,,,,Inactive,,,MAN002-NT,MANUEL NOEL CHARLES MONDEJAR,,****,000-000-000-00000,,,,,,,,,,,,,,,,,,N/A,,,N/A,,,Missing,,,N/A,,,,,,,,,,,,,Missing,,,,
700,,,,,Inactive,,,MAN003-NT,MANILA HOTEL CORPORATION,"THE MANILA HOTEL 1 RIZAL PARK, ERMITA",****,000-000-000-00000,,,,,,,,,,,,,,,,,,N/A,,,N/A,,,Missing,,,N/A,,,,,,,,,,,,,Missing,,,,
701,,,,,Inactive,,,MAN004,MANILA ETECH CORP.,UNIT 304 3F NKS BUILDING NO 4 ILLINOIS ST SILANGAN 1102 QUEZON CITY NCR SECOND DISTRICT,****,008-686-048-00000,,,,,,,,,,,,,,,,,,N/A,,,N/A,,,Missing,,,N/A,,,,,,,,,,,,,Missing,,,,
702,,,,,Inactive,,,MAN004-NT,"MANALO, MA. RUBINA GELACIO","B2 L4 PISCES ST. CAMACHO 2 NANGKA 1808, MARIKINA CITY",****,474-639-459-00001,,MA. RUBINA MANALO,,,,,,,,,,,,,,,,N/A,,,N/A,,,Missing,,,N/A,,,,,,,,,,,,,Missing,,,,
703,,,,,Inactive,,,MAN005-NT,"MANILA WATER COMPANY, INC.","MAYFLOWER COR UNITED ST., BRGY HIGHWAY HILLS, MANDALUYONG CITY",****,005-038-428-002,,MANILA WATER,,,,,,,,,,,,,,,,N/A,,,N/A,,,Missing,,,N/A,,,,,,,,,,,,,Missing,,,,
704,,,,,Inactive,,,MAN006-NT,"MANUEL, LEONILO MORALEJO",1001 LOTE DULONG BAYAN POBLACION STA MARIA BULACAN 3022,****,243-911-334-000,,LEONILO MANUEL,,,,,,,,,,,,,,,,N/A,,,N/A,,,Missing,,,N/A,,,,,,,,,,,,,Missing,,,,
705,,,,,Inactive,,,MAN009-NT,THE MANUFACTURERS  LIFE INSURANCE CO. (PHILS) INC,5/F-10-F NEXT TOWER 6786 AYALA AVENUE BRGY SAN LORENZO MAKATI CITY,****,201-492-591-000,,A,,,,,,,,,,,,,,,,N/A,,,N/A,,,Missing,,,N/A,,,,,,,,,,,,,Missing,,,,
706,,,,,Inactive,,,MAR001,MARTCOM CELLULAR & ELECTRONICS CENTER,615 SALES ST. QUIAPO MANILA,****,172-607-689-00000,,BETTY,,09175644767,,,,,,,,,,,,,,N/A,,,N/A,,,Missing,,,N/A,,,,,,,,,,,,,Missing,,,,
707,,,,,Inactive,,,MAR001-NT,MARICEL VALENCIA,MANDALUYONG CITY,****,706-246-662-00000,,,,,,,,,,,,,,,,,,N/A,,,N/A,,,Missing,,,N/A,,,,,,,,,,,,,Missing,,,,
708,,,,,Inactive,,,MAR002-NT,MARK TY,MANDALUYONG CITY,****,169-969-891-00000,,,,,,,,,,,,,,,,,,N/A,,,N/A,,,Missing,,,N/A,,,,,,,,,,,,,Missing,,,,
709,,,,,Inactive,,,MAR003-NT,MARKSTER ENTERPRISES INC.,RM 405 ABLAZA BLDG 117 E RODRIGUEZ TATALON QUEZON CITY,****,246-756-839-00000,,,,,,,,,,,,,,,,,,N/A,,,N/A,,,Missing,,,N/A,,,,,,,,,,,,,Missing,,,,
710,,,,,Inactive,,,MAR004-NT,MARSHAL VILLALINO,MANDALUYONG CITY,****,925-874-246-00000,,,,,,,,,,,,,,,,,,N/A,,,N/A,,,Missing,,,N/A,,,,,,,,,,,,,Missing,,,,
711,,,,,Inactive,,,MAR005-NT,MARK ANDREW CANLAS,,****,284-165-051-00000,,,,,,,,,,,,,,,,,,N/A,,,N/A,,,Missing,,,N/A,,,,,,,,,,,,,Missing,,,,
712,,,,,Inactive,,,MAR006-NT,MARVIN YABUT,,****,000-000-000-00000,,,,,,,,,,,,,,,,,,N/A,,,N/A,,,Missing,,,N/A,,,,,,,,,,,,,Missing,,,,
713,,,,,Inactive,,,MAR007-NT,MARIA RIN JERICO OBICO,,****,000-000-000-00000,,,,,,,,,,,,,,,,,,N/A,,,N/A,,,Missing,,,N/A,,,,,,,,,,,,,Missing,,,,
714,,,,,Inactive,,,MAR008,MARNAV MARINE ELECTRONICS,,****,430-555-369-00000,,,,,,,,,,,,,,,,,,N/A,,,N/A,,,Missing,,,N/A,,,,,,,,,,,,,Missing,,,,
715,,,,,Inactive,,,MAR009-NT,MARVIN BACANI,,****,000-000-000-00000,,,,,,,,,,,,,,,,,,N/A,,,N/A,,,Missing,,,N/A,,,,,,,,,,,,,Missing,,,,
716,,,,,Inactive,,,MAT001,THE MATHWORKS INC,PHILIPPINES,****,000-000-000-00000,,,,,,,,,,,,,,,,,,N/A,,,N/A,,,Missing,,,N/A,,,,,,,,,,,,,Missing,,,,
717,,,,,Inactive,,,MAX001,MAXIMUM SOLUTIONS CORPORATION,"4/F ACCELERANDO BLDG.,                  395 SEN. GILPUYAT AVE.,",****,210-223-725-00000,,,,,,,,,,,,,,,,,,N/A,,,N/A,,,Missing,,,N/A,,,,,,,,,,,,,Missing,,,,
718,2,Low Activity,108,"8-10-26: ff done, Bryan",Pending,Supplier-Local,Regular,MAX002,"MAXTEC SOLUTIONS PHILIPPINES, INC.","498 A BONI AVE PLAINVIEW, MANDALUYONG CITY",****,006-342-320-00000,,,,,,,,,,,,,,,,,,N/A,,,N/A,,,Missing,,,N/A,,,,,,,,,,,,,Missing,,,,
719,2,Low Activity,108,"8-10-26: ff done, Bryan",Pending,Supplier-Local-NT,Regular,MAX002-NT,"MAXTEC SOLUTIONS PHILIPPINES, INC.","498 A BONI AVE PLAINVIEW, MANDALUYONG CITY",****,006-342-320-00000,,,,,,,,,,,,,,,,,,N/A,,,N/A,,,Missing,,,N/A,,,,,,,,,,,,,Missing,,,,
720,,,,,Inactive,,,MAX003-NT,MAXICARE HEALTHCARE CORPORATION,MAXICARE TOWER 203 SALCEDO STREET BRGY SAN LORENZO LEGASPI VILLAGE MAKATI CITY,****,000-487-637-00000,,,,,,,,,,,,,,,,,,N/A,,,N/A,,,Missing,,,N/A,,,,,,,,,,,,,Missing,,,,
721,,,,,Inactive,,,MBM001,"MBM ILOILO ASSET MANAGEMENT SERVICES, INC.",IMC BONIFACIO DRIVE ILOILO CITY 5000,****,289-954-661-00000,,,,,,,,,,,,,,,,,,N/A,,,N/A,,,Missing,,,N/A,,,,,,,,,,,,,Missing,,,,
722,,,,,Inactive,,,MBP001,MB POWERSTAR LIMITED,"RM B008, 3F, MAOYE PAINTING & CALLIGRAPHY TRADING SQUARE, DAFEN, BUSHA ROAD, LONGGANG, SHENZHEN",****,000-000-000-00000,,,,,,,,,,,,,,,,,,N/A,,,N/A,,,Missing,,,N/A,,,,,,,,,,,,,Missing,,,,
723,,,,,Inactive,,,MCT001,MCTECH TRADING,#17 G. ARANETA AVENUE BRGY. SANTOL QUEZON CITY,****,728-250-662-00000,,,,,,,,,,,,,,,,,,N/A,,,N/A,,,Missing,,,N/A,,,,,,,,,,,,,Missing,,,,
724,3,Low Activity,143,"
7-28-26:  AFS/GIS/Import Permit 
8-3-26: ff done, lacking docs
8-24-26: Per Aya, cannot provide the lacking docs due to confidentiality
9-4-26: no progress",Incomplete,Supplier-Local,Major,MEC001,MEC NETWORKS CORPORATION,"P. TUAZON COR 21ST ST TAGUMPAY CUBAO 1109 QUEZON CITY NCR, SECOND DISTRICT PHILIPPINES",,222-842-035-00000,ICT Distribution and Services,"Ligaya ""Aya"" Naive ",Compliance Officer,"Mobile No.: (+63) 905 748 0361
Phone No.: (+632) 8422 6888 ",l.naive@mec.ph,Not yet,No,No,No,Yes,Yes,Yes,No,,,,,N/A,,,N/A,,24-Apr-2027,Current,227,,N/A,,Yes,Yes,N/A,"ISO 9001: 2015 | April 29, 2027",,,,,,,,Missing,,,,
725,,,,Double Entry? ,Pending,,Regular,MEC002,MEC NETWORKS CORPORATION,"P. TUAZON COR. 21ST ST. TAGUMPAY, CUBAO, QUEZON CITY 1109",****,222-842-035-00000,,,,,,,,,,,,,,,,,,N/A,,,N/A,,,Missing,,,N/A,,,,,,,,,,,,,Missing,,,,
726,,,,Double Entry? ,Pending,Supplier-Local-NT,Regular,MEC002-NT,MEC NETWORKS CORPORATION,P. TUAZON COR. 21ST ST              CUBAO,****,222-842-035-00000,,,,,,,,,,,,,,,,,,N/A,,,N/A,,,Missing,,,N/A,,,,,,,,,,,,,Missing,,,,
727,,,,,Inactive,,,MED001-NT,MEDICAL TOWERS LABORATORY DIAGNOSTIC CENTER,510 MEDICAL TOWERS BLDG HERRERA ST SAN LORENZO MAKATI CITY,****,110-516-478-00100,,,,,,,,,,,,,,,,,,N/A,,,N/A,,,Missing,,,N/A,,,,,,,,,,,,,Missing,,,,
728,,,,,Inactive,,,MED002,MEDCO TECHNICAL SERVICES & ELECTRICAL SUPPLY CORP,PRK. 6 QUEZON PANABO CITY DDN 8105,****,201-062-102-00000,,,,,,,,,,,,,,,,,,N/A,,,N/A,,,Missing,,,N/A,,,,,,,,,,,,,Missing,,,,
729,,,,,Inactive,,,MED002-NT,"MEDICARD PHILIPPINES, INC","330 SEN GIL PUYAT AVE., BEL-AIR NCR FOURTH DISTRICT MAKATI 1200",****,000-476-995-000,n/a8,MIMI,,,,,,,,,,,,,,,,N/A,,,N/A,,,Missing,,,N/A,,,,,,,,,,,,,Missing,,,,
730,,,,,Inactive,,,MEE001,MEEPS ELECTRIC INDUSTRY INC,B21 L10 ADELFA ST DONA ROSARIO  BAYVIEW SUCAT MUNTINLUPA CITY,****,008-890-734-00000,,,,,,,,,,,,,,,,,,N/A,,,N/A,,,Missing,,,N/A,,,,,,,,,,,,,Missing,,,,
731,,,,,Inactive,,,MEG001,MEGA MASTERLINK FEBRICATOR AND ELECTRICAL SERVICES CORPORATION,26 ISIDRO FRANCISCO ST BRGY MAYSAN,****,221-973-131-00000,,,,,,,,,,,,,,,,,,N/A,,,N/A,,,Missing,,,N/A,,,,,,,,,,,,,Missing,,,,
732,,,,,Inactive,,,MEG002-NT,MEGALAND 168 INC,"126A MABINI DELA PAZ BINAN, LAGUNA",****,006-907-829-00000,,,,,,,,,,,,,,,,,,N/A,,,N/A,,,Missing,,,N/A,,,,,,,,,,,,,Missing,,,,
733,,,,,Inactive,,,MEG003,MEGAKARTE SMARTCARD CORPORATION,"UNIT 2007, CITYLAND 10 TOWER 2, 154 H.V. DELA COSTA ST., BEL-AIR",****,008-681-767-00000,,,,,,,,,,,,,,,,,,N/A,,,N/A,,,Missing,,,N/A,,,,,,,,,,,,,Missing,,,,
734,,,,,Inactive,,,MEL001-NT,MELGAR ENTERPRISES,"2663 F. MANALO ST., PUNTA, BRGY. 898 ZONE 100 STA. ANA, MANILA",****,259-101-115-00100,,,,,,,,,,,,,,,,,,N/A,,,N/A,,,Missing,,,N/A,,,,,,,,,,,,,Missing,,,,
735,,,,,Inactive,,,MEL002-NT,"MELGAR, MARK ROJAS",2663 F MANALO ST PUNTA BRGY 898 ZONE 100 STA ANA MANILA 1009,****,259-101-115-001,,MELGAR,,,,,,,,,,,,,,,,N/A,,,N/A,,,Missing,,,N/A,,,,,,,,,,,,,Missing,,,,
736,,,,,Inactive,,,MER001,Merben G. Villacencio,Tandag Surigao del Sur,****,000000000000000,,Merben G. Villacencio,,,,,,,,,,,,,,,,N/A,,,N/A,,,Missing,,,N/A,,,,,,,,,,,,,Missing,,,,
737,,,,,Inactive,,,MER001-NT,MERALCO,"9581 SOUTH AVE., EXTN COR KAMAGONGBRGY SAN ANTONIO MAKATI CITY",****,000-101-528-00000,,,,,,,,,,,,,,,,,,N/A,,,N/A,,,Missing,,,N/A,,,,,,,,,,,,,Missing,,,,
738,,,,,Inactive,,,MER002,MERALCO,MALOLOS BULACAN,****,000-101-528-00000,,,,,,,,,,,,,,,,,,N/A,,,N/A,,,Missing,,,N/A,,,,,,,,,,,,,Missing,,,,
739,,,,,Inactive,,,MET001-NT,METRO RETAIL STORES GROUP INC.,"COLON JUAN LUNA ST. BARANGGAY STO NINO CEBU CITY, CEBU",****,226-527-915-012,,BILL TO,,,,,,,,,,,,,,,,N/A,,,N/A,,,Missing,,,N/A,,,,,,,,,,,,,Missing,,,,
740,4,Low Activity,3,Supplier | Local | Active | General Trading & Business Services Provider,Pending,Supplier-Local-NT,Regular,MGA001-NT,MGA.414 CORPORATION,"BLK 1 LOT 8 DONA SOLEDAD EXTN BETTER LIVING SUBD., DON BOSCO  1700 CITY PARANAQUE NCR FOURTH DISTRIC",****,010-268-633-00001,,SALES ASSOCIATE,,,,,,,,,,,,,,,,N/A,,,N/A,,,Missing,,,N/A,,,,,,,,,,,,,Missing,,,,
741,,,,,Inactive,,,MIC001,MICROVALLEY COMPUTER SUPERSTORE,CYBERZONE SM ARANETA CENTER,****,004-780-008-00295,,SALES PERSON,,,,,,,,,,,,,,,,N/A,,,N/A,,,Missing,,,N/A,,,,,,,,,,,,,Missing,,,,
742,,,,,Inactive,,,MIC001-NT,MICHAEL MARK FELIPE,MANDALUYONG CITY,****,266-649-475-00000,,,,,,,,,,,,,,,,,,N/A,,,N/A,,,Missing,,,N/A,,,,,,,,,,,,,Missing,,,,
743,4,Low Activity,3,Reseller | Local | Active | IT Infrastructure & Enterprise Solutions Provider,Pending,Supplier-Local,Regular,MIC002,"MICRO GENESIS CFZ, INC.","RM.5 PHILEXCEL BUSINESS ARCADE 3 EXCEL BUSINESS PARK, M.A. ROXAS     HIGHWAY, CLARK FREEPORT ZONE",****,009-077-460-00000,,,,,,,,,,,,,,,,,,N/A,,,N/A,,,Missing,,,N/A,,,,,,,,,,,,,Missing,,,,
744,,,,,Inactive,,,MIC003,MICRO TECHNICAL NETWORK AND POWER SOLUTION INC.,3F POLAR CENTER BLDG CORNELL ST BRGY WACK WACK GREENHILLS,****,009-939-875-00000,,,,,,,,,,,,,,,,,,N/A,,,N/A,,,Missing,,,N/A,,,,,,,,,,,,,Missing,,,,
745,,,,,Inactive,,,MIC004,MICROIMAGING SALES AND SERVICES INC.,"2F KODAK BLDG 2247 CHINO ROCES AVE., BRGY SAN LORENZO",****,005-339-584-00000,,,,,,,,,,,,,,,,,,N/A,,,N/A,,,Missing,,,N/A,,,,,,,,,,,,,Missing,,,,
746,,,,,Inactive,,,MIC005-NT,MICHAEL DALIS,,****,235-811-235-00000,,,,,,,,,,,,,,,,,,N/A,,,N/A,,,Missing,,,N/A,,,,,,,,,,,,,Missing,,,,
747,4,Low Activity,2,"Reseller | Local | Active | AV, ICT & Digital Transformation Solutions Provider",Pending,Supplier-Local,Regular,MIC006,"MICRODATA SYSTEMS AND MANAGEMENT, INC.",CRYSTAL BLDG. 199 CM RECTO ST. COR. A. MABINI ST. SAN JUAN CITY,****,000-132-948-00000,,,,,,,,,,,,,,,,,,N/A,,,N/A,,,Missing,,,N/A,,,,,,,,,,,,,Missing,,,,
748,,,,,Inactive,,,MIC007,MICHAELANGELO LIGUIT,"UNIT 912 SOUTHSTAR PLAZA BANGKAL CITY OF MAKATI, NCR, FOURTH DISTRICT 1233",****,202-786-244-00000,,,,,,,,,,,,,,,,,,N/A,,,N/A,,,Missing,,,N/A,,,,,,,,,,,,,Missing,,,,
749,,,,,Inactive,,,MIC008,MICROGENESIS SOFTWARE INC,"UNIT 1202 PARAGON PLAZA  BLDG., 162 EDSA COR RELIANCE ST., MANDALUYONG CITY",****,000-342-262-000,,,,,,,,,,,,,,,,,,N/A,,,N/A,,,Missing,,,N/A,,,,,,,,,,,,,Missing,,,,
750,,,,,Inactive,,,MIC009-NT,MICHELIN CUISINE & FINE FOODS INC,"1 KALANTIAW ST COR 20TH AVENUE SAN ROQUE PROJECT 4 1109, QUEZON CITY NCR",****,008-202-835-00000,,KRISTINE TRINIDAD,,09178721079,,,,,,,,,,,,,,N/A,,,N/A,,,Missing,,,N/A,,,,,,,,,,,,,Missing,,,,
751,,,,,Inactive,,,MIH001,MIHCM ASIA SDN BHD,"HO HUP TOWER-AURORA PLACE 2-07-01-LEVEL 7 PLAZA BKT JALIL, 1,PERSIARAN JALIL 1, BDR BKT JALIL 57000",****,W10-1809-32001115,,PUBUDINI ABEYSEKARA,,,,,,,,,,,,,,,,N/A,,,N/A,,,Missing,,,N/A,,,,,,,,,,,,,Missing,,,,
752,,,,,Inactive,,,MIJ001,MIJA.PH CORP.,,****,770-696-344-00000,,,,,,,,,,,,,,,,,,N/A,,,N/A,,,Missing,,,N/A,,,,,,,,,,,,,Missing,,,,
753,,,,,Inactive,,,MIK001-NT,MIKE BATANES,,****,000-000-000-00000,,,,,,,,,,,,,,,,,,N/A,,,N/A,,,Missing,,,N/A,,,,,,,,,,,,,Missing,,,,
754,4,Low Activity,17,| IT Hardware & Consumer Electronics Distributor (VAD/Distributor).,Pending,Supplier-Local,Regular,MIL001,MILLENNIUM COMPUTER TECHNOLOGY CORPORATION,53 TANGALI ST SAN JOSE QUEZON CITY,****,000-324-914-00000,,,,,,,,,,,,,,,,,,N/A,,,N/A,,,Missing,,,N/A,,,,,,,,,,,,,Missing,,,,
755,,,,,Inactive,,,MIL001-NT,MILLENNIUM PROPERTIES AND BROKERAGE INC,15J ESCRIVA  DRIVE ORTIGAS CENTER BRGY SAN ANTONIO PASIG CITY,****,000-545-202-002,,LINDSAY ESTERADO,,,,,,,,,,,,,,,,N/A,,,N/A,,,Missing,,,N/A,,,,,,,,,,,,,Missing,,,,
756,4,Low Activity,17,IT Hardware & Consumer Electronics Distributor (VAD/Distributor).,Pending,Supplier-Local-NT,Regular,MIL002-NT,MILLENNIUM COMPUTER TECHNOLOGY CORPORATION,53 TANGALI ST SAN JOSE QUEZON CITY,****,000-324-914-00000,,YANG,,,,,,,,,,,,,,,,N/A,,,N/A,,,Missing,,,N/A,,,,,,,,,,,,,Missing,,,,
757,,,,,Inactive,,,MIL003-NT,MILLENNIUM CORPORATION,TALA 2112 ORANI BATAAN PHILIPPINES,****,009-948-245-00001,,GEMMALYN,,,,,,,,,,,,,,,,N/A,,,N/A,,,Missing,,,N/A,,,,,,,,,,,,,Missing,,,,
758,,,,,Inactive,,,MIN001,MIND ALLIANCE VENTURES INC.,"RM 613  PACIFIC BLDG , QUINTN PAREDES ST. BINONDO",****,005-424-123-00000,,CONTACT,,09164856081,,,,,,,,,,,,,,N/A,,,N/A,,,Missing,,,N/A,,,,,,,,,,,,,Missing,,,,
759,,,,,Inactive,,,MIR001-NT,MIRAHLIN CORTEZ,,****,000-000-000-00000,,,,,,,,,,,,,,,,,,N/A,,,N/A,,,Missing,,,N/A,,,,,,,,,,,,,Missing,,,,
760,,,,,Inactive,,,MIS001,MISNET EDUCATION INC,2402F Antel 2000 Corporate Center #121 Valero St Salcedo Village,****,217-536-458-00000,,MAKATI,,,,,,,,,,,,,,,,N/A,,,N/A,,,Missing,,,N/A,,,,,,,,,,,,,Missing,,,,
761,,,,,Inactive,,,MIT001-NT,MIT-AIR SALES CENTER INCORPORATED,"1531 PEDRO GIL ST., BRGY 815 ZONE 88",****,000-354-986-00000,,,,,,,,,,,,,,,,,,N/A,,,N/A,,,Missing,,,N/A,,,,,,,,,,,,,Missing,,,,
762,,,,,Inactive,,,MMD001,MMD DISTRIBUTION PHILIPPINES INC,"UNIT B 11/F JMT CORPORATE CONDOMINIUM, ADB AVE, ORTIGAS PASIG CITY",****,625-057-641-00000,,CATHY ALARMA,,,,,,,,,,,,,,,,N/A,,,N/A,,,Missing,,,N/A,,,,,,,,,,,,,Missing,,,,
763,,,,,Inactive,,,MMD001-NT,MMD DISTRIBUTION PHILIPPINES INC,UNIT 508 5F THE RAFFLES CORPORATE CENTER EMERALD AVE ORTIGAS CENTER BRGY SAN ANTONIO,****,009-196-428-00000,,CATHY,,,,,,,,,,,,,,,,N/A,,,N/A,,,Missing,,,N/A,,,,,,,,,,,,,Missing,,,,
764,,,,,Inactive,,,MME001-NT,MME MARKETING,DOOR F ISABELO ARCADE GENERAL MAXILOM AVENUE,****,260-041-607-00000,,,,,,,,,,,,,,,,,,N/A,,,N/A,,,Missing,,,N/A,,,,,,,,,,,,,Missing,,,,
765,4,Low Activity,1,Supplier | Local | Active | General Trading & Office Supplies Provider,Pending,,Regular,MMG001,MMG TRUE ENTERPRISES INCORPORATED,KM 18 POLYLITE HOUSE BLDG. ALABANG ZAPOTE ROAD TALON II LAS PINAS CITY 1740,****,010-036-244-00000,,,,,,,,,,,,,,,,,,N/A,,,N/A,,,Missing,,,N/A,,,,,,,,,,,,,Missing,,,,
766,,,,,Inactive,,,MMK001,MMK GMBH,"Koblenz, Rheinland-Pfalz, Germany",****,000-000-000-00000,,,,,,,,,,,,,,,,,,N/A,,,N/A,,,Missing,,,N/A,,,,,,,,,,,,,Missing,,,,
767,,,,,Inactive,,,MND001,MASTER NETWORK AND DATA SOLUTION,606 BONI AVENUE,****,912-673-514-00000,,,,,,,,,,,,,,,,,,N/A,,,N/A,,,Missing,,,N/A,,,,,,,,,,,,,Missing,,,,
768,,,,,Inactive,,,MOB001,MOBATEK SARL,15 CHEMIN DE LA CRABE 31300 TOULOUSE,****,FR57502869258,,,,,,,,,,,,,,,,,,N/A,,,N/A,,,Missing,,,N/A,,,,,,,,,,,,,Missing,,,,
769,,,,,Inactive,,,MOD001-NT,MODERNTECH COMPUTER SYSTEMS INC,,****,224-024-328-00000,,,,,,,,,,,,,,,,,,N/A,,,N/A,,,Missing,,,N/A,,,,,,,,,,,,,Missing,,,,
770,,,,,Inactive,,,MOD002,"MODUVI, INC.",UNIT 605 THE CENTERPOINT BLDG GARNET ROAD COR. JULIA VARGAS ORTIGAS CENTER BRGY. SAN ANTONIO PASIG,****,008-017-437-000,,CARLO MADDELA,,09178264801,,,,,,,,,,,,,,N/A,,,N/A,,,Missing,,,N/A,,,,,,,,,,,,,Missing,,,,
771,,,,,Inactive,,,MOD002-NT,MODUVI INC.,UNIT 605 THE CENTERPOINT BLDG GARNET ROAD COR. JULIA VARGAS ORTIGAS CENTER BRGY. SAN ANTONIO PASIG,****,008-017-437-000,,ANGEL BUCAG,,,,,,,,,,,,,,,,N/A,,,N/A,,,Missing,,,N/A,,,,,,,,,,,,,Missing,,,,
772,,,,,Inactive,,,MOL001-NT,"MOLATO, MARK P",VETERANS VILLAGE,****,408-898-473-000,,MOLTO,,,,,,,,,,,,,,,,N/A,,,N/A,,,Missing,,,N/A,,,,,,,,,,,,,Missing,,,,
773,,,,,Inactive,,,MON001,"MONTON, MICHAEL PEREZ",01 DON MARIANO MELENDRES AVE. COR ORTIGAS AVE EXT BRGY DOLORES TAYTAY RIZAL 1930,****,215-121-601-000,,Michael Monton,,,,,,,,,,,,,,,,N/A,,,N/A,,,Missing,,,N/A,,,,,,,,,,,,,Missing,,,,
774,4,Low Activity,3,Supplier | Foreign | Active | Work Management & Project Collaboration Software Provider,Pending,Supplier-Foreign-NT,Regular,MON001-NT,MONDAY.COM,"G/F S.B. TOVER 1A/1, SECTOR 16A         NOIDA, UTTAR PRADESH 201 301",****,000-000-000-00000,,SALES,,,,,,,,,,,,,,,,N/A,,,N/A,,,Missing,,,N/A,,,,,,,,,,,,,Missing,,,,
775,1,Low Activity,27,"8-10-26: Import Permit/Product Profile
8-24-26: Ff sent, email - Poduct Profile provided
9-4-26: Import Permit/Product Profile (confirm if okay to send LOA)",Incomplete,Supplier-Local,Major,MSE001,"M-SECURITY TECH PHILIPPINES, INC.","2904 88 CORPORATE CENTER VALERO COR SEDENO STS SALCEDO VILLAGE, MAKATI CITY 1227",,008-126-492-00000,,Angela Menchie Tan,Administrative Executive,"63 945 441 4324 | 
63 (2) 729 8837 loc 101",angelatan@m-securitytech.com,Not yet,No,No,No,Yes,Yes,Yes,Yes,31-Dec-2025,Current,-252,16-Jun-2027,Current,280,,N/A,,31-Dec-2026,Current,113,,N/A,,Yes,Yes,N/A,,,,,,,,,Missing,,,,
776,1,Low Activity,27,"8-10-26: Import Permit/Product Profile
8-24-26: Ff sent, email - Poduct Profile provided
9-4-26: Import Permit/Product Profile (confirm if okay to send LOA)",Incomplete,Supplier-Local-NT,Major,MSE001-NT,"M-SECURITY TECH PHILIPPINES, INC.","2904 88 CORPORATE CENTER VALERO COR SEDENO STS SALCEDO VILLAGE, MAKATI CITY 1227",****,008-126-492-00000,,,,,,,,,,,,,,,,,,N/A,,,N/A,,,Missing,,,N/A,,,,,,,,,,,,,Missing,,,,
777,,,,,Inactive,,,MSI001-NT,MSI-ECS PHILS INC,"MSI-ECS COMPLEX M. EUSEBIO ST., BRGY SAN MIGUEL PASIG CITY",****,200-182-112-00000,,,,,,,,,,,,,,,,,,N/A,,,N/A,,,Missing,,,N/A,,,,,,,,,,,,,Missing,,,,
778,,,,,Inactive,,,MSI002,"MSI PACIFIC INTERNATIONAL HOLDING CO., LTD.","GROUND FLR. CSP BUILDING, 173 EDSA BRGY WACK WACK GREENHILLS EAST MANDALUYONG CITY",****,010-126-383-00000,,,,,,,,,,,,,,,,,,N/A,,,N/A,,,Missing,,,N/A,,,,,,,,,,,,,Missing,,,,
779,3,Low Activity,302,Completed,Accredited,Subcontructor,,MTE001,MTEKNIK TECHNOLOGIES SOLUTIONS INC.,LOT 12 BLOCK 2 PROGRESSIVE VILLAGE 12 MOLINO III 4102 BACOOR CAVITE PHILIPPINES,,628-136-191-00000,,Opi Enriquez,Sales,639175765978,oenriquez@mteknikteam.com,26-Jan-2026,Yes,Yes,Yes,Yes,Yes,Yes,Yes,31-Dec-2025,Current,-252,15-Apr-2027,Current,218,,N/A,,31-Dec-2026,Current,113,,N/A,,Yes,Yes,N/A,N/A,,,,,,,,Missing,,,,
780,,,,,Inactive,,,MTT001,MTTCS MICRO TECHNICAL TELECOM CABLING SYSTEM,"2377 CHAMPACA ST., COR. ARELLANO AVE.   MALATE",****,189-857-092-00000,,,,,,,,,,,,,,,,,,N/A,,,N/A,,,Missing,,,N/A,,,,,,,,,,,,,Missing,,,,
781,,,,,Inactive,,,MUL001,MULTI MEDIA DISPLAY PHILIPPINES INC,UNIT 508 5F THE RAFFLES CORPORATE CENTER EMERALD AVE ORTIGAS CENTER BRGY SAN ANTONIO,****,009-196-428-00000,,,,,,,,,,,,,,,,,,N/A,,,N/A,,,Missing,,,N/A,,,,,,,,,,,,,Missing,,,,
782,4,Low Activity,1,Supplier | Local | Active | Retail & General Merchandise Provider,Pending,Supplier-Local-NT,Regular,MUL001-NT,MULTI STORES CORP,CEBU PORT CENTRE NORTH RECLAMATION AREA CEBU CITY,****,002-828-069-00000,,TRICIA CARREOS,,,NA,,,,,,,,,,,,,N/A,,,N/A,,,Missing,,,N/A,,,,,,,,,,,,,Missing,,,,
783,,,,,Inactive,,,MUL002,"MULTISTYLE SPECIALIST, INC.",MAC ARTHUR HI WAY SAN MATIAS STO TOMAS PAMPANGA 2020,****,000-057-387-00000,,,,,,,,,,,,,,,,,,N/A,,,N/A,,,Missing,,,N/A,,,,,,,,,,,,,Missing,,,,
784,,,,,Inactive,,,MUL003,MULTICO PRIME POWER INC,LOT 11 BLK 1B MERIDIAN INDUSTRIAL PARK BRGY MACABLING STA ROSA CITY LAGUNA 4026,****,005-619-610-00000,,,,,,,,,,,,,,,,,,N/A,,,N/A,,,Missing,,,N/A,,,,,,,,,,,,,Missing,,,,
785,,,,,Inactive,,,MUR001-NT,"MURPHY, ANGELICA JUSTINIANO",PUROK 5 PUYPUY 4033 BAY LAGUNA PHILIPPIENS,****,311-582-893-00000,,"MURPHY, ANGELICA JUSTINIANO",,,,,,,,,,,,,,,,N/A,,,N/A,,,Missing,,,N/A,,,,,,,,,,,,,Missing,,,,
786,,,,,Inactive,,,MUS001,MUSTARD SEED SYSTEMS CORP,,****,204-332-439-00000,,,,,,,,,,,,,,,,,,N/A,,,N/A,,,Missing,,,N/A,,,,,,,,,,,,,Missing,,,,
787,,,,,Inactive,,,MYT001-NT,"MYTAXI PH., INC.","12TH FLOOR WILCON IT HUB BUILDING, 2251 CHINO ROCES AVENUE",****,008-479-980-00000,,,,,,,,,,,,,,,,,,N/A,,,N/A,,,Missing,,,N/A,,,,,,,,,,,,,Missing,,,,
788,,,,,Inactive,,,NAG001-NT,"NAGUIT, JOSELITO FLORES",TALON AMADEO CAVITE 4119,****,209-167-224-000,,"NAGUIT, JOSELITO FLORES",,,,,,,,,,,,,,,,N/A,,,N/A,,,Missing,,,N/A,,,,,,,,,,,,,Missing,,,,
789,,,,,Inactive,,,NAN001,NANOTEC CORP.,58 ILANG ILANG                          DONA MANUELA I,****,007-099-808-00000,,,,,,,,,,,,,,,,,,N/A,,,N/A,,,Missing,,,N/A,,,,,,,,,,,,,Missing,,,,
790,,,,,Inactive,,,NAT001,NATHANIEL DREU,Liamson Subd.,****,223-341-866-00000,,,,,,,,,,,,,,,,,,N/A,,,N/A,,,Missing,,,N/A,,,,,,,,,,,,,Missing,,,,
791,4,Low Activity,1,"Reseller | Local | Active | Consumer Electronics, GPS & Technology Solutions Distributor",Pending,Supplier-Local,Regular,NAU001,"NAUTS AND VECTORS COMPANY, INC",4/F KIOSK KC 421 (B) SM MEGAMALL BLDG B. J VARGAS BRGY WACK WACK MANDALUYONG,****,000-342-262-00000,,SALES PERSON,,,,,,,,,,,,,,,,N/A,,,N/A,,,Missing,,,N/A,,,,,,,,,,,,,Missing,,,,
792,,,,,Inactive,,,NBA001-NT,NEW BANAWE AUTO SUPPLY,22 Banawe St. Tatalon St. QC,****,901-256-028-000,,Michael C. Tan To,,09158888168,,,,,,,,,,,,,,N/A,,,N/A,,,Missing,,,N/A,,,,,,,,,,,,,Missing,,,,
793,4,Low Activity,6,Tier 4 | 6 GRPO | Glass & Construction Materials Supplier/Reseller.,Pending,Supplier-Local,Regular,NCR001-NT,NCR COMMERCIAL & GLASS SUPPLY,"40 A. MABINI ST., PASIG CITY",****,103-287-877-00000,,,,,,,,,,,,,,,,,,N/A,,,N/A,,,Missing,,,N/A,,,,,,,,,,,,,Missing,,,,
794,,,,,Inactive,,,NDA001,NDAS PHILS. INC,"ROOM 2007 CITYLAND 10 TOWER II, 156 H.V. DELA COSTA ST.,",****,600-108-979-00000,,,,,,,,,,,,,,,,,,N/A,,,N/A,,,Missing,,,N/A,,,,,,,,,,,,,Missing,,,,
795,,,,,Inactive,,,NEP001-NT,NEPTHALI ESPELLOGO,,****,000-000-000-00000,,,,,,,,,,,,,,,,,,N/A,,,N/A,,,Missing,,,N/A,,,,,,,,,,,,,Missing,,,,
796,1,Low Activity,422,8-10-26: AFS & Proof of Present Add,Incomplete,Supplier-Local,Regular,NET001,NETEDGE TECHNOLOGIES INC.,601 PINA ST. BARANGAY 585 ZONE 057 1008 SAMPALOC MANILA CITY,,008-124-510-00000,Wholesaler | Retailer,KC Hinampas,Finance/Accounting Department,639233321117,kc.hinampas@bytesfreeinc.com,Not yet,No,No,No,Yes,Yes,Yes,,31-Dec-2024,For Update,-617,30-Sep-2026,Expiring Soon,21,,N/A,,31-Dec-2026,Current,113,,N/A,,Yes,,N/A,N/A,,,,,,,,Missing,,,,
797,3,Low Activity,9,,Pending,Supplier-Local,Regular,NET002,"NETPLAY, INC.","8F AIC CENTER BLDG, 204 ESCOLTA ST., BRGY 291 ZONE 027 BINONDO MANILA",****,231-960-577-00000,,,,,,,,,,,,,,,,,,N/A,,,N/A,,,Missing,,,N/A,,,,,,,,,,,,,Missing,,,,
798,,,,,Inactive,,,NET003,NETRUST PHILIPPINES CORPORATION,UNIT 4 G1 4F OPL BLDG 100 C PALANCA ST LEGASPI VILLAGE SAN LORENZO MAKATI CITY,****,008-436-648-00000,,,,,,,,,,,,,,,,,,N/A,,,N/A,,,Missing,,,N/A,,,,,,,,,,,,,Missing,,,,
799,1,Low Activity,422,Product Profile/Proof of Present Add/Latest AFS,Incomplete,Supplier-Local-NT,Regular,NET004-NT,NETEDGE TECHNOLOGIES INC.,601 PINA ST. BARANGAY 585 ZONE 057 1008 SAMPALOC MANILA CITY,,008-124-510-00000,,KC Hinampas,Finance/Accounting Department,639233321117,kc.hinampas@bytesfreeinc.com,Not yet,No,No,No,Yes,Yes,Yes,,31-Dec-2024,For Update,-617,30-Sep-2026,Expiring Soon,21,,N/A,,31-Dec-2026,Current,113,,N/A,,,,N/A,N/A,,,,,,,,Missing,,,,
800,4,Low Activity,8,Service Provider | IT Solutions Provider / Reseller | ICT & Networking Solutions,Pending,Supplier-Local,Regular,NET005,NETTDRIVEN CORP.,2/F FILFLEX CMPD 607 MERCEDES AVE SAN MIGUEL 1600 CITY OF PASIG NCR SENCODN DISTRICT PHILIIPINES,****,007-615-029-000,,Joy Resurreccion,,09399140531,,,,,,,,,,,,,,N/A,,,N/A,,,Missing,,,N/A,,,,,,,,,,,,,Missing,,,,
801,4,Low Activity,1,Reseller | Local | Active | IT Support & Network Solutions Provider,Pending,Supplier-Local,Regular,NET006,NETWORK FIX IT SOLUTIONS,"#16 SAFEGUARD ST. DIAZ COMOOUND 3, AMPID II SANMATEO RIZAL",****,237-629-694-000,,CHRISANTO CAPUZ,,,,,,,,,,,,,,,,N/A,,,N/A,,,Missing,,,N/A,,,,,,,,,,,,,Missing,,,,
802,4,Low Activity,1,Reseller / IT Solutions Provider | Networking & ICT Equipment,Pending,Supplier-Local,Regular,NEU001,NEUTRONICA I.T. SERVICES CORP.,UNIT 4 JC BLDG 40 ORTIGAS AVE EXT STA LUCIA PASIG CITY,****,007-849-349-000,,DEZA ENRIQUEZ,,,,,,,,,,,,,,,,N/A,,,N/A,,,Missing,,,N/A,,,,,,,,,,,,,Missing,,,,
803,,,,,Inactive,,,NEW001,NEW DATCHE PHILS. TRADERS CORP.,"269 PLARIDEL EXT. STO. NIÑO, CEBU CITY",****,000-069-987-00100,,,,,,,,,,,,,,,,,,N/A,,,N/A,,,Missing,,,N/A,,,,,,,,,,,,,Missing,,,,
804,,,,,Inactive,,,NEW002,NEW KINETIX COMPUTER CENTER,"76 P. CRUZ ST., SAN JOSE, MANDALUYONG CITY",****,912-901-617-00200,,,,,,,,,,,,,,,,,,N/A,,,N/A,,,Missing,,,N/A,,,,,,,,,,,,,Missing,,,,
805,,,,,Inactive,,,NEW003-NT,NEW TOPBEST LUMBER & CONSTRUCTION SUPPLY INC,282 E DELOS SANTOS AVE HIGHWAY HILLS MANDALUYONG CITY,****,000-063-318-00000,,,,,,,,,,,,,,,,,,N/A,,,N/A,,,Missing,,,N/A,,,,,,,,,,,,,Missing,,,,
806,4,Low Activity,5,Reseller | Active | IT Hardware & Workplace Solutions Provider,Pending,Supplier-Local,Regular,NEW004,NEW KINETIX CORPORATION,"WAREHOUSE NO. 2 NO.64 JUDGE JUAN LUNA ST., BRGY. BUNGAD SFDM D1 QUEZON CITY",****,745-927-329-00000,,,,,,,,,,,,,,,,,,N/A,,,N/A,,,Missing,,,N/A,,,,,,,,,,,,,Missing,,,,
807,4,Low Activity,5,Reseller | Active | IT Hardware & Workplace Solutions Provider,Pending,Supplier-Local-NT,Regular,NEW005-NT,NEW KINETIX CORPORATION,WAREHOUSE NO. 2 NO.64 JUDGE JUAN LUNA ST DEL MONTE QUEZON CITY,****,008-436-648-00000,,,,,,,,,,,,,,,,,,N/A,,,N/A,,,Missing,,,N/A,,,,,,,,,,,,,Missing,,,,
808,,,,,Inactive,,,NEW006,NEWTECH COMPONENTS LIMITED,,****,000-000-000-00000,,,,,,,,,,,,,,,,,,N/A,,,N/A,,,Missing,,,N/A,,,,,,,,,,,,,Missing,,,,
809,,,,,Inactive,,,NEW006-NT,NEWTECH COMPONENTS LIMITED,,****,000-000-000-00000,,,,,,,,,,,,,,,,,,N/A,,,N/A,,,Missing,,,N/A,,,,,,,,,,,,,Missing,,,,
810,,,,,Inactive,,,NEW007,NEW TOPBEST LUMBER & CONSTRUCTION SUPPLY INC,282 E DELOS SANTOS AVE,****,000-063-318-00000,,,,,,,,,,,,,,,,,,N/A,,,N/A,,,Missing,,,N/A,,,,,,,,,,,,,Missing,,,,
811,,,,,Inactive,,,NEW008-NT,NEW TORNADO SECURITY AGENCY INC,"ROOM 3, 3RD FLOOR, LOPEZ 12TH ST., AIRMENS VILLAGE VILLAMOR AIRBASE",****,006-322-729-00000,,,,,,,,,,,,,,,,,,N/A,,,N/A,,,Missing,,,N/A,,,,,,,,,,,,,Missing,,,,
812,,,,,Inactive,,,NEW011-NT,NEWBITECH IT SOLUTIONS,"249-A BRGY SANTO NINO, SAN FRANCISCO ST. BUHANGIN, DAVAO CITY 8000",****,921-946-322-002,,DAINA ROSE KUSAIN,,,,,,,,,,,,,,,,N/A,,,N/A,,,Missing,,,N/A,,,,,,,,,,,,,Missing,,,,
813,,,,,Inactive,,,NEX001,NEXTGEN DISTRIBUTION PHILIPPINES INC.,"UNIT 09-119, 9TH FLOOR TOWER 3 UPTOWN BONIFACIO 36TH STREET CORNER 11TH AVENUE FORT BONIFACIO 1634",****,010-681-360-00000,,,,,,,,,,,,,,,,,,N/A,,,N/A,,,Missing,,,N/A,,,,,,,,,,,,,Missing,,,,
814,,,,,Inactive,,,NEX001-NT,NEXTGEN DISTRIBUTION PHILIPPINES INC.,"UNIT 09-119, 9TH FLOOR TOWER 3 UPTOWN BONIFACIO 36TH STREET CORNER 11TH AVENUE FORT BONIFACIO 1634",****,010-681-360-00000,,CHOI CAYETA,,,,,,,,,,,,,,,,N/A,,,N/A,,,Missing,,,N/A,,,,,,,,,,,,,Missing,,,,
815,,,,,Inactive,,,NEX002,NEXT GENERATION TECHNOLOGIESGLOBAL INC.,4/F MOTHER OF UNITY BLDG. 118 J.P. RIZAL ST. SAN ROQUE MARIKINA 1801,****,008-324-843-000,,PATRICIA RAMIREZ,,,,,,,,,,,,,,,,N/A,,,N/A,,,Missing,,,N/A,,,,,,,,,,,,,Missing,,,,
816,,,,,Inactive,,,NIC001-NT,NICMAR MUSIC AND GADGETS,"B1 L3, SARREAL AVE., IMUS, CAVITE",****,285-011-977-00000,,,,,,,,,,,,,,,,,,N/A,,,N/A,,,Missing,,,N/A,,,,,,,,,,,,,Missing,,,,
817,4,Low Activity,10,Tier 4 | 10 GRPO | Couldn't identify,Pending,,Regular,NIE001-NT,"NIERRAS, LANILYN LIM","#40 HAILEY FILINVEST II BAGONG SILANGAN 1126 QUEZON CITY NCR, SECOND DISTRICT",****,151-962-182-00000,,"NIERRAS, LANILYN LIM",,,,,,,,,,,,,,,,N/A,,,N/A,,,Missing,,,N/A,,,,,,,,,,,,,Missing,,,,
818,4,Low Activity,3,Service Provider | Packaging Provider | Packaging Products & Services,Pending,Supplier-Local-NT,Regular,NIT001-NT,NIT'Z PACKAGING SERVICES,"BLK 66 LOT 7 NORTHVILLE 2B, BAGUMBONG",****,331-172-745-00000,,ELLEN,,,,,,,,,,,,,,,,N/A,,,N/A,,,Missing,,,N/A,,,,,,,,,,,,,Missing,,,,
819,2,Low Activity,18,"No data:
8-10-26: Email sent",Pending,Supplier-Local,Regular,NMN001,"NM NETWORK MANAGER SALES, INC.",U1804 CITYLAND HERRERA TOWER  98 V.A. RUFINO ST. SALCEDO VILLAGE,****,008-064-839-00000,OTHERS,,,,,,,,,,,,,,,,,N/A,,,N/A,,,Missing,,,N/A,,,,,,,,,,,,,Missing,,,,
820,,,,,Inactive,,,NOB001,NOBLEPROG MEA LIMITED - DUBAI BRANCH,"Business bay, Bay Square, Building 4, 2nd floor - Dubai",****,000000000000000,,Nour Bseiso,,,,,,,,,,,,,,,,N/A,,,N/A,,,Missing,,,N/A,,,,,,,,,,,,,Missing,,,,
821,,,,,Inactive,,,NOR001,NORTHBRIDGE TECHNOLOGIES ENTERPRISE,"L30 B3 CORINTHIANS ST.  MAUNLAD HOMES PH2   CAINGIN, MALOLOS BULACAN",****,429-281-961-000NV,,,,,,,,,,,,,,,,,,N/A,,,N/A,,,Missing,,,N/A,,,,,,,,,,,,,Missing,,,,
822,,,,,Inactive,,,NOR002,NORTHGATE TECHNOLOGIES,"2-A BIG HORSESHOE DRIVE, HORSESHOE VILLAGE, QC",****,000-087-947-00000,,,,,,,,,,,,,,,,,,N/A,,,N/A,,,Missing,,,N/A,,,,,,,,,,,,,Missing,,,,
823,4,Low Activity,12,Reseller | Active | IT Solutions Provider,Pending,Supplier-Local,Regular,NOR003,"NORTHRIDGE TECHNOLOGY BUSINESS SOLUTIONS, INC.","9190 CATMON ST.   SAN ANTONIO VILLAGE, MAKATI CITY",****,008-695-099-00000,,BRENDA YANGUAS,,,,,,,,,,,,,,,,N/A,,,N/A,,,Missing,,,N/A,,,,,,,,,,,,,Missing,,,,
824,,,,,Inactive,,,NOR004-NT,NORLITO ATIENZA,,****,000-000-000-00000,,,,,,,,,,,,,,,,,,N/A,,,N/A,,,Missing,,,N/A,,,,,,,,,,,,,Missing,,,,
825,,,,,Inactive,,,NOR014-NT,NORS.PH ONLINE SHOP,,****,346-381-627-00000,,NORLYN TARO,,09162232126,,,,,,,,,,,,,,N/A,,,N/A,,,Missing,,,N/A,,,,,,,,,,,,,Missing,,,,
826,,,,,Inactive,,,NOV001-NT,NOVELTRIX TRADING,36-C KAPT E CRUZ MANOTOK SUBD STO NINO MARIKINA CITY,****,233-483-326-00000,,,,,,,,,,,,,,,,,,N/A,,,N/A,,,Missing,,,N/A,,,,,,,,,,,,,Missing,,,,
827,,,,,Inactive,,,NPJ001,NPJN INFORMATION AND COMMUNICATION TECHNOLOGY SERVICES,B1 L23 PH 5 ESTWOOD RESIDENCES SAN ISIDRO RODRIGUEZ RIZAL,****,116-776-577-00000,,,,,,,,,,,,,,,,,,N/A,,,N/A,,,Missing,,,N/A,,,,,,,,,,,,,Missing,,,,
828,1,Low Activity,39,"Distributor | Local | Active | IT Security, Network Infrastructure & Technology Solutions Distributor

8-13-26: 
-SIF/GIS/Import Permit/Proof of Present Address
8-27-26: GIS",Incomplete,Supplier-Local,Regular,NSP001,NSPH INC.,"UNIT 202 RIVERBANK BLDG BSJ DEV CORP 1869 P. DOMINGO STREET KASILAWAN 1206 CITY OF MAKATI NCR, FOURTH DISTRICT PHILIPPINES",****,009-436-876-00000,Distributor of Network and Cyber Security Solution,Ansherina Mae Asancha,Product Executive," +63 9751032651 |
 +632 7506 6003",mae.a@netpoleons.com,Not yet,No,No,No,Yes,Yes,Yes,No,31-Mar-2027,Current,203,30-Jun-2026,Expired,-71,,N/A,,31-Dec-2026,Current,113,17-Sep-2026,Expiring Soon,8,Yes,Yes,N/A,N/A,,,,,,,,Missing,,,,
829,,,,,Inactive,,,NTT001,"NTT DATA PHILIPPINES, INC","28/F 88 CORPORATE CENTER, SEDEÑO COR. VALERO ST., SALCEDO VILLAGE, BEL-AIR, MAKATI CITY",****,202-289-659-00000,,,,,,,,,,,,,,,,,,N/A,,,N/A,,,Missing,,,N/A,,,,,,,,,,,,,Missing,,,,
830,4,Low Activity,1,Service Provider (Cybersecurity,Pending,Supplier-Local,Regular,NUL001,NULLFORGE SECURITY INC,2F LEDESMA COURT SUBDIVISION CULIAT QUEZON CITY 1128,****,008-891-735-00000,,,,,,,,,,,,,,,,,,N/A,,,N/A,,,Missing,,,N/A,,,,,,,,,,,,,Missing,,,,
831,,,,,Inactive,,,NUS001,NUSERV SOLUTIONS INC.,433 LT ARTIAGA ST CORAZON DE JESUS SAN JUAN CITY,****,009-656-582-00000,,,,,,,,,,,,,,,,,,N/A,,,N/A,,,Missing,,,N/A,,,,,,,,,,,,,Missing,,,,
832,,,,,Inactive,,,OCT001,OCTAGON COMPUTER SUPERSTORE,SM MEGAMALL,****,004-780-008-001,,KESHEM JEAN RAMOS,,,,,,,,,,,,,,,,N/A,,,N/A,,,Missing,,,N/A,,,,,,,,,,,,,Missing,,,,
833,,,,,Inactive,,,OFF001,OFFICE FUNDAMENTAL IDEAS CO.,"40-A BANAWE ST., QUEZON CITY",****,006-669-030-00000,,,,,,,,,,,,,,,,,,N/A,,,N/A,,,Missing,,,N/A,,,,,,,,,,,,,Missing,,,,
834,4,Low Activity,2,Service Provider (Cybersecurity Training & Certification),Pending,Supplier-Foreign,Regular,OFF004,OFFSEC SERVICES LIMITED,230 Park Ave; 3rd Floor,****,000000000000000,,LEON KWEK,,,,,,,,,,,,,,,,N/A,,,N/A,,,Missing,,,N/A,,,,,,,,,,,,,Missing,,,,
835,4,Low Activity,2,Service Provider (Cybersecurity Training & Certification),Pending,Supplier-Foreign-NT,Regular,OFF004-NT,OFFSEC SERVICES LIMITED,230 Park Ave; 3rd Floor,****,000000000000000,,LEON KWEK,,,,,,,,,,,,,,,,N/A,,,N/A,,,Missing,,,N/A,,,,,,,,,,,,,Missing,,,,
836,,,,,Inactive,,,OFF005,"OFFICE WAREHOUSE, INC.",8 GILMORE AVE VALENCIA QUEZON CITY,****,200-492-462-00000,RETAIL,ARNOLD PERILLA,,09178627938,,,,,,,,,,,,,,N/A,,,N/A,,,Missing,,,N/A,,,,,,,,,,,,,Missing,,,,
837,,,,,Inactive,,,OKC001,OKCAM ELECTRONICS CENTER,"#25 GILMORE AVE. COR AURORA BLVD., VALENCIA 4 QUEZON CITY",****,307-449-531-00000,,,,,,,,,,,,,,,,,,N/A,,,N/A,,,Missing,,,N/A,,,,,,,,,,,,,Missing,,,,
838,,,,,Inactive,,,OLI001-NT,OLIVER MOLERA,,****,000-000-000-00000,,,,,,,,,,,,,,,,,,N/A,,,N/A,,,Missing,,,N/A,,,,,,,,,,,,,Missing,,,,
839,,,,,Inactive,,,ONE001-NT,"ONE CLICK BATTERY DEPOT, INC.","12 MERCEDES AVENUE SAN MIGUEL, PASIG CITY",****,010-372-730-003,,ARIEL,,09274678882,,,,,,,,,,,,,,N/A,,,N/A,,,Missing,,,N/A,,,,,,,,,,,,,Missing,,,,
840,4,Low Activity,2,Pending Verification,Pending,,Regular,ONJ001,"TAN, JILLIAN MAE B.","3/F ANNAPOLIS TOWER 43 ANNAPOLIS ST., GREENHILLS, SAN JUAN CITY",****,400-741-333-00000,,JILLIAN MAE TAN,,,,,,,,,,,,,,,,N/A,,,N/A,,,Missing,,,N/A,,,,,,,,,,,,,Missing,,,,
841,4,Low Activity,5,"Reseller | Local | Active | IT, Imaging & Consumer Technology Products Provider",Pending,Supplier-Local-NT,Regular,ONJ001-NT,O & J GLOBAL TRADING,"3/F ANNAPOLIS TOWER 43 ANNAPOLIS ST., GREENHILLS, SAN JUAN CITY",****,400-741-333-00000,,JILLIAN MAE TAN,,,,,,,,,,,,,,,,N/A,,,N/A,,,Missing,,,N/A,,,,,,,,,,,,,Missing,,,,
842,,,,,Inactive,,,OPT001,"OPTIMAL SYSTEMS DISTRIBUTION, INC.","120 E. RODRIGUEZ JR. COR. ORTIGAS AVE.  BRGY. UGONG, PASIG CITY",****,233-182-112-00000,,,,,,,,,,,,,,,,,,N/A,,,N/A,,,Missing,,,N/A,,,,,,,,,,,,,Missing,,,,
843,,,,,Inactive,,,OPT002,OPTIMUM IT SOLUTIONS COMPANY,21 UNIT 406 CRISTOBAL PLACE MAYOR IGNACIO ST CUBAO QUEZON CITY,****,010-419-361-00000,,,,,,,,,,,,,,,,,,N/A,,,N/A,,,Missing,,,N/A,,,,,,,,,,,,,Missing,,,,
844,4,Low Activity,1,Reseller | Local | Active | IT Security & Technology Solutions Provider,Pending,Supplier-Local,Regular,ORI001,"ORION CEPHEID, INC","1916-18 CLARO M. RECTO AVE BRGY. 392, ZONE 040, QUIAPO, MANILA CITY, 1001",****,004-511-102-00000,,SALES PERSON,,,,,,,,,,,,,,,,N/A,,,N/A,,,Missing,,,N/A,,,,,,,,,,,,,Missing,,,,
845,,,,,Inactive,,,ORI001-NT,ORIENTAL ASSURANCE CORPORATION,"UNIT D PARIS BLDG 9212 E. AGUINALDO HIGHWAY ZONE I (POB) DASMARINAS, CAVITE",****,000-798-742-00014,,,,,,,,,,,,,,,,,,N/A,,,N/A,,,Missing,,,N/A,,,,,,,,,,,,,Missing,,,,
846,,,,,Inactive,,,ORI002,ORIONTECH CORPORATION,"706 APITONG ROAD MIDTOWN EXECUTIVE HOMES, 1268 U.N. AVE BRGY 672 ZONE 73 PACO, MANILA 1007",****,764-693-825-00000,,,,,,,,,,,,,,,,,,N/A,,,N/A,,,Missing,,,N/A,,,,,,,,,,,,,Missing,,,,
847,4,Low Activity,2,Pending Verification,Pending,,Regular,ORI002-NT,"ORIAS , JUDILYN TIMKANG",B13 L63 MT VIEW SUBD MUZON 3023 CITY OF SAN JOSE DEL MONTE BULACAN PH,****,221-522-981-00000,,NOEL JOY ORIAS,,,,,,,,,,,,,,,,N/A,,,N/A,,,Missing,,,N/A,,,,,,,,,,,,,Missing,,,,
848,4,Low Activity,2,Supplier | Retailer / Distributor | Gaming & IT Products,Pending,Supplier-Local-NT,Regular,ORI007-NT,"ORION CEPHEID, INC,","4/F BLDG B, SM MEGAMALL, 1550 MANDALUYONG CITY",****,004-511-102-00009,,BILL TO,,,,,,,,,,,,,,,,N/A,,,N/A,,,Missing,,,N/A,,,,,,,,,,,,,Missing,,,,
849,3,Low Activity,5,,Pending,Supplier-Local,Regular,P2R001,P2RO INC.,#8 SCOUT TOBIAS ST. QUEZON CITY,****,244-359-178-000,,MARYNEL,,,,,,,,,,,,,,,,N/A,,,N/A,,,Missing,,,N/A,,,,,,,,,,,,,Missing,,,,
850,3,Low Activity,5,,Pending,Supplier-Local-NT,Regular,P2R002-NT,P2RO INC.,#8 SCOUT TOBIAS ST. QUEZON CITY,****,244-359-178-000,,MARYNEL,,,,,,,,,,,,,,,,N/A,,,N/A,,,Missing,,,N/A,,,,,,,,,,,,,Missing,,,,
851,,,,,Inactive,,,PAC001-NT,PACIFIC CROSS HEALTH CARE INC,"PACIFIC CROSS CENTER, 8000 MAKATI AVENUE, MAKATI CITY",****,140-233-202-00000,,,,,,,,,,,,,,,,,,N/A,,,N/A,,,Missing,,,N/A,,,,,,,,,,,,,Missing,,,,
852,,,,,Inactive,,,PAC002,PACULEGEND COOLING SOLUTIONS AND AIRCONDITIONING SERVICES,"BLK 3 LOT 5 PHASE 2A HOMES, LIGAS III, BACOOR CITY, CAVITE",****,202-454-888-00000,,,,,,,,,,,,,,,,,,N/A,,,N/A,,,Missing,,,N/A,,,,,,,,,,,,,Missing,,,,
853,4,Low Activity,21,Supplier | Local | Active | Office Supplies & Stationery Provider,Pending,Supplier-Local-NT,Regular,PAM001-NT,"PAMCO STATIONERY SUPPLY, INC","528 E.T YUNCHENGCO ST. BRHY 289 27, BINONDO  CITY OF MANILA 1006",****,000-332-670-00000,,SALES PERSON,,,,,,,,,,,,,,,,N/A,,,N/A,,,Missing,,,N/A,,,,,,,,,,,,,Missing,,,,
854,,,,,Inactive,,,PAN001,PANASONIC MANUFACTURING PHILIPPINES CORPORATION,ORTIGAS AVE. EXT.,****,000-099-692-00000,,,,,,,,,,,,,,,,,,N/A,,,N/A,,,Missing,,,N/A,,,,,,,,,,,,,Missing,,,,
855,4,Low Activity,1,Cannot Identify,Pending,,Regular,PAN001-NT,"PANGILINAN, PAUL ALDRICH SUGUITAN","10 ROBINA STREET BUNGAD 1105 QUEZON CITY NCR, SECOND DISTRICT PHIL",****,628-562-127-00000,,TRIZ BRILLANTES,,,,,,,,,,,,,,,,N/A,,,N/A,,,Missing,,,N/A,,,,,,,,,,,,,Missing,,,,
856,,,,,Inactive,,,PAN002,PANDATECH EXPRESS88 BUSINESS SYSTEM NETWORK AND DATA SOLUTION,DOOR 4 SNN REALTY BUILDING INIGO STREET,****,949-708-892-00500,,,,,,,,,,,,,,,,,,N/A,,,N/A,,,Missing,,,N/A,,,,,,,,,,,,,Missing,,,,
857,4,Low Activity,191,"| Reseller | Office Supplies, Stationery & Paper Products",Pending,Supplier-Local-NT,Regular,PAP001-NT,PAPERLINE ENTERPRISES INC,1140 PRUDENCE BLDG PASONG TAMO SAN ANTONIO MAKATI CITY,****,102-896-227-00000,,,,,,,,,,,,,,,,,,N/A,,,N/A,,,Missing,,,N/A,,,,,,,,,,,,,Missing,,,,
858,3,Low Activity,4,Pending Verification,Pending,,Regular,PAR001,"PARAGAS, AMY ESCONDE",70 COMMISSION CIVIL LINCOLN STREETS BENEDICTO JARO 5000 CITY OF ILO-ILO PHILIPPINES,****,911-194-706-00000,,"PARAGAS, AMY ESCONDE",,,,,,,,,,,,,,,,N/A,,,N/A,,,Missing,,,N/A,,,,,,,,,,,,,Missing,,,,
859,,,,,Inactive,,,PAR001-NT,PARAGON PLAZA CONDOMINIUM CORP,"GF PARAGON PLAZA EDSA COR. RELIANCE ST., MANDALUYONG CITY",****,205-068-120-00000,,,,,,,,,,,,,,,,,,N/A,,,N/A,,,Missing,,,N/A,,,,,,,,,,,,,Missing,,,,
860,,,,,Inactive,,,PAR002-NT,PARAMOUNT LIFE & GENERAL INSURANCE CORPORATION,15TH FLOOR SAGE HOUSE 110 V.A. RUFINO STREET LEGASPI VILLAGE MAKATI CITY,****,000-487-644-00000,,,,,,,,,,,,,,,,,,N/A,,,N/A,,,Missing,,,N/A,,,,,,,,,,,,,Missing,,,,
861,4,Low Activity,20,Electromechanical Contractor | Building & Engineering Works,Accredited,Subcontructor,Regular,PAR003,PARAGON ELECTROMECH & DEVELOPMENT CORPORATION,"UNIT 1B BLDG 3 ST. VERONICA VILLAS ESTANISLAO STREET, PUTATAN 1772, MUNTINLUPA NCR, FOURTH DISTRICT PHILIPPINES",****,010-760-829-00000,,Romielynne Valeriano,Admin Staff,9302942007,paragoncorp2023@yahoo.com,25-Nov-2025,Yes,Yes,Yes,Yes,Yes,Yes,Yes,31-Dec-2025,Current,-252,13-Apr-2027,Current,216,,N/A,,20-Jan-2027,Current,133,,N/A,,Yes,Yes,N/A,N/A,,,,,,,,Missing,,,,
862,,,,,Inactive,,,PAS001-NT,PASSMARK SOFTWARE PTY LTD,"Level 5, 63 Foveaux St",****,000000000000000,,PASSMARK SOFTWARE,,,,,,,,,,,,,,,,N/A,,,N/A,,,Missing,,,N/A,,,,,,,,,,,,,Missing,,,,
863,,,,,Inactive,,,PAS002-NT,PASIA SHARED SERVICES CORPORATION,"2322 PASONG TAMO EXT. MAGALLANES, MAKATI CITY",****,010-239-382-000,,SALES ASSOCIATE,,,,,,,,,,,,,,,,N/A,,,N/A,,,Missing,,,N/A,,,,,,,,,,,,,Missing,,,,
864,,,,,Inactive,,,PASS001,PassionIT Group,"119 SW Maynard Rd Suite 150 Cary, NC 27511",****,000-000-000-00000,,ONLINE,,,,,,,,,,,,,,,,N/A,,,N/A,,,Missing,,,N/A,,,,,,,,,,,,,Missing,,,,
865,2,Low Activity,61,7-29-26: 2025 AFS ,Incomplete,Supplier-Local,Major,PAX001,PAX8 PHILIPPINES INC.,"TMF PHILIPPINES, INC 24/F AIA TOWER 8767 PASEO DE ROXAS, BEL-AIR  1209, CITY OF MAKATI NCR, FOURTH DISTRICT PHILIPPINES",,624-234-564-00000,Administrative Support Activties,Rachel Marie Garaygay,Channel Account Manager,63 977 816 2142,rgaraygay@pax8.com,Not yet,No,No,No,Yes,Yes,Yes,Yes,31-Dec-2024,For Update,-617,31-Oct-2026,Current,52,,N/A,,31-Dec-2026,Current,113,,N/A,,Yes,Yes,N/A,N/A,,,,,,,,Missing,,,,
866,2,Low Activity,61,7-29-26: 2025 AFS ,Incomplete,Supplier-Local-NT,Major,PAX001-NT,PAX8 PHILIPPINES INC.,"TMF PHILIPPINES, INC 24/F AIA TOWER 8767 PASEO DE ROXAS, BEL-AIR  1209, CITY OF MAKATI NCR, FOURTH DISTRICT PHILIPPINES",,624-234-564-00000,,Rachel Marie Garaygay,Channel Account Manager,63 977 816 2142,rgaraygay@pax8.com,No,No,,,,,,,,,,,N/A,,,N/A,,,Missing,,,N/A,,,,,,,,,,,,,Missing,,,,
867,,,,,Inactive,,,PCE001,PC EXPRESS,,****,000-000-000-00100,,,,,,,,,,,,,,,,,,N/A,,,N/A,,,Missing,,,N/A,,,,,,,,,,,,,Missing,,,,
868,,,,,Inactive,,,PCX001-NT,PHILCOX (PHILIPPINES) INCORPORATED,8TH FLOOR PHILCOX BUILDING 172 SALCEDO ST LEGASPI VLLAGE SAN LORENZO 1229 MAKATI CITY 4TH DISTRICT,****,000-138-401-00000,,Belle Abustan,,,,,,,,,,,,,,,,N/A,,,N/A,,,Missing,,,N/A,,,,,,,,,,,,,Missing,,,,
869,,,,,Inactive,,,PDF001-NT,PUNTA DE FABIAN RESORT INC.,SITIO HANGAN EVANGELISTA BARAS RIZAL 1970,****,233-167-492-000,,Denis Benito,,,,,,,,,,,,,,,,N/A,,,N/A,,,Missing,,,N/A,,,,,,,,,,,,,Missing,,,,
870,4,Low Activity,52,Service Provider / Testing & Certification Provider,Pending,Supplier-Foreign,Regular,PEA001,PEARSON VUE,"G/F S.B. TOVER 1A/1, SECTOR 16A         NOIDA, UTTAR PRADESH 201 301",****,000-000-000-00000,,,,,,,,,,,,,,,,,,N/A,,,N/A,,,Missing,,,N/A,,,,,,,,,,,,,Missing,,,,
871,4,Low Activity,52,Service Provider / Testing & Certification Provider,Pending,Supplier-Foreign-NT,Regular,PEA001-NT,PEARSON VUE,"G/F S.B. TOVER 1A/1, SECTOR 16A         NOIDA, UTTAR PRADESH 201 301",****,000-000-000-00000,,CONTACT,,,,,,,,,,,,,,,,N/A,,,N/A,,,Missing,,,N/A,,,,,,,,,,,,,Missing,,,,
872,,,,,Inactive,,,PEO001-NT,PEOPLES GENERAL INSURANCE CORPORATION,"420 CALLE MAGALLANES, INTRAMUROS, MANILA",****,000-887-923-00000,,,,,,,,,,,,,,,,,,N/A,,,N/A,,,Missing,,,N/A,,,,,,,,,,,,,Missing,,,,
873,4,Low Activity,49,"Supplier | Local | Active | School, Office & Educational Supplies Provider",Pending,Supplier-Local-NT,Regular,PEO002-NT,"PEOPLES EDUCATIONAL SUPPLY, INC.","COLON STREET, KALUBIHAN, CEBU CITY",****,005-255-700-00300,,,,,,,,,,,,,,,,,,N/A,,,N/A,,,Missing,,,N/A,,,,,,,,,,,,,Missing,,,,
874,4,Low Activity,1,"Supplier | Local | Active | HR, Learning & Professional Development Organization",Pending,Supplier-Local-NT,Regular,PEO003-NT,PEOPLE MANAGEMENT ASSOCIATION OF THE PHILS INC.,670 LEE ADDITION HILLS MANDALUYONG CITY 1552,****,000-663-900-00000,,,,,,,,,,,,,,,,,,N/A,,,N/A,,,Missing,,,N/A,,,,,,,,,,,,,Missing,,,,
875,,,,,Inactive,,,PEP001-NT,PEP SQUAD EVENTS AND MARKETING SERVICES INC,UNIT 304 CITYLAND CON III 105 V.A RUFINO LEGASPI VILLAGE MAKATI CITY,****,007-806-687-000,,KATHY MIRABUENO,,,,,,,,,,,,,,,,N/A,,,N/A,,,Missing,,,N/A,,,,,,,,,,,,,Missing,,,,
876,,,,,Inactive,,,PHE001,"PHENOMENAL SOLUTIONS, INC.","G/F CSP BDLG. 173  EDSA, BRGY WACK WACK, MANDALUYONG CITY",****,216-165-870-00000,,,,,,,,,,,,,,,,,,N/A,,,N/A,,,Missing,,,N/A,,,,,,,,,,,,,Missing,,,,
877,,,,,Inactive,,,PHI001,PHILSOURCE VENTURES GROUP INCORPORATED,"189 N. DOMINGO ST.     BRGY. KAUNLARAN, QC",****,009-561-355-00100,,,,,,,,,,,,,,,,,,N/A,,,N/A,,,Missing,,,N/A,,,,,,,,,,,,,Missing,,,,
878,,,,,Inactive,,,PHI001-NT,PHILLIP EUGENIO,"COMMERCIAL UNIT NO 118 A SUPIMA SQUARE, MALHACAN CITY OF MEYCAUAYAN BULACAN",****,914-381-441-000,,philip,,,,,,,,,,,,,,,,N/A,,,N/A,,,Missing,,,N/A,,,,,,,,,,,,,Missing,,,,
879,3,Low Activity,179,,Pending,Supplier-Local,Regular,PHI002,PHILTEQ ENTERPRISE INCORPORATED,20F GLOBAL BUSINESS TOWER 144 N DOMINGGO ST. COR MAYOR IGNACIO SANTOS DIAZ ST KAUNLARAN 1111 QC NCR,****,008-292-913-00000,,,,,,,,,,,,,,,,,,N/A,,,N/A,,,Missing,,,N/A,,,,,,,,,,,,,Missing,,,,
880,,,,,Inactive,,,PHI002-NT,PHILHRG INC,L16 TOWER 6789 AYALA  AVENUE BRGY BEL AIR MAKATI 1226,****,009-712-199-000,,Darwin Rivers,,,,,,,,,,,,,,,,N/A,,,N/A,,,Missing,,,N/A,,,,,,,,,,,,,Missing,,,,
881,,,,,Inactive,,,PHI003-NT,PHIL. CAMPUS CRUSADE FOR CHRIST,,****,000-000-000-00000,,,,,,,,,,,,,,,,,,N/A,,,N/A,,,Missing,,,N/A,,,,,,,,,,,,,Missing,,,,
882,,,,,Inactive,,,PHI004,PHILIPPE GADGETS & ACCESSORIES INC.,138-A WEST AVENUE QUEZON CITY,****,221-895-949-00000,,,,,,,,,,,,,,,,,,N/A,,,N/A,,,Missing,,,N/A,,,,,,,,,,,,,Missing,,,,
883,,,,,Inactive,,,PHI004-NT,PHILIPPINE INSTITUTE OF CYBER SECURITY PROFESSIONALS,L-29 JOY NOSTALG CENTRE 17 ADB AVENUE ORTIGAS CENTER BRGY SAN ANTONIO PASIG CITY,****,008-569-781-000,,LAURICE BALBASTRO,,,,,,,,,,,,,,,,N/A,,,N/A,,,Missing,,,N/A,,,,,,,,,,,,,Missing,,,,
884,,,,,Inactive,,,PHI005-NT,PHILIPPINE BRITISH ASSURANCE COMPANY INC.,"PENTHOUSE CENTER MORNING STAR BLDG., 344 GIL. PUYAT.,MAKATI CITY",****,000-803-300-00000,,,,,,,,,,,,,,,,,,N/A,,,N/A,,,Missing,,,N/A,,,,,,,,,,,,,Missing,,,,
885,,,,,Inactive,,,PHI006,PHILIPPINE DUPLICATORS INC.,"MSI-ECS COMPLEX , M. EUSEBIO STREET BRGY SAN MIGUEL, PASIG CITY",****,000412893007000,,DAVE PENDON,,09108595647,,,,,,,,,,,,,,N/A,,,N/A,,,Missing,,,N/A,,,,,,,,,,,,,Missing,,,,
886,3,Low Activity,197,,Pending,Supplier-Local-NT,Regular,PHI006-NT,PHILTEQ ENTERPRISE INCORPORATED,GLOBAL BUSINESS TOWER 144 N DOMINGGO ST. COR MAYOR IGNACIO SANTOS DIAZ ST KAUNLARAN 1111 QC NCR,****,008-292-913-00000,,,,,,,,,,,,,,,,,,N/A,,,N/A,,,Missing,,,N/A,,,,,,,,,,,,,Missing,,,,
887,4,Low Activity,18,"Authorized Dealer | office equipment, multifunction printers, copiers, document solutions, and related consumables",Pending,Supplier-Local,Regular,PHI008,PHILCOPY CORPORATION,"793 J.P. RIZAL AVE. POBLACION NCR, FOURTH DISTRICT 1210 CITY OF MAKATI PHILIPPINES",****,000-169-318-00000,,JACQUE ADORINO,,,info@philcopy.net,,,,,,,,,,,,,N/A,,,N/A,,,Missing,,,N/A,,,,,,,,,,,,,Missing,,,,
888,4,Low Activity,1,Reseller | Local | Active | Enterprise IT Infrastructure Solutions Provider,Pending,Supplier-Local,Regular,PHI009,"PHIL-DATA BUSINESS SYSTEMS, INC.",3/F KINGS COURT II BLDG 2129 CHINO ROCES AVE BRGY PIO DEL PILAR MAKATI CITY,****,000-136-396-000,,MARK NINO HUBERIT,,09171540293,,,,,,,,,,,,,,N/A,,,N/A,,,Missing,,,N/A,,,,,,,,,,,,,Missing,,,,
889,,,,,Inactive,,,PHI010-NT,PHILIA GIVEAWAYS TRADING,,****,499-392-488-00000,,HONEY DE GUZMAN,,09707715101,,,,,,,,,,,,,,N/A,,,N/A,,,Missing,,,N/A,,,,,,,,,,,,,Missing,,,,
890,,,,,Inactive,,,PHI072,PHILFOAM FURNISHING INDUSTRIES INC,489 ROSITA T UY BLDG. SHAW BLVD ADDITION HILLS,****,243-876-897-005,,MARK ANTHONY PAMA,,09171135783,,,,,,,,,,,,,,N/A,,,N/A,,,Missing,,,N/A,,,,,,,,,,,,,Missing,,,,
891,,,,,Inactive,,,PHI072-NT,PHILFOAM FURNISHING INDUSTRIES INC,489 ROSITA T UY BLDG. SHAW BLVD ADDITION HILLS,****,243-876-897-005,,MARK ANTHONY PAMA,,09171135783,,,,,,,,,,,,,,N/A,,,N/A,,,Missing,,,N/A,,,,,,,,,,,,,Missing,,,,
892,,,,,Inactive,,,PHL001-NT,"PHILHEALTHCARE, INC.",2ND AND 5TH FLOOR STI HOLDINGS CENTER AYALA AVE BRGY SAN LORENZO MAKATI CITY 1226,****,000-888-183-000,,Chris Caribala,,09989653318,,,,,,,,,,,,,,N/A,,,N/A,,,Missing,,,N/A,,,,,,,,,,,,,Missing,,,,
893,,,,,Inactive,,,PIL001-NT,SHELL PILIPINAS CORPORATION,"41/F THE FINANCE CENTER, 26TH ST. COR. 9TH AVE., BGC, BRGY. FORT BONIFACIO, TAGUIG CITY",****,000-164-757-00000,,,,,,,,,,,,,,,,,,N/A,,,N/A,,,Missing,,,N/A,,,,,,,,,,,,,Missing,,,,
894,,,,,Inactive,,,PIO001-NT,PIONEER LIFE INC.,PIONEER HOUSE MAKATI 108 PASEO DE ROXAS LEGASPI VILLAGE MAKATI CITY,****,005-299-198-00000,,,,,,,,,,,,,,,,,,N/A,,,N/A,,,Missing,,,N/A,,,,,,,,,,,,,Missing,,,,
895,,,,,Inactive,,,PIO002-NT,PIONEER 300 BOWLING INC.,NO 8006 PIONEER ST KAPITOLYO,****,010-316-858-00000,,,,,,,,,,,,,,,,,,N/A,,,N/A,,,Missing,,,N/A,,,,,,,,,,,,,Missing,,,,
896,,,,,Inactive,,,PIV001,PIVOT VENTURES INC.,JMK BLDG. 121 WEST AVE. BUNGAD QC,****,010-628-534-00000,,JANEEN,,09664002910,,,,,,,,,,,,,,N/A,,,N/A,,,Missing,,,N/A,,,,,,,,,,,,,Missing,,,,
897,,,,,Inactive,,,PIX001,PIXEL DATA INC.,"10 VISAYAS AVE. SAINT MARTIN VILLAGE A.S. FORTUNA, BANILAD, MANDAUE CITY",****,007-141-730-00000,,,,,,,,,,,,,,,,,,N/A,,,N/A,,,Missing,,,N/A,,,,,,,,,,,,,Missing,,,,
898,,,,,Inactive,,,PIX002,PIXELTONE MULTIMEDIA CO.,Cubao,****,209-079-807-00000,,,,,,,,,,,,,,,,,,N/A,,,N/A,,,Missing,,,N/A,,,,,,,,,,,,,Missing,,,,
899,,,,,Inactive,,,PJG001,PJG AUTO GLASS AND ALUMINUM SUPPLY,"#0189 CASMOR SUBD., PHASE I, MC ARTHUR HIWAY, MABIGA,",****,407-754-180-00000,,,,,,,,,,,,,,,,,,N/A,,,N/A,,,Missing,,,N/A,,,,,,,,,,,,,Missing,,,,
900,,,,,Inactive,,,PLD001-NT,PLDT INC,"RAMON COJUANGCO BLDG MAKATI AVE., MAKATI CITY",****,000-488-793-00000,,,,,,,,,,,,,,,,,,N/A,,,N/A,,,Missing,,,N/A,,,,,,,,,,,,,Missing,,,,
901,4,Low Activity,7,,Pending,Supplier-Local,Regular,PMR001-NT,PHILMOOR TESS TRADING INC.,"43 PANSOL AVE, PANSOL, QUEZON CITY",****,740-233-167-000,,HUAWEI PHIL,,,,,,,,,,,,,,,,N/A,,,N/A,,,Missing,,,N/A,,,,,,,,,,,,,Missing,,,,
902,4,Low Activity,5,Pending Verification,Pending,,Regular,PON001,PONCIANO MALUBAY,"315 SAMPALOC ST., OLD STA. MESA, METRO MANILA",****,197-485-686-000NV,,,,,,,,,,,,,,,,,,N/A,,,N/A,,,Missing,,,N/A,,,,,,,,,,,,,Missing,,,,
903,4,Low Activity,1,Supplier | Foreign | Active | Cybersecurity & Web Application Security Testing Software Provider,Pending,Supplier-Foreign,Regular,POR001,PORTSWIGGER LTD,"6 BOOTHS PARK CHELFORD ROAD, KNUTSFORD WA16 8ZS UK",****,GB9485630850000,,DERRICK SY,,,,,,,,,,,,,,,,N/A,,,N/A,,,Missing,,,N/A,,,,,,,,,,,,,Missing,,,,
904,4,Low Activity,1,Supplier | Foreign | Active | Cybersecurity & Web Application Security Testing Software Provider,Pending,Supplier-Foreign-NT,Regular,POR001-NT,PORTSWIGGER LTD,"6 BOOTHS PARK CHELFORD ROAD, KNUTSFORD WA16 8ZS UK",****,GB9485630850000,,DERRICK SY,,,,,,,,,,,,,,,,N/A,,,N/A,,,Missing,,,N/A,,,,,,,,,,,,,Missing,,,,
905,,,,,Inactive,,,POS001,POSTMAN,"201 Mission Street Suite 2375 San Francisco, CA 94105",****,000-000-000-00000,,Abhinav Asthana,,,,,,,,,,,,,,,,N/A,,,N/A,,,Missing,,,N/A,,,,,,,,,,,,,Missing,,,,
906,,,,,Inactive,,,POW001,"POWER MAC CENTER, INC.","EX 305 3rd Flr.,The Podium,ADB Ave.,Brgy.Wack-Wack, Greenhills, East Ortigas Ctr,Mandaluyong City",****,004-451-692-000,,,,,,,,,,,,,,,,,,N/A,,,N/A,,,Missing,,,N/A,,,,,,,,,,,,,Missing,,,,
907,,,,,Inactive,,,POW001-NT,POWERMAX CONSULTING GROUP INC.,UNIT 104 CORINTHIAN EXECUTIVE REGENCY ORTIGAS AVE,****,006-672-834-000,,JHIE TEJADA,,,,,,,,,,,,,,,,N/A,,,N/A,,,Missing,,,N/A,,,,,,,,,,,,,Missing,,,,
908,,,,,Inactive,,,POW002,POWER SYSTEM ENGINEERING,319 CHAMPACA ST AYALA HOUSING BARANGKA DRIVE MANDALUYONG CITY,****,145-518-892-00000,,,,,,,,,,,,,,,,,,N/A,,,N/A,,,Missing,,,N/A,,,,,,,,,,,,,Missing,,,,
909,,,,,Inactive,,,POW003,POWERCRAFT SOLUTIONS AND DATA INFRASTRUCTURE INC,17F UNIT 1708 RAFFLES CORPORATE CENTER DON F ORTIGAS JR ROAD ORTIGAS CENTER SAN ANTONIO PASIG CITY,****,008-224-451-00000,,,,,,,,,,,,,,,,,,N/A,,,N/A,,,Missing,,,N/A,,,,,,,,,,,,,Missing,,,,
910,,Low Activity,,Tier 3 | 2 GRPO | Electrical  Products,Pending,Supplier-Local,Regular,POW004,POWERCITY CORPORATION,198 VITALEZ COMPOUND VITALEZ AVE COR SAMPAGUITA ST SAN ISIDRO SUCAT CITY OF PARANAQUE 1700,****,005-061-714-00000,,,,,,,,,,,,,,,,,,N/A,,,N/A,,,Missing,,,N/A,,,,,,,,,,,,,Missing,,,,
911,,,,,Inactive,,,POW005,POWERLINES DIGITAL CONCEPTS CORPORATION,"1432 LIBRADA AVELINO ST. BARANGAY 857 ZONE 93 DISTRICT VI 1011 PANDACAN NCR, CITY OF MANILA",****,007-104-620-00000,,ABIGAIL TRAPSI,,,,,,,,,,,,,,,,N/A,,,N/A,,,Missing,,,N/A,,,,,,,,,,,,,Missing,,,,
912,,,,,Inactive,,,POW006-NT,"POWER MAC CENTER, INC.","EX 305 3rd Flr.,The Podium,ADB Ave.,Brgy.Wack-Wack, Greenhills, East Ortigas Ctr,Mandaluyong City",****,004-451-692-000,,POWERMAC,,,,,,,,,,,,,,,,N/A,,,N/A,,,Missing,,,N/A,,,,,,,,,,,,,Missing,,,,
913,4,Low Activity,2,Distributor / Reseller | Active | Test & Measurement Equipment & Industrial Instrumentation Solutions Provider,Pending,Supplier-Local,Regular,PRE001,PRESIDIUM.PH CORPORATION,"UNIT G9-G12 MDC 100 BUILDING E RODRIGUEZ COR EASTWOOD AVENUE, BAGUMBAYAN 1110 QUEZON CITY NCR, 2ND D",****,009-679-385-00000,,Joel Togonon,,09953751251,,,,,,,,,,,,,,N/A,,,N/A,,,Missing,,,N/A,,,,,,,,,,,,,Missing,,,,
914,4,Low Activity,10,"Supplier | Distributor | CCTV, Security & Networking Systems",Pending,Supplier-Local,Regular,PRE002,PRECIOUS ISLAND CORP.,1629 LAGUNA ST.. BRGY 348 ZONE 035 STA CRUZ MANILA 1003,****,224-495-152-000,,,,,,,,,,,,,,,,,,N/A,,,N/A,,,Missing,,,N/A,,,,,,,,,,,,,Missing,,,,
915,,,,,Inactive,,,PRE003,PRESIDIUM.PH CORPORATION,"UNIT G9-G12 MDC 100 BUILDING E RODRIGUEZ COR EASTWOOD AVENUE, BAGUMBAYAN 1110 QUEZON CITY NCR, 2ND D",****,009-679-385-00000,,,,,,,,,,,,,,,,,,N/A,,,N/A,,,Missing,,,N/A,,,,,,,,,,,,,Missing,,,,
916,,,,,Inactive,,,PRG001,PRG PHOTO SHOP,UNIT 223 RAINTREE MALL GENERAL MAXILOM AVE COGON CENTRAL CEBU,****,920-066-619-00000,,,,,,,,,,,,,,,,,,N/A,,,N/A,,,Missing,,,N/A,,,,,,,,,,,,,Missing,,,,
917,,,,,Inactive,,,PRI001,PRINT DEPOT INC.,"2/F DAO 1 BUILDING 189 SALCEDO ST., LEGASPI VILLAGE MAKATI CITY",****,241-772-339-00000,,,,,,,,,,,,,,,,,,N/A,,,N/A,,,Missing,,,N/A,,,,,,,,,,,,,Missing,,,,
918,,,,,Inactive,,,PRI001-NT,PRINTSTATION PHIL PRINTING SERVICES,21 LATUNDAN ST BATASAN HILLS,****,000-000-000-00100,,,,,,,,,,,,,,,,,,N/A,,,N/A,,,Missing,,,N/A,,,,,,,,,,,,,Missing,,,,
919,,,,,Inactive,,,PRI002,PRISMATECH INC,L3 SPACE 3036/3035 FESTIVAL SUPERMALL ALABANG-ZAPOTE ROAD ALABANG MUNTINLUPA CITY,****,920-066-619-00000,,,,,,,,,,,,,,,,,,N/A,,,N/A,,,Missing,,,N/A,,,,,,,,,,,,,Missing,,,,
920,,,,,Inactive,,,PRI007,"PRIME WASTE SOLUTIONS PAMPANGA, INC",PLANAS 2008 PORAC PAMPANGA PHILIPPINES,****,625-831-627-00000,,AURORA ORANGA,,,,,,,,,,,,,,,,N/A,,,N/A,,,Missing,,,N/A,,,,,,,,,,,,,Missing,,,,
921,,,,,Inactive,,,PRI015-NT,PRIME LEATHERCRAFT TRADING,,****,274-682-274-002,,MONTE CARLO,,09988863887,inquiry@primeleathercraft.com,,,,,,,,,,,,,N/A,,,N/A,,,Missing,,,N/A,,,,,,,,,,,,,Missing,,,,
922,,,,,Inactive,,,PRO001,PROGRESS HOME AND OFFICE FURNISHINGS,QUIMPO BLVD COR ECO WEST DRIVE ECOLAND DAVAO CITY,****,002-884-643-01200,,,,,,,,,,,,,,,,,,N/A,,,N/A,,,Missing,,,N/A,,,,,,,,,,,,,Missing,,,,
923,,,,,Inactive,,,PRO002,PROSERV COMMUNICATION SYSTEMS,U-11A G/F CENTURY PLAZA BLDG,****,123-025-986-00000,,,,,,,,,,,,,,,,,,N/A,,,N/A,,,Missing,,,N/A,,,,,,,,,,,,,Missing,,,,
924,4,Low Activity,8,Consumer Electronics & IT Accessories Provider,Pending,Supplier-Local-NT,Regular,PRO003-NT,PROMATE LIFESTYLE INC.,2F SPACE WRC BLDGGIL FERNANDO AVENUE SAN ROQUE MARIKINA CITY 1820,****,009-545-237-00000,,,,,,,,,,,,,,,,,,N/A,,,N/A,,,Missing,,,N/A,,,,,,,,,,,,,Missing,,,,
925,4,Low Activity,8,Consumer Electronics & IT Accessories Provider,Pending,Supplier-Local,Regular,PRO006,"PROMATE LIFESTYLE, INC",2F SPACE WRC BLDGGIL FERNANDO AVENUE SAN ROQUE MARIKINA CITY 1820,****,009-545-237-000,,MAVIC DELOS SANTOS,,0956745900,,,,,,,,,,,,,,N/A,,,N/A,,,Missing,,,N/A,,,,,,,,,,,,,Missing,,,,
926,,,,,Inactive,,,PRU001-NT,PRUDENTIAL GUARANTEE AND ASSURANCE INC,"119 PALANCA ST., LEGASPI VILLAGE, MAKATI CITY",****,000-491-813-00000,,,,,,,,,,,,,,,,,,N/A,,,N/A,,,Missing,,,N/A,,,,,,,,,,,,,Missing,,,,
927,,,,,Inactive,,,PYEZA001,PYEZA PARTS DEPOT INCORPORATED,KAPITAN PARTS BLDG. SUBANGDAKU MANDAUE CITY,****,292-437-713-00001,,Christopher Caresosa,,,kapitan_pyeza@yahoo.com,,,,,,,,,,,,,N/A,,,N/A,,,Missing,,,N/A,,,,,,,,,,,,,Missing,,,,
928,4,Low Activity,54,"Reseller/Trader | Office & School Supplies, Stationery, and Paper Products.",Pending,Supplier-Local-NT,Regular,PYR001-NT,PYR4MID LAZER OFFICE AND SCHOOL SUPPLIES,46 AURORA DRIVE VERGONVILLE SUBD PULANG LUPA DOS,****,342-164-809-00000,,,,,,,,,,,,,,,,,,N/A,,,N/A,,,Missing,,,N/A,,,,,,,,,,,,,Missing,,,,
929,,,,,Inactive,,,QL8001-NT,QL8 CORPORATION,#116 MAHUGANY ST,****,478-461-633-00000,,,,,,,,,,,,,,,,,,N/A,,,N/A,,,Missing,,,N/A,,,,,,,,,,,,,Missing,,,,
930,,,,,Inactive,,,QSO001,Q SOFTWARE RESEARCH CORPORATION,"456 BONI AVE., BRGY. NEW ZANIGA MANDALUYONG CITY",****,005-284-422-00000,,,,,,,,,,,,,,,,,,N/A,,,N/A,,,Missing,,,N/A,,,,,,,,,,,,,Missing,,,,
931,,,,,Inactive,,,QUA001,QUALYS INC.,919 EHILLSDALE BLVD 4TH FLOOR FOSTER CITY USA,****,000-000-000-00000,,,,,,,,,,,,,,,,,,N/A,,,N/A,,,Missing,,,N/A,,,,,,,,,,,,,Missing,,,,
932,,,,,Inactive,,,QUA002,QUARTZ BUSINESS PRODUCTS CORPORATION,"SUITE 910 CITYLAND 10 TOWER 1   6815 AYALA AVENUE, MAKATI",****,000-167-050-00000,,,,,,,,,,,,,,,,,,N/A,,,N/A,,,Missing,,,N/A,,,,,,,,,,,,,Missing,,,,
933,,,,,Inactive,,,QUA003-NT,QUANTSOFT OPC,"3/F SALCEDO ONE CENTER, 170 SALCEDO ST., LLEGASPI VILL.,",****,502-345-984-00000,,,,,,,,,,,,,,,,,,N/A,,,N/A,,,Missing,,,N/A,,,,,,,,,,,,,Missing,,,,
934,,,,,Inactive,,,QUA004-NT,QUANTSOFT OPC,"3/F SALCEDO ONE CENTER, 170 SALCEDO ST., LEGASPI VILL., MAKATI CITY",****,502-345-984-00000,,VALERIE NUCUM,,,,,,,,,,,,,,,,N/A,,,N/A,,,Missing,,,N/A,,,,,,,,,,,,,Missing,,,,
935,,,,,Inactive,,,QUA005-NT,QUADMIND MARKETING CORPORATION,UNIT 102 GLOBAL STAR BLDG RAYMUNDO AVENUE CANIOGAN 1606 PASIG CITY NCR SECOND DISTRICT,****,200-833-967-00000,,ARWENA MABATO,,,,,,,,,,,,,,,,N/A,,,N/A,,,Missing,,,N/A,,,,,,,,,,,,,Missing,,,,
936,,,,,Inactive,,,RAD001,RADENTA TECHNOLOGIES INC,UNIT 2-BC 2/F CBC CORPORATE CENTER 724 SHAW BLVD. WACK WACK GREENHILLS EAST MANDALUYONG CITY,****,009-221-142-00000,,,,,,,,,,,,,,,,,,N/A,,,N/A,,,Missing,,,N/A,,,,,,,,,,,,,Missing,,,,
937,4,Low Activity,1,Pending Verification,Pending,,Regular,RAD002-NT,RADINO T. GUMBAN,"ZONE 2 SAN JUAN, MOLO, ILO-ILO CITY, 5000",****,469-428-459-00000,,MICHAEL QUITAHON,,,,,,,,,,,,,,,,N/A,,,N/A,,,Missing,,,N/A,,,,,,,,,,,,,Missing,,,,
938,,,,,Inactive,,,RAI001,RAINBOW-TECH SYSTEMS,2/F SEASONS LIPA BLDG. BRGY TAMBO LIPA CITY BATANGAS,****,220-771-036-00001,,TJ MATERUM,,,,,,,,,,,,,,,,N/A,,,N/A,,,Missing,,,N/A,,,,,,,,,,,,,Missing,,,,
939,,,,,Inactive,,,RAK001-NT,"RAKSO AIR TRAVEL & TOURS, INC",3/F RICO BUILDING 112 AGUIRRE ST LEGASPI VILLAGE MAKATI CITY PHILIPPINES,****,203-711-172-000,,AAAAA,,,,,,,,,,,,,,,,N/A,,,N/A,,,Missing,,,N/A,,,,,,,,,,,,,Missing,,,,
940,,,,,Inactive,,,RAM001-NT,RAMIL DE GUZMAN,MANDALUYONG CITY,****,005-679-717-00000,,,,,,,,,,,,,,,,,,N/A,,,N/A,,,Missing,,,N/A,,,,,,,,,,,,,Missing,,,,
941,,,,,Inactive,,,RAN001,RANMAR CONSTRUCTION SERVICES,#13 CATBALOGAN STREET LUZVIMINDA VILLAGE BATASAN HILLS QUEZON CITY,****,246-958-000-00000,,,,,,,,,,,,,,,,,,N/A,,,N/A,,,Missing,,,N/A,,,,,,,,,,,,,Missing,,,,
942,,,,,Inactive,,,RAY001-NT,RAY TRISTEZA,MANDALUYONG CITY,****,237-236-770-00000,,,,,,,,,,,,,,,,,,N/A,,,N/A,,,Missing,,,N/A,,,,,,,,,,,,,Missing,,,,
943,,,,,Inactive,,,RAZ001-NT,"RAZON, OZMUND ABANILLA",UNIT L4-F1 BURGUNDY WESTBAY TOWER 820 P OCAMPO SR STREET ZONE 78 BARANGAY 719 1004 MALATE MANILA,****,232-604-221-00000,,ALEX LUAN,,,,,,,,,,,,,,,,N/A,,,N/A,,,Missing,,,N/A,,,,,,,,,,,,,Missing,,,,
944,4,Low Activity,11,Industrial Supplies & Trading Provider,Pending,Supplier-Local-NT,Regular,RCA001-NT,RC AIRE INDUSTRIAL TRADING CORP,DOOR1-C FRANCISCO LIM BLDG M.L QUEZON NATIONAL HIGHWAY PAJO 6015 LAPU-LAPU CITY CEBU PH,****,638-130-578-00000,,SALES PERSON,,09173036723,,,,,,,,,,,,,,N/A,,,N/A,,,Missing,,,N/A,,,,,,,,,,,,,Missing,,,,
945,4,Low Activity,2,Supplier | Active | Furniture & Office Furnishing Provider,Pending,Supplier-Local-NT,Regular,RCG001-NT,RCGM FURNISHING TRADING,RM 302 3/F EVEKAL BLDG 855 A ARNAIZ AVE SAN LORENZO MAKATI,****,436-366-395-00000,,,,,,,,,,,,,,,,,,N/A,,,N/A,,,Missing,,,N/A,,,,,,,,,,,,,Missing,,,,
946,4,Low Activity,1,Supplier | Local | Active | Printing & Marketing Collateral Provider,Pending,Supplier-Local,Regular,RDC001-NT,RDCD PRINTHOUSE,8021 HERNANDEZ AVE SAN ANTONIO VALLEY 8,****,295-450-332-00000,,,,,,,,,,,,,,,,,,N/A,,,N/A,,,Missing,,,N/A,,,,,,,,,,,,,Missing,,,,
947,,,,,Inactive,,,RED001,RED HAT ASIA PACIFIC PTE LTD.,8 SHENTON WAY #11-01 SINGAPORE 068811,****,000-000-000-00000,,,,,,,,,,,,,,,,,,N/A,,,N/A,,,Missing,,,N/A,,,,,,,,,,,,,Missing,,,,
948,,,,,Inactive,,,RED001-NT,RED HAT PHILIPPINES SOFTWARE SOLUTIONS CORP,7F THE ASCOTT MAKATI GLORIETTA 4 AYALA CENTER BRGY SAN LORENZO,****,010-073-298-00000,,,,,,,,,,,,,,,,,,N/A,,,N/A,,,Missing,,,N/A,,,,,,,,,,,,,Missing,,,,
949,4,Low Activity,1,Reseller | Local | Active | IT Infrastructure & Computer Hardware Distributor,Pending,Supplier-Local,Regular,RED002,"REDWOOD VENTURES, INC.","32 PILAR COR ARAULLO STS., ADDITION HILS, SAN JUAN, MANILA",****,005-799-467-00000,,,,,,,,,,,,,,,,,,N/A,,,N/A,,,Missing,,,N/A,,,,,,,,,,,,,Missing,,,,
950,3,Low Activity,29,,Pending,Supplier-Local,Regular,RED003,RED HAT PHILIPPINES SOFTWARE SOLUTIONS CORP.,"7/F UNIT B, 8 ROCKWELL DRIVE , ROCKWELL CENTER,POBLACION 1210,CITY OF MAKATI, NCR 4TH DT,PHLIPPINES",****,010-073-298-00000,,,,,,,,,,,,,,,,,,N/A,,,N/A,,,Missing,,,N/A,,,,,,,,,,,,,Missing,,,,
951,,,,,Inactive,,,RED004,RED ROCK IT SECURITY INC,UNIT 301 38 ROCKWELL DRIVE PALMA ST ROCKWELL CENTER POBLACION MAKATI CITY,****,009-462-540-00000,,,,,,,,,,,,,,,,,,N/A,,,N/A,,,Missing,,,N/A,,,,,,,,,,,,,Missing,,,,
952,,,,,Inactive,,,REG001-NT,REGGIE ACBANG,MANDALUYONG CITY,****,183-182-831-00000,,,,,,,,,,,,,,,,,,N/A,,,N/A,,,Missing,,,N/A,,,,,,,,,,,,,Missing,,,,
953,,,,,Inactive,,,REG002,REGGIE CORNELIO,"B10 L7 HORSESHOE ST., MAPULANG LUPA, VALENZUELA CITY",****,225-769-859-00000,,,,,,,,,,,,,,,,,,N/A,,,N/A,,,Missing,,,N/A,,,,,,,,,,,,,Missing,,,,
954,,,,,Inactive,,,REL001,"RELIABLE ELECTRIC CO., INC.","RELIABLE ELECTRIC BLDG., 7230 MALUGAY ST.,",****,000-169-836-00000,,,,,,,,,,,,,,,,,,N/A,,,N/A,,,Missing,,,N/A,,,,,,,,,,,,,Missing,,,,
955,,,,,Inactive,,,REL002,"RELIABLE ELECTRIC CO, INC.",RELIABLE ELECTRIC BLDG MALUGAY ST,****,000-169-836-00000,,,,,,,,,,,,,,,,,,N/A,,,N/A,,,Missing,,,N/A,,,,,,,,,,,,,Missing,,,,
956,,,,,Inactive,,,REM001,"REMAX INTERNATIONAL, INC.","18 UNITED STREET, BO. KAPITOLYO",****,001-250-469-00000,,,,,,,,,,,,,,,,,,N/A,,,N/A,,,Missing,,,N/A,,,,,,,,,,,,,Missing,,,,
957,,,,,Inactive,,,RES001,"RESMA, DAISY FLORES","3/F LEFT WING ARTS & SCIENCES BLDG UP CEBU GORORDO AVENUE LAHUG, CEBU CITY 6000",****,773-813-703-000,,Cornelio Resma,,,,,,,,,,,,,,,,N/A,,,N/A,,,Missing,,,N/A,,,,,,,,,,,,,Missing,,,,
958,,,,,Inactive,,,RES001-NT,RESOURCES FREIGHT PTE LTD,8 KAKI BUKITT ROAD,****,000-000-000-00000,,,,,,,,,,,,,,,,,,N/A,,,N/A,,,Missing,,,N/A,,,,,,,,,,,,,Missing,,,,
959,,,,,Inactive,,,RES005-NT,RESOURCES FREIGHT PHILIPPINES INC,2F-58 CALLE HERMOSA DAANG BATANG ST.LAS CASAS 100 MOONWALK PARANAQUE CITY 1709,****,209-438-724-00000,,VILMA MONTILLA,,,,,,,,,,,,,,,,N/A,,,N/A,,,Missing,,,N/A,,,,,,,,,,,,,Missing,,,,
960,,,,,Inactive,,,REY001-NT,"REY, IGGY SAN LUIS",268 EL GRANDE AVENUE BF HOMES CITY PARANAQUE NC FOURTH DISTRICT 1720,****,261-990-941-00000,,IGGY REY,,,,,,,,,,,,,,,,N/A,,,N/A,,,Missing,,,N/A,,,,,,,,,,,,,Missing,,,,
961,4,Low Activity,27,,Pending,Supplier-Local-NT,Regular,RFB001-NT,RFB AIRCONDITIONING SERVICES,"2801- A PADRE ZAMORA STREET, BARNGAY 97, PASAY",****,205-330-059-00000,,,,,,,,,,,,,,,,,,N/A,,,N/A,,,Missing,,,N/A,,,,,,,,,,,,,Missing,,,,
962,,,,,Inactive,,,RFC001-NT,"RFC CARGO LOGISTICS INTL., INC.",56 LAS CASAS 100 DAANG BATANG MOONWALK,****,009-026-999-00000,,,,,,,,,,,,,,,,,,N/A,,,N/A,,,Missing,,,N/A,,,,,,,,,,,,,Missing,,,,
963,4,Low Activity,41,Service Provider | Auto Parts Dealer | Automotive Parts & Car Aircon Services,Pending,Supplier-Local-NT,Regular,RGL001-NT,R.G.L. AUTO PARTS,"1805 EVANGELISTA ST.,BANGKAL,",****,211-224-162-00000,,,,,,,,,,,,,,,,,,N/A,,,N/A,,,Missing,,,N/A,,,,,,,,,,,,,Missing,,,,
964,4,Low Activity,11,Reseller | Active | Cloud Software Distribution Provider,Pending,Supplier-Local,Regular,RHI001,"RHIPE PHILIPPINES, INC.","15F WILCON IT HUB 2251 CHINO ROCES AVE, BRGY BANGKAL, MAKATI CITY",****,008-589-680-00000,,,,,,,,,,,,,,,,,,N/A,,,N/A,,,Missing,,,N/A,,,,,,,,,,,,,Missing,,,,
965,,,,,Inactive,,,RIC001,RICHARD GLENN REYES,MANDALUYONG CITY,****,200-246-018-00000,,RICHARD GLENN REYES,,,,,,,,,,,,,,,,N/A,,,N/A,,,Missing,,,N/A,,,,,,,,,,,,,Missing,,,,
966,,,,,Inactive,,,RIC001-NT,RICHARD GLENN REYES,MANDALUYONG CITY,****,200-246-018-00000,,,,,,,,,,,,,,,,,,N/A,,,N/A,,,Missing,,,N/A,,,,,,,,,,,,,Missing,,,,
967,,,,,Inactive,,,RIC002,"RICKLEE ENTERPRISES, INC.","RICKLEE CENTER #1 F ROXAS ST. TIBAGAN, SAN JUAN CITY",****,001-860-236-000,,CHESTER,,09668768113,,,,,,,,,,,,,,N/A,,,N/A,,,Missing,,,N/A,,,,,,,,,,,,,Missing,,,,
968,,,,,Inactive,,,RIC002-NT,RICHEL GEROCHE,MANDALUYONG CITY,****,238-549-545-00000,,,,,,,,,,,,,,,,,,N/A,,,N/A,,,Missing,,,N/A,,,,,,,,,,,,,Missing,,,,
969,4,Low Activity,4,Reseller | Local | Active | IT Hardware & Computer Equipment Distributor,Pending,Supplier-Local,Regular,RIC003,"RICKNETH DISTRIBUTION, INC.","8119 TKP BUILDING, OLD SUCAT ROAD, SAN DIONISIO, PARANAQUE CITY, 1700",****,007-110-987-00000,,,,,,,,,,,,,,,,,,N/A,,,N/A,,,Missing,,,N/A,,,,,,,,,,,,,Missing,,,,
970,,,,,Inactive,,,RID001-NT,"RIDE, INC.","97 BANAWE ST.,ST. PETER I1, QUEZON CITY",****,004-708-330-00000,,,,,,,,,,,,,,,,,,N/A,,,N/A,,,Missing,,,N/A,,,,,,,,,,,,,Missing,,,,
971,,,,,Inactive,,,RIG001,RIGIDITY BOLTS AND TOOLS INC,"NO.45C PINATUBO ST., BRGY. MALAMIG, DISTRICT II",****,010-324-979-00000,,,,,,,,,,,,,,,,,,N/A,,,N/A,,,Missing,,,N/A,,,,,,,,,,,,,Missing,,,,
972,,,,,Inactive,,,RIT001-NT,RITMAR TRANSFER-IT PRINTS,2ND FLOOR ADRIATICO WING ROBINSONS PLACE MANILA,****,253-527-372-00100,,,,,,,,,,,,,,,,,,N/A,,,N/A,,,Missing,,,N/A,,,,,,,,,,,,,Missing,,,,
973,,,,,Inactive,,,RIW001-NT,RI-WEL PRINTING SERVICES,764 RIZAL AVE. STA CRUZ MANILA,****,296-662-861-00000,,DENDEN,,,,,,,,,,,,,,,,N/A,,,N/A,,,Missing,,,N/A,,,,,,,,,,,,,Missing,,,,
974,,,,,Inactive,,,RKI001,RKI GADGET CENTER,B7 L3 SANTORINI ESTATE CALUMPANG BINANGONAN RIZAL,****,247-539-367-00000,,,,,,,,,,,,,,,,,,N/A,,,N/A,,,Missing,,,N/A,,,,,,,,,,,,,Missing,,,,
975,4,Low Activity,1,Reseller | Local | Active | IT Services Provider,Pending,Supplier-Local,Regular,RNI001,RNI INFORMATION TECHNOLOGY SERVICE,UNIT 3A A&L BLDG #126 N DOMINGO ST. PEDRO CRUZ SAN JUAN CITY,****,218-436-048-00000,,,,,,,,,,,,,,,,,,N/A,,,N/A,,,Missing,,,N/A,,,,,,,,,,,,,Missing,,,,
976,,,,,Inactive,,,RNJ001-NT,R AND J PRINTABLES PRINTING SERVICES,BLK 2 LOT 10 F MANALO ST MONTVILLE PLACE 2 BAMBANG 1600 PASIG CITY,****,452-258-940-00000,,JOSEPH SANTOS,,09777977041,,,,,,,,,,,,,,N/A,,,N/A,,,Missing,,,N/A,,,,,,,,,,,,,Missing,,,,
977,4,Low Activity,2,Reseller | Local | Active | IT Distribution & Technology Solutions Provider,Pending,Supplier-Local,Regular,RNT001,RNT DISTRIBUTION TECHNOLOGIES CORPORATION,PASIG CITY,****,101-735-754-00000,,BONG,,09771064684,,,,,,,,,,,,,,N/A,,,N/A,,,Missing,,,N/A,,,,,,,,,,,,,Missing,,,,
978,,,,Completed,Accredited,Courier-NT,,ROA001-NT,ROAD2GO TRUCKING SERVICES OPC,SITIO IBAYONG KAONG 4118 SILANG CAVITE PHILLPINES,,679-577-060-00000,Domestic Trucking Services and Forwarder,Raymark Magalong,Chief Executive Officer,639173727085,road2go.services@gmail.com,26-Nov-2025,Yes,Yes,Yes,Yes,Yes,Yes,Yes,31-Dec-2025,Current,-252,,N/A,,,N/A,,31-Dec-2026,Current,113,,N/A,,Yes,Yes,N/A,N/A,,,,,,,,Missing,,,,
979,,,,,Inactive,,,ROB001,ROBINSONS HANDYMAN INC.,UPPER GROUND FLOOR ROBINSONS PLACE PIONEER EDSA COR PIONEER ST MANDALUYONG CITY 1550,****,003-988-229-03600,,,,,,,,,,,,,,,,,,N/A,,,N/A,,,Missing,,,N/A,,,,,,,,,,,,,Missing,,,,
980,,,,,Inactive,,,ROB001-NT,ROBINSONS LAND CORPORATION,L2 ROBINSONS GALLERIA EDSA COR ORTIGAS AVENUE UGONG NORTE 1110 QUEZON CITY,****,000-361-376-00019,,ANA DE OCAMPO,,,,,,,,,,,,,,,,N/A,,,N/A,,,Missing,,,N/A,,,,,,,,,,,,,Missing,,,,
981,4,Low Activity,1,Supplier | Local | Active | Hardware & Home Improvement Retailer,Pending,Supplier-Local,Regular,ROB008V,ROBINSONS TRUE SERVE HARDWARE PHILIPPINES INC.,4TH LEVEL AYALA MALLS BAY AREA ASEANA AVE COR MACAPAGAL AVE PARANAQUE,****,006-643-830-00032,,SALES PERSON,,,,,,,,,,,,,,,,N/A,,,N/A,,,Missing,,,N/A,,,,,,,,,,,,,Missing,,,,
982,,,,,Inactive,,,ROD001,RODOLFO AGUILAR,CEBU CITY,****,169-922-546-000NV,,,,,,,,,,,,,,,,,,N/A,,,N/A,,,Missing,,,N/A,,,,,,,,,,,,,Missing,,,,
983,,,,,Inactive,,,ROD002-NT,RODEL SALVACION,,****,000-000-000-00000,,,,,,,,,,,,,,,,,,N/A,,,N/A,,,Missing,,,N/A,,,,,,,,,,,,,Missing,,,,
984,,,,,Inactive,,,ROG001-NT,ROGER RAMOS,,****,187-732-195-00000,,,,,,,,,,,,,,,,,,N/A,,,N/A,,,Missing,,,N/A,,,,,,,,,,,,,Missing,,,,
985,,,,,Inactive,,,ROM001-NT,ROMAN JORGE SOLIS,MANDALUYONG CITY,****,904-288-406-00000,,,,,,,,,,,,,,,,,,N/A,,,N/A,,,Missing,,,N/A,,,,,,,,,,,,,Missing,,,,
986,,,,,Inactive,,,ROM002-NT,ROMANO CUERVO,MANDALUYONG CITY,****,223-019-428-00000,,,,,,,,,,,,,,,,,,N/A,,,N/A,,,Missing,,,N/A,,,,,,,,,,,,,Missing,,,,
987,,,,,Inactive,,,ROM003-NT,ROMMEL MALLARI,,****,251-201-860-00000,,,,,,,,,,,,,,,,,,N/A,,,N/A,,,Missing,,,N/A,,,,,,,,,,,,,Missing,,,,
988,4,Low Activity,1,Pending Verification,Pending,,Regular,ROM004,ROMMEL G. FLORES,"LEVEL 4 AYALA MALLS FELIZ MARKETFINDS  MARCOS HIGHWAY DELA PAZ 160 CITY OF PASIG NCR, 2ND DISTRICT",****,511-766-003-00000,,ROMMEL G. FLORES,,,,,,,,,,,,,,,,N/A,,,N/A,,,Missing,,,N/A,,,,,,,,,,,,,Missing,,,,
989,4,Low Activity,16,ICT Products,Pending,Supplier-Local,Regular,RON001,RONISYS GENERAL TRADING CORP,747 NICANOR PADILLA ST ZONE 067 BRGY 646 SAN MIGUEL MANILA 1005,****,775-217-850-000,,Jonalyn Mangrubang,,09995570751,,,,,,,,,,,,,,N/A,,,N/A,,,Missing,,,N/A,,,,,,,,,,,,,Missing,,,,
990,,,,,Inactive,,,RON001-NT,RONALD ROSS DAVID,MANDALUYONG CITY,****,210-186-686-00000,,,,,,,,,,,,,,,,,,N/A,,,N/A,,,Missing,,,N/A,,,,,,,,,,,,,Missing,,,,
991,,,,,Inactive,,,RON002-NT,RONALD SISON,,****,250-723-034-00000,,,,,,,,,,,,,,,,,,N/A,,,N/A,,,Missing,,,N/A,,,,,,,,,,,,,Missing,,,,
992,,,,,Inactive,,,RON003-NT,RONEENA INC.,"LOWER GROUND FLR. SM MEGAMALL BLDG A, EDSA WACK WACK GREENHILLS EAST MANDALUYONG CITY",****,228-050-298-00700,,,,,,,,,,,,,,,,,,N/A,,,N/A,,,Missing,,,N/A,,,,,,,,,,,,,Missing,,,,
993,4,Low Activity,1,Online | Cybersecurity Events & Training Provider,Pending,,Regular,ROO001-NT,ROOTCON CONFERENCE INC.,WEBSITE,****,000-000-000-00000,,WEBSITE,,,,,,,,,,,,,,,,N/A,,,N/A,,,Missing,,,N/A,,,,,,,,,,,,,Missing,,,,
994,,,,,Inactive,,,RPY001,RPYA CONSTRUCTION,592 GUYABANO ST NAPICO MANGGAHAN PASIG,****,198-399-507-000NV,,,,,,,,,,,,,,,,,,N/A,,,N/A,,,Missing,,,N/A,,,,,,,,,,,,,Missing,,,,
995,4,Low Activity,2,Industrial & Electronic Components Distributor/Reseller.,Pending,Supplier-Local,Regular,RSC001,RS COMPONENTS CORPORATION,21/F Multinational Bancorporation Centre 6805 Ayala Avenue Makati City,****,008-449-129-000,,BILL,,,,,,,,,,,,,,,,N/A,,,N/A,,,Missing,,,N/A,,,,,,,,,,,,,Missing,,,,
996,4,Low Activity,2,Industrial & Electronic Components Distributor/Reseller.,Pending,Supplier-Local-NT,Regular,RSC001-NT,RS COMPONENTS CORPORATION,21/F Multinational Bancorporation Centre 6805 Ayala Avenue Makati City,****,008-449-129-000,,BILL,,,,,,,,,,,,,,,,N/A,,,N/A,,,Missing,,,N/A,,,,,,,,,,,,,Missing,,,,
997,,,,,Inactive,,,RSY001-NT,RSY GOLD LAND CORPORATION,"#97 MCARTHUR HIWAY MATINA TALOMO, DAVAO CITY",****,440-307-017-00100,,,,,,,,,,,,,,,,,,N/A,,,N/A,,,Missing,,,N/A,,,,,,,,,,,,,Missing,,,,
998,,,,,Inactive,,,RTH001,R. THOMAS CONSULTING,,****,000-000-000-00100,,,,,,,,,,,,,,,,,,N/A,,,N/A,,,Missing,,,N/A,,,,,,,,,,,,,Missing,,,,
999,,,,,Inactive,,,RYA001-NT,RYAN CABARROGUIS,MANDALUYONG CITY,****,205-950-747-00000,,,,,,,,,,,,,,,,,,N/A,,,N/A,,,Missing,,,N/A,,,,,,,,,,,,,Missing,,,,
1000,,,,,Inactive,,,RYA002-NT,RYAN QUIOCHO,MANDALUYONG CITY,****,237-236-770-00000,,,,,,,,,,,,,,,,,,N/A,,,N/A,,,Missing,,,N/A,,,,,,,,,,,,,Missing,,,,
1001,,,,,Inactive,,,RYA003-NT,RYAN RIVERA,MANDALUYONG CITY,****,000-001-100-00000,,,,,,,,,,,,,,,,,,N/A,,,N/A,,,Missing,,,N/A,,,,,,,,,,,,,Missing,,,,
1002,,,,8-17-26: Docs completed | Send LOA,Completed,Courier,Regular,RZ1001,RZ1 FREIGHT EXPRESS CORPORATION,"UNIT L&M COLUMBIA COMPLEX NINOY AQUINO AVE SANTO NIÑo PARAÑAQUE CITY NCR, FOURTH DISTRICT PHILIPPINES 1704",,009-097-844-00000,Cargo Forwarding and Trucking Services,Diane Letada,Accounting,,acctg.rz1@gmail.com,,Yes,,,Yes,Yes,Yes,Yes,31-Dec-2025,Current,-252,30-Jun-2027,Current,294,,N/A,,30-Sep-2026,Expiring Soon,21,,N/A,,Yes,Yes,N/A,N/A,,,,,,,,Missing,,,,
1003,,,,8-17-26: Docs completed | Send LOA,Completed,Courier-NT,Regular,RZ1001-NT,RZ1 FREIGHT EXPRESS CORPORATION,"UNIT L&M COLUMBIA COMPLEX NINOY AQUINO AVE SANTO NIÑo PARAÑAQUE CITY NCR, FOURTH DISTRICT PHILIPPINES 1704",,009-097-844-00000,Cargo Forwarding and Trucking Services,Diane Letada,Accounting,,acctg.rz1@gmail.com,,Yes,,,Yes,Yes,Yes,Yes,31-Dec-2025,Current,-252,30-Jun-2027,Current,294,,N/A,,30-Sep-2026,Expiring Soon,21,,N/A,,Yes,Yes,N/A,N/A,,,,,,,,Missing,,,,
1004,,,,,Inactive,,,S1T001,"S1 TECHNOLOGIES, INC.",70 DE JESUS ST. SAN FRANCISCO DEL MONTE QUEZON CITY,****,241-542-940-000,,ESTHIE CABRERA,,,,,,,,,,,,,,,,N/A,,,N/A,,,Missing,,,N/A,,,,,,,,,,,,,Missing,,,,
1005,,,,,Inactive,,,SAB001-NT,"SABILLE, JELLY ANN VILLAMOR","OJEN BLDG. 464 BONI AVENUE , NEW ZANIGA 1550 CITY OF MANDALUYONG NCR, SECOND DISTRICT",****,229-779-444-00000,,Jelly Sabile,,09215510444,,,,,,,,,,,,,,N/A,,,N/A,,,Missing,,,N/A,,,,,,,,,,,,,Missing,,,,
1006,,,,,Inactive,,,SAF001-NT,SAFARI SECURITY CORPORATION,"CORNER VILLAGE GREEN, GEN. J. ABAD SANTOS ST. LOWER BICUTAN, TAGUIG CITY 1632",****,004-146-640-00000,,,,,,,,,,,,,,,,,,N/A,,,N/A,,,Missing,,,N/A,,,,,,,,,,,,,Missing,,,,
1007,,,,,Inactive,,,SAI001-NT,SAIDALI ABDULLAH,,****,109-080-801-00000,,,,,,,,,,,,,,,,,,N/A,,,N/A,,,Missing,,,N/A,,,,,,,,,,,,,Missing,,,,
1008,4,Low Activity,11,Supplier | Manufacturer | Electronic Access Control & Security Systems,Pending,Supplier-Foreign-NT,Regular,SAL001-NT,SALTO SYSTEMS PTE LTD,230 VICTORIA ST #12-08/09 BUGIS JUNCTION TOWER SINGAPORE 188024,****,12300000000000000,,LEMUEL DE GUZMAN,,,,,,,,,,,,,,,,N/A,,,N/A,,,Missing,,,N/A,,,,,,,,,,,,,Missing,,,,
1009,4,Low Activity,4,Tier 4 | 4 GRPO,Pending,Supplier-Local,Regular,SAM001,SAMSANSAN AIR-CONDITIONING SERVICES INC.,"427 VICTORINO ST., MINDANAO AVE., TALIPAPA 2, NOVALICHES, QC",****,008-563-124-00000,,,,,,,,,,,,,,,,,,N/A,,,N/A,,,Missing,,,N/A,,,,,,,,,,,,,Missing,,,,
1010,,,,,Inactive,,,SAM002-NT,SAMUEL CHUA,,****,441-405-670-00000,,,,,,,,,,,,,,,,,,N/A,,,N/A,,,Missing,,,N/A,,,,,,,,,,,,,Missing,,,,
1011,,,,,Inactive,,,SAN001,SANIPRO PLUMBING AND FIRE PROTECTION WORKS,56 PUROK 2 SAN PABLO GUAGUA PAMPANGA,****,245-869-125-00000,,,,,,,,,,,,,,,,,,N/A,,,N/A,,,Missing,,,N/A,,,,,,,,,,,,,Missing,,,,
1012,,,,,Inactive,,,SAN001-NT,SANFORD MARKETING CORPORATION,"SM RETAIL HEADQUARTERS, JW DIOKNO BLVD COR BAYSHORE AVE., MALL OF ASIA COMPLEX ZONE 10 BRGY 76",****,207-961-175-00000,,GLEROL ABAD,,,,,,,,,,,,,,,,N/A,,,N/A,,,Missing,,,N/A,,,,,,,,,,,,,Missing,,,,
1013,,,,,Inactive,,,SAN002-NT,SANWEEN PICSON,,****,209-276-142-00000,,,,,,,,,,,,,,,,,,N/A,,,N/A,,,Missing,,,N/A,,,,,,,,,,,,,Missing,,,,
1014,,,,,Inactive,,,SAN003,SANDTEX TECHNOLOGY INC.,"UNIT J1 & J2 CALAMBA ST. BRGY STO. DOMINGO, QUEZON CITY",****,010-340-083-00000,,,,,,,,,,,,,,,,,,N/A,,,N/A,,,Missing,,,N/A,,,,,,,,,,,,,Missing,,,,
1015,,,,,Inactive,,,SAP001,SAP PHILIPPINES INC.,27TH FLOOR NAC TOWER 32ND STREET BONIFACIO GLOBAL CITY TAGUIG CITY,****,004-712-185-00000,,,,,,,,,,,,,,,,,,N/A,,,N/A,,,Missing,,,N/A,,,,,,,,,,,,,Missing,,,,
1016,4,Low Activity,11,"Tier 4 | 11 GRPO | professional training, certification, and consulting company",Pending,Supplier-Local,Regular,SAS001,SAS MANAGEMENT INC,522 C TANSK BLDG CALBAYOG ST. BRGY HIGHWAY HILSS AMANDALUYONG CITY,****,008-671-514-00000,,,,,,,,,,,,,,,,,,N/A,,,N/A,,,Missing,,,N/A,,,,,,,,,,,,,Missing,,,,
1017,4,Low Activity,11,"Tier 4 | 11 GRPO | professional training, certification, and consulting company",Pending,Supplier-Local-NT,Regular,SAS001-NT,SAS MANAGEMENT INC,"Unit 1602, Cityland 10 Tower 2,  6815 HV Dela Costa Corner, Ayala Avenue, Makati City, Philippines",****,008-671-514-00000,,Laura Lozada,,09178248006,,,,,,,,,,,,,,N/A,,,N/A,,,Missing,,,N/A,,,,,,,,,,,,,Missing,,,,
1018,4,Low Activity,14,Supplier | Active | Office Supplies & Printing Solutions Provider,Pending,Supplier-Local-NT,Regular,SAV001-NT,SAVE MONEY TRADING INC,1320 A FILMORE ST PALANAN MAKATI CITY,****,224-508-324-000,,,,,,,,,,,,,,,,,,N/A,,,N/A,,,Missing,,,N/A,,,,,,,,,,,,,Missing,,,,
1019,,,,,Inactive,,,SCA001,SCALE CABLE SOLUTION & STRUCTURAL CABLING,6088 DONA JUANITA SUBD BAMBANG BULACAN BULACAN,****,000-000-000-00000,,,,,,,,,,,,,,,,,,N/A,,,N/A,,,Missing,,,N/A,,,,,,,,,,,,,Missing,,,,
1020,,,,,Inactive,,,SCA001-NT,SCAFELL PIKE MOTORS CORPORATION,2274 CHINO ROCES AVENUE EXTENSION MAGALLANES 1232 CITY OF MAKATI,****,010-525-608-00000,,A,,,,,,,,,,,,,,,,N/A,,,N/A,,,Missing,,,N/A,,,,,,,,,,,,,Missing,,,,
1021,,,,,Inactive,,,SEB001-NT,SEBASTIAN BAUTISTA JR,,****,425-648-805-00000,,,,,,,,,,,,,,,,,,N/A,,,N/A,,,Missing,,,N/A,,,,,,,,,,,,,Missing,,,,
1022,,,,,Inactive,,,SEC001,SECUREMETRIC TECHNOLOGY INC.,UNIT 7D 7F ATHENAEUM BLDG BEL-AIR NCR FOURTH DISTRICT CITY OF MAKATI,****,008-519-277-00000,,,,,,,,,,,,,,,,,,N/A,,,N/A,,,Missing,,,N/A,,,,,,,,,,,,,Missing,,,,
1023,4,Low Activity,1,Service Provider | Cybersecurity Training Provider | Cybersecurity Training & Certification,Pending,Supplier-Foreign,Regular,SEC004,SECURITY BLUE TEAM,"175 HIGH HOLBORN LONDON, WC1V 7AA, UNITED KINGDOM",****,200-000-000-00000,,SALES PERSON,,,press@securityblue.team,,,,,,,,,,,,,N/A,,,N/A,,,Missing,,,N/A,,,,,,,,,,,,,Missing,,,,
1024,4,Low Activity,1,Service Provider | Cybersecurity Training Provider | Cybersecurity Training & Certification,Pending,Supplier-Foreign-NT,Regular,SEC004-NT,SECURITY BLUE TEAM,"175 HIGH HOLBORN LONDON, WC1V 7AA, UNITED KINGDOM",****,200-000-000-00000,,SALES PERSON,,,press@securityblue.team,,,,,,,,,,,,,N/A,,,N/A,,,Missing,,,N/A,,,,,,,,,,,,,Missing,,,,
1025,,,,,Inactive,,,SEC005,SECURESCOPE SYSTEMS INC.,"27 E GB, CAM BUILDING N.A MONTEVERDE ST COR ALVAREZ ST. NA BRANGAY 27-C POB N.A 8000 DAVAO CITY",****,010-827-832-000,,Maria Almendral,,63917701545,,,,,,,,,,,,,,N/A,,,N/A,,,Missing,,,N/A,,,,,,,,,,,,,Missing,,,,
1026,,,,,Inactive,,,SEI001-NT,SEIRING CORPORATION,#15 G ARANETA AVE DONA IMELDA QUEZON CITY 1113,****,003-502-887-00000,,,,,,,,,,,,,,,,,,N/A,,,N/A,,,Missing,,,N/A,,,,,,,,,,,,,Missing,,,,
1027,2,Low Activity,68,"7-22-26: Import Permit - on going renewal
7-28-26: Import Permit
8-3-26: For renewal
8-24-26: Ff sent, email & viber
9-4-26: Still in progress",Incomplete,Supplier-Local,Major,SEN001,SENCOLINK TECHNOLOGIES INC,"UNIT 2807 28/F CITYLAND PASONG TAMO TOWER, 2210 CHINO ROCES AVE. PIO DEL PILAR 1230 CITY OF MAKATI NCR, FOURTH DISTRICT PHILIPPINES",,005-296-275-00000,Retailer,"Japheth ""Japz"" Garcia",Junior Sales Associate - Enterprise Team,"9524427603 |
02-8893-4103 loc 124",japhethgarcia@sencolink.com,Not yet,No,No,No,Yes,Yes,Yes,Yes,31-Dec-2025,Current,-252,12-Jan-2027,Current,125,,N/A,,31-Dec-2026,Current,113,waiting,Current,#VALUE!,Yes,Yes,No,N/A,,,,,,,,Missing,,,,
1028,2,Low Activity,68,"Tier 4 | 11 GRPO |
7-28-26: Import Permit
8-3-26: For renewal
8-24-26: Ff sent, email & viber",Incomplete,Supplier-Local-NT,Regular,SEN001-NT,SENCOLINK TECHNOLOGIES INC,"UNIT 2807 28/F CITYLAND PASONG TAMO TOWER, 2210 CHINO ROCES AVE. PIO DEL PILAR 1230 CITY OF MAKATI NCR, FOURTH DISTRICT PHILIPPINES",,005-296-275-00000,Retailer,"Japheth ""Japz"" Garcia",Junior Sales Associate - Enterprise Team,"9524427603 |
02-8893-4103 loc 124",japhethgarcia@sencolink.com,Not yet,No,No,No,Yes,Yes,Yes,Yes,31-Dec-2025,Current,-252,12-Jan-2027,Current,125,,N/A,,31-Dec-2026,Current,113,,N/A,,Yes,Yes,,,,,,,,,,Missing,,,,
1029,,,,,Inactive,,,SEO001-NT,SEO HACKER SERVICES INC,"LOT 28, BLK JESUSA HEIGHT SUBD. ESTEFANIA, BACOLOD CITY",****,646-897-146-00000,,MA. IMEE BREIS,,,,,,,,,,,,,,,,N/A,,,N/A,,,Missing,,,N/A,,,,,,,,,,,,,Missing,,,,
1030,,,,,Inactive,,,SER001,"SERVLINK TECHNOLOGY SERVICES PHILS., INC.",84B E RODRIGUEZ SR AVE BRGY IMMACULATE CONCEPCION CUBAO QUEZON CITY,****,009-252-981-00000,,,,,,,,,,,,,,,,,,N/A,,,N/A,,,Missing,,,N/A,,,,,,,,,,,,,Missing,,,,
1031,,,,,Inactive,,,SER002,SERVTECH ENTERPRISE,"#97 13TH AVE., CUBAO QUEZON CITY",****,000-000-000-00000,,,,,,,,,,,,,,,,,,N/A,,,N/A,,,Missing,,,N/A,,,,,,,,,,,,,Missing,,,,
1032,,,,,Inactive,,,SER003,SERVIMAX TECHNOLOGIES INC,20 NORTH ROAD COR 3RD AVE CUBAO QUEZON CITY,****,225-522-139-00000,,,,,,,,,,,,,,,,,,N/A,,,N/A,,,Missing,,,N/A,,,,,,,,,,,,,Missing,,,,
1033,,,,,Inactive,,,SEV001-NT,JOVEN G. SEVILLANO,"UG 03 CITYLAND SHAW BOULEVARD, MANDALUYONG CITY",****,928-560-652-00001,,SEVILLANO,,,,,,,,,,,,,,,,N/A,,,N/A,,,Missing,,,N/A,,,,,,,,,,,,,Missing,,,,
1034,4,Low Activity,1,Supplier | Foreign | Active | Electronics & Networking Equipment Manufacturer,Pending,Supplier-Foreign,Regular,SHE001,"SHENZHEN LINK-ALL TECHNOLOGY CO., LTD","5/F BLOCK 9TH SUNNY INDUSTRIAL ZONE, XILI TOWN, NANSHAN DISTRICT SHENZHEN CHINA",****,000-000-000-00000,,,,,,,,,,,,,,,,,,N/A,,,N/A,,,Missing,,,N/A,,,,,,,,,,,,,Missing,,,,
1035,4,Low Activity,1,"Supplier | Local | Active | Awards, Trophies & Engraving Services Provider",Pending,Supplier-Local-NT,Regular,SHE001-NT,SHEWAK'S ENGRAVABLES INC,G/F JESA IT CENTER 90 GEN MAXILOM AVE COGON CENTRAL CEBU CITY 6000,****,260-486-301-000,,MARIA NERISSA REYES,,,,,,,,,,,,,,,,N/A,,,N/A,,,Missing,,,N/A,,,,,,,,,,,,,Missing,,,,
1036,,,,,Inactive,,,SHE002-NT,SHERWIN DE CLARO,,****,000-000-000-00000,,,,,,,,,,,,,,,,,,N/A,,,N/A,,,Missing,,,N/A,,,,,,,,,,,,,Missing,,,,
1037,,,,,Inactive,,,SHE003,"SHENZHEN IBOARD TECHNOLOGY CO., LTD","1001, BLOCK A, TANGLANGCHENG SQUARE (WEST ZONE), FUGUANG COMMUNITY, TAOYUAN ST, NANSHAN DISTRICT",****,000-000-000-00000,,,,,,,,,,,,,,,,,,N/A,,,N/A,,,Missing,,,N/A,,,,,,,,,,,,,Missing,,,,
1038,3,Low Activity,217,Tier 3 | 217 GRPO ,Pending,Supplier-Local,Regular,SHO001,SHOPEE,ONLINE SHOPPING,****,000-000-000-00000,,,,,,,,,,,,,,,,,,N/A,,,N/A,,,Missing,,,N/A,,,,,,,,,,,,,Missing,,,,
1039,3,Low Activity,217,Tier 3 | 217 GRPO ,Pending,Supplier-Local-NT,Regular,SHO001-NT,SHOPEE,ONLINE SHOPPING,****,000-000-000-00000,,SHOPEE,,,,,,,,,,,,,,,,N/A,,,N/A,,,Missing,,,N/A,,,,,,,,,,,,,Missing,,,,
1040,4,Low Activity,2,Pending  Verification,Pending,,Regular,SIA001-NT,"SIAO, PAMELA PARRA","45 MOLAVE ST. DUYAN-DUYAN 1102 QUEZON CITY NCR, PHILIPPINES",****,715-865-181-00000,,JANELLE MIRASOL,,09655797094,,,,,,,,,,,,,,N/A,,,N/A,,,Missing,,,N/A,,,,,,,,,,,,,Missing,,,,
1041,,,,,Inactive,,,SIG001-NT,SIGNRAYS ADVERTISING INC.,2709 SOUTH AVENUE OLYMPIA CITY OF MAKATI,****,005-618-554-00003,,,,,,,,,,,,,,,,,,N/A,,,N/A,,,Missing,,,N/A,,,,,,,,,,,,,Missing,,,,
1042,,,,,Inactive,,,SIL001,"SILYA, MESA ATBP. INC.","3F 464 ARTIAGA ST., SAN JUAN CITY",****,005-799-024-00000,,,,,,,,,,,,,,,,,,N/A,,,N/A,,,Missing,,,N/A,,,,,,,,,,,,,Missing,,,,
1043,,,,,Inactive,,,SIM001,"SIM COMPUTER SALES, INC","SIM Building, Gil Puyat Avenue corner Burgos St. Pasay City NCF Fourth District Philippines",****,005-032-699-00000,,GERRY REYES,,09519152532,,,,,,,,,,,,,,N/A,,,N/A,,,Missing,,,N/A,,,,,,,,,,,,,Missing,,,,
1044,,,,,Inactive,,,SIN001,SINEPRO INC,,****,008-719-201-00000,,,,,,,,,,,,,,,,,,N/A,,,N/A,,,Missing,,,N/A,,,,,,,,,,,,,Missing,,,,
1045,4,Low Activity,8,Tier 4 | 8 GRPO | Coffee & Tea Products Trader/Reseller.,Pending,Supplier-Local-NT,Regular,SIN003-NT,SINGCO BREW COFFEE AND TEA PRODUCTS TRADING,"BLK5 LOT1 DON JOSE GREENCOURT GARDENVALE TOWNHOMES, SAN DIONISIO",****,264-552-687-00000,,CONTACT,,,,,,,,,,,,,,,,N/A,,,N/A,,,Missing,,,N/A,,,,,,,,,,,,,Missing,,,,
1046,,,,,Inactive,,,SJE001-NT,SJE FOOD COMPANY INC.,"UNIT A-403 AND A-411 4TH FLOOR, UNIT ALFRESCO, ONE AYALA, AYALA CENTER, SAN LORENZO 1223, MAKATI CIT",****,611-546-889-00000,,JOHN EDWARD N. MALABUYO,,,,,,,,,,,,,,,,N/A,,,N/A,,,Missing,,,N/A,,,,,,,,,,,,,Missing,,,,
1047,4,Low Activity,50,Tier 4 | 50 GRPO,Accredited,Subcontructor,Regular,SKY001,SKYCONVERGENCE INC,2F ANACLETA BLDG COR BURGOS-MAGDALO ST. BURGOS-MABINI-PLAZA LAPAZ  5000 ILOILO CITY (CAPITAL) ILOILO PHILIPPINES,****,427-216-712-00000,,"Ellen S. Consigo, ECE",Business Development Manager,"09465996372 |
                  09954054700",ellen.skyconvergence@gmail.com,28-Mar-2025,Yes,Yes,Yes,Yes,Yes,Yes,No,31-Dec-2025,Current,-252,11-Dec-2027,Current,458,,N/A,,19-Jan-2027,Current,132,,N/A,,Yes,Yes,N/A,N/A,,,,,,,,Missing,,,,
1048,,,,,Inactive,,,SMA001-NT,SMART COMMUNICATIONS INC,"100 LEGASPI ST., COR. DELA ROSA ST., MAKATI CITY",****,001-901-673-16800,,,,,,,,,,,,,,,,,,N/A,,,N/A,,,Missing,,,N/A,,,,,,,,,,,,,Missing,,,,
1049,4,Low Activity,9,Tier 4 | 9 GRPO | Distributor | IT and consumer electronics brands,Pending,Supplier-Local,Regular,SMA002,SMARTASIA TECHNOLOGIES COMPANY,"UNIT 102 NO.1203 G, MASANGKAY ST., BRGY 263 ZONE 24 STA CRUZ MANILA",****,218-592-461-00000,,,,,,,,,,,,,,,,,,N/A,,,N/A,,,Missing,,,N/A,,,,,,,,,,,,,Missing,,,,
1050,,,,,Inactive,,,SMA002-NT,SMART DRIVING CORPORATION,2136 ESPANA BLVD ZONE 052BRGY,****,226-833-967-000,,dennise,,,,,,,,,,,,,,,,N/A,,,N/A,,,Missing,,,N/A,,,,,,,,,,,,,Missing,,,,
1051,,,,,Inactive,,,SMA003,SMARTBOX SOLUTIONS INC.,"28/F UNIT 2807 CITYLAND PASONG TAMO     BRGY. PIO DEL PILAR, CHINO ROCES AVENUE, MAKATI CITY",****,008-438-569-00000,,,,,,,,,,,,,,,,,,N/A,,,N/A,,,Missing,,,N/A,,,,,,,,,,,,,Missing,,,,
1052,,,,,Inactive,,,SMA004,SMARTECH SOLUTIONS PHILIPPINES INCORPORATED,UNIT 1-4 BLDG 1 CLUSTER 4 G/F FLORA VISTA COMMONWEALTH QUEZON CITY,****,008-211-255-00000,,,,,,,,,,,,,,,,,,N/A,,,N/A,,,Missing,,,N/A,,,,,,,,,,,,,Missing,,,,
1053,4,Low Activity,3,Supplier | Foreign | Active | Work Management & Collaboration Software Provider,Pending,Supplier-Foreign,Regular,SMA005,SMARTSHEET,"Bellevue, 500 108th Ave NE, #200, United States",****,000-000-000-00000,,SALES,,,,,,,,,,,,,,,,N/A,,,N/A,,,Missing,,,N/A,,,,,,,,,,,,,Missing,,,,
1054,,,,,Inactive,,,SMK001-NT,SM KEPPEL LAND INC,THE PODIUM MALLL 12 ADB AVENUE ORTIGAS CENTER BARANGAY WACK WACK GREENHILLS EAST,****,003-497-848-001,,CONTACT,,,,,,,,,,,,,,,,N/A,,,N/A,,,Missing,,,N/A,,,,,,,,,,,,,Missing,,,,
1055,,,,,Inactive,,,SMP001-NT,SM PRIME HOLDINGS INC,PICO SANDS HOTEL BRGY PAPAYA NASUGBU BATANGAS,****,003-058-789-09700,,,,,,,,,,,,,,,,,,N/A,,,N/A,,,Missing,,,N/A,,,,,,,,,,,,,Missing,,,,
1056,,,,,Inactive,,,SNA001,S.N.A.G.P. CORPORATION,LEVEL A FMF BUSINESS CENTER 126 PIONEER ST BRGY HIGHWAY HILLS,****,008-419-727-00000,,,,,,,,,,,,,,,,,,N/A,,,N/A,,,Missing,,,N/A,,,,,,,,,,,,,Missing,,,,
1057,,,,,Inactive,,,SNI001,SNITPS SOLUTIONS INC.,KM 21 BESIDE LIDO COCINA TSTNA ORTIGAS AVE. SAN JUAN CAINTA,****,010-556-228-000,,Marila Elena Rosina,,,,,,,,,,,,,,,,N/A,,,N/A,,,Missing,,,N/A,,,,,,,,,,,,,Missing,,,,
1058,,,,,Inactive,,,SOD001-NT,PLUXEE PHILIPPINES INCORPORATED,"11F  LEPANTO CONDOMINIUM, PASEO DE ROXAS, MAKATI",****,223-183-726-00000,,,,,,,,,,,,,,,,,,N/A,,,N/A,,,Missing,,,N/A,,,,,,,,,,,,,Missing,,,,
1059,1,Low Activity,5,"8-12-26: GIS (8-1-26)
8-18-26: Send LOA
8-27-26: LOA sent,
9-4-26: Waiting for the signed copy",Incomplete,Supplier-Local,Major,SOF001,SOFTWAREONE PHILIPPINES CORPORATION,"10TH FLOOR, ONE AYALA  SOUTH TOWER #1 AYALA AVAENUE CORNER EDSA SAN LORENZO 1223 CITY OF MAKATI NCR, FOURTH DISTRICT PHILIPPINES",,008-103-749-00000,,Ramil Porton,Accounting Admin Assistant,,ramil.porton@softwareone.com,Not yet,No,No,No,Yes,Yes,Yes,Yes,31-Dec-2025,Current,-252,1-Aug-2026,Expired,-39,,N/A,,31-Dec-2026,Current,113,,N/A,,Yes,,N/A,N/A,,,,,,,,Missing,,,,
1060,,,,,Inactive,,,SOL001,SOLUTIONS H21 TRADING CORP.,"BM19 BLDG2 999 SHOPPING MALL COR. SOLER ST., BRGY 293 ZONE 028, BINONDO, MANILA",****,007-049-460-00000,,,,,,,,,,,,,,,,,,N/A,,,N/A,,,Missing,,,N/A,,,,,,,,,,,,,Missing,,,,
1061,,,,,Inactive,,,SOL002,SOLID STATE SUPPLIES LTD,RAVENSBANK BUSINESS PARK HEDERA ROAD REDDITCH UK,****,000-000-000-00000,,,,,,,,,,,,,,,,,,N/A,,,N/A,,,Missing,,,N/A,,,,,,,,,,,,,Missing,,,,
1062,,,,,Inactive,,,SOL003-NT,SOLUTIONS H21 TRADING CORP.,"BM19 BLDG2 999 SHOPPING MALL COR. SOLER ST., BRGY 293 ZONE 028, BINONDO, MANILA",****,007-049-460-00000,,,,,,,,,,,,,,,,,,N/A,,,N/A,,,Missing,,,N/A,,,,,,,,,,,,,Missing,,,,
1063,,,,,Inactive,,,SOU001-NT,SOURCE SMART GLOBAL VENTURE INC,35 N KALIRAYA ST DONA JOSEFA QUEZON CITY,****,240-970-466-00000,,,,,,,,,,,,,,,,,,N/A,,,N/A,,,Missing,,,N/A,,,,,,,,,,,,,Missing,,,,
1064,,,,,Inactive,,,SOU002-NT,SOUTHGATEMOTORS VENTURES CORP.,BLOCK 42 ALABANG-ZAPOTE ROAD ALABANG FILINVEST CORP CITY 1781 CITY OF MUNTINLUPA NCR 4th DISTRICT,****,010-546-189-00000,,,,,,,,,,,,,,,,,,N/A,,,N/A,,,Missing,,,N/A,,,,,,,,,,,,,Missing,,,,
1065,,,,,Inactive,,,SOU003-NT,SOUTHCREST HOTEL VENTURES INC.,SEDA ABREEZA JP LAUREL AVE BAJADA DAVAO CITY 8000,****,007-899-726-00100,,PATRICK CUNANAN,,,NA,,,,,,,,,,,,,N/A,,,N/A,,,Missing,,,N/A,,,,,,,,,,,,,Missing,,,,
1066,,,,,Inactive,,,SPA001,SPARQ SUMMIT TRADING INC.,"#2 DON JUAN ST. VILLA CECILIA SUBD., MAMBUGAN, ANTIPOLO RIZAL",****,622-693-616-00000,,SALLY YU,,,,,,,,,,,,,,,,N/A,,,N/A,,,Missing,,,N/A,,,,,,,,,,,,,Missing,,,,
1067,,,,,Inactive,,,SPE001-NT,SPEED ACCESS TRUCKING INC,"UNIT 2 #59 KALINANGAN ST., CANIOGAN, PASIG CITY",****,221-202-285-00000,,,,,,,,,,,,,,,,,,N/A,,,N/A,,,Missing,,,N/A,,,,,,,,,,,,,Missing,,,,
1068,,,,,Inactive,,,SPE002-NT,"SPECIALTY LIFESTYLE CONCEPTS, INC.",254 ABCD AND 201-203 2F MEGA A WACK WACK GREENHILLS,****,008-687-537-00600,,,,,,,,,,,,,,,,,,N/A,,,N/A,,,Missing,,,N/A,,,,,,,,,,,,,Missing,,,,
1069,,,,,Inactive,,,SPE003,SPECIAL-LITE SYSTEMS,"UNIT15 BLK 5  LOT 4, INNER ZABARTE NOVALICHES QUEZON CITY",****,000-000-000-00000,,,,,,,,,,,,,,,,,,N/A,,,N/A,,,Missing,,,N/A,,,,,,,,,,,,,Missing,,,,
1070,,,,,Inactive,,,STA001-NT,STANDARD INSURANCE CO INC,"28F PETRON MEGA PLAZA BLDG., 358 SEN GIL PUYAT AVE., MAKATI CITY",****,000-821-466-00000,,,,,,,,,,,,,,,,,,N/A,,,N/A,,,Missing,,,N/A,,,,,,,,,,,,,Missing,,,,
1071,4,Low Activity,3,Supplier | Local | Active | Consumer Electronics & Home Appliances Retailer | ,Pending,Supplier-Local,Regular,STA002,STAR APPLIANCE CENTER INC,SM MEGAMALL BLDG EDSA COR DONA JULIA VARGAS AVE WACK WACK GREENHILLS MANDALUYONG CITY NCR,****,000-086-204-00000,,,,,,,,,,,,,,,,,,N/A,,,N/A,,,Missing,,,N/A,,,,,,,,,,,,,Missing,,,,
1072,,,,,Inactive,,,STA002-NT,STARR INTERNATIONAL INSURANCE PHILIPPINES BRANCH,"UNIT 5 23RD FLOOR TOWER 2 THE ENTERPRISE CENTER, 6766 AYALA AVE COR PASEO DE ROXAS LEGASPI VILLAGE",****,008-514-896-000,,MARY HAZEL,,,,,,,,,,,,,,,,N/A,,,N/A,,,Missing,,,N/A,,,,,,,,,,,,,Missing,,,,
1073,,,,,Inactive,,,STA003,STATESMAN MARKETING,BLK 12 LOT 1 PAGIBIG HOMES BRGY CATALUNAN PEQUENO TALOMO DISTRICT DAVAO CITY,****,936-278-004-00000,,,,,,,,,,,,,,,,,,N/A,,,N/A,,,Missing,,,N/A,,,,,,,,,,,,,Missing,,,,
1074,,,,,Inactive,,,STA003-NT,"STA MARIA, ELADIO L JR","LOT 1 BLOCK 4, LAKEWOOD SUBD BRGY TADLAK LOS BANOS LAGUNA 4030",****,108-151-829-000,,CHRISTOPHER,,,,,,,,,,,,,,,,N/A,,,N/A,,,Missing,,,N/A,,,,,,,,,,,,,Missing,,,,
1075,4,Low Activity,3,"Supplier | Local | Active | Consumer Electronics & Home Appliances Retailer
Double Entry name | Diff Code | Diff Address | Confirm",Pending,Supplier-Local-NT,Regular,STA005-NT,STAR APPLIANCE CENTER INC,SM SEASIDE CITY CEBU,****,000-096-204-077,,WU2062,,0322549491,NA,,,,,,,,,,,,,N/A,,,N/A,,,Missing,,,N/A,,,,,,,,,,,,,Missing,,,,
1076,3,Low Activity,1,Tier 3 | 1 PO,Pending,Supplier-Foreign-NT,Regular,STE001-NT,STELLAR CYBER INC,"4701 PATRICK HENRY DR. BLD 12 SANTA CLARA, CA 95054 US",****,000-000-000-00000,,,,,,,,,,,,,,,,,,N/A,,,N/A,,,Missing,,,N/A,,,,,,,,,,,,,Missing,,,,
1077,3,Low Activity,1,Tier 3 | 1 PO,Pending,Supplier-Foreign,Regular,STE002,STELLAR CYBER INC,"4701 PATRICK HENRY DR. BLD 12 SANTA CLARA, CA 95054 US",****,000-000-000-00000,,,,,,,,,,,,,,,,,,N/A,,,N/A,,,Missing,,,N/A,,,,,,,,,,,,,Missing,,,,
1078,,,,,Inactive,,,STO001,STORM OF BLESSINGS MARKETING,"2F HFS  BLDG #1 HEREFORD, ST. COR CONGRESSIONAL AVE., BAHAY TORO 1, QC",****,483-761-150-00000,,REY CALIG,,09228401475,,,,,,,,,,,,,,N/A,,,N/A,,,Missing,,,N/A,,,,,,,,,,,,,Missing,,,,
1079,,,,,Inactive,,,STO002-NT,STO. DOMINGO DIAGNOSTIC & MEDICAL CENTER CORP.,LOWER G/F STARMALL EDSA COR SHAW BLVD,****,007-056-784-00200,,,,,,,,,,,,,,,,,,N/A,,,N/A,,,Missing,,,N/A,,,,,,,,,,,,,Missing,,,,
1080,4,Low Activity,8,Supplier / Service Provider | Satellite Internet Provider | Internet & Telecommunications,Pending,Supplier-Foreign,Regular,STR001,"STARLINK INTERNET SERVICES PHILIPPINES, INC.","3953 Jack Northrop Ave, Hawthorne, 1 Rocket Rd, United States",****,000-000-000-00000,,WEBSITE,,,,,,,,,,,,,,,,N/A,,,N/A,,,Missing,,,N/A,,,,,,,,,,,,,Missing,,,,
1081,4,Low Activity,8,"Supplier | Local | Active | Hardware, Construction Materials & Building Supplies Provider",Pending,Supplier-Local-NT,Regular,STR001-NT,STRONGBRIDGE HARDWARE CENTER,U101 140 PASIG BLVD BAGONG ILOG PASIG CITY,****,100-065-768-00000,,,,,,,,,,,,,,,,,,N/A,,,N/A,,,Missing,,,N/A,,,,,,,,,,,,,Missing,,,,
1082,,,,,Inactive,,,STR002,STRATEGIC NETWORKS INC,,****,209-948-024-00000,,,,,,,,,,,,,,,,,,N/A,,,N/A,,,Missing,,,N/A,,,,,,,,,,,,,Missing,,,,
1083,2,Low Activity,30,"No data | email sent | 7-24-26 (Eden) : 8-3-26
8-24-26: FF sent, email and viber
8-26-26: ff sent
9-4-26: Waiting for the docs, contineous follow up in viber and email, as per Eden, still for internal approval.",Incomplete,Supplier-Local,Major,STR003,STREAMLINE WORKS INC.,"8445 KALAYAAN AVE.  POBLACION 1210 MAKATI CITY, PHILIPPINES",,664-388-306-00000,,Eden Quintal,Credit and Collection,639193565878,eden.quintal@phenomenal.com.ph,Not yet,No,No,No,,,,,,,,,N/A,,,N/A,,,Missing,,,N/A,,,,,,,,,,,,,Missing,,,,
1084,2,Low Activity,30,No data | email sent | 7-24-26 (Eden) : 8-3-26,Pending,Supplier-Local-NT,Regular,STR003-NT,STREAMLINE WORKS INC.,"8445 KALAYAAN AVE.  POBLACION 1210 MAKATI CITY, PHILIPPINES",****,664-388-306-00000,,RANDIE BENEDICTO,,,,,,,,,,,,,,,,N/A,,,N/A,,,Missing,,,N/A,,,,,,,,,,,,,Missing,,,,
1085,,,,,Inactive,,,STS001-NT,ST. STEPHENS HIGH SCHOOL,"1267 G. MASANGKAY ST.,STA. CRUZ",****,000-821-208-00000,,,,,,,,,,,,,,,,,,N/A,,,N/A,,,Missing,,,N/A,,,,,,,,,,,,,Missing,,,,
1086,,,,,Inactive,,,STU001-NT,"STUDIO 58 LAB 10, INC","14 ARAYAT STREET MALAMIG 1550 CITY OF MANDALUYONG NCR, SECOND DISTRICT PHIPINNES",****,237-262-141-00000,,KEITH DE VERA,,,,,,,,,,,,,,,,N/A,,,N/A,,,Missing,,,N/A,,,,,,,,,,,,,Missing,,,,
1087,4,Low Activity,22,Supplier | Local | Active | Automotive Dealer & Vehicle Services Provider,Pending,Supplier-Local-NT,Regular,SUB001-NT,SUBIC GS AUTO INC.,"4996 NINOY AQUINO AVE.,BRGY. SAN DIONISION,",****,007-330-309-00001,,,,,,,,,,,,,,,,,,N/A,,,N/A,,,Missing,,,N/A,,,,,,,,,,,,,Missing,,,,
1088,,,,,Inactive,,,SUB002-NT,SUBARASHII GROUP CORPORATION,BLK 117 LOT 8 G ARANETA AVE. KATARUNGAN VILLAGE POBLACION 1776 CITY OF MUNTINLUPA NCR,****,605-447-022-00000,,,,,,,,,,,,,,,,,,N/A,,,N/A,,,Missing,,,N/A,,,,,,,,,,,,,Missing,,,,
1089,,,,,Inactive,,,SUM001,"SUMMIT FURNISHINGS, INCORPORATED",4TH LEVEL INTERIOR CENTER SM MEGAMALL BLDG B,****,209-956-398-00300,,,,,,,,,,,,,,,,,,N/A,,,N/A,,,Missing,,,N/A,,,,,,,,,,,,,Missing,,,,
1090,,,,,Inactive,,,SUN001-NT,"SUNRISE MEDICAL LAB, INC.","NORKIS BLDG.,NO. 11 CALBAYOG COR. DM GUEVARA STREETS,",****,228-064-597-00021,,,,,,,,,,,,,,,,,,N/A,,,N/A,,,Missing,,,N/A,,,,,,,,,,,,,Missing,,,,
1091,,,,,Inactive,,,SUN002-NT,SUN LIFE OF CANADA (PHILIPPINES),"2F SUN LIFE CENTRE, 5TH AVE COR RIZAL DRIVE, BONIFACIO GLOBAL, TAGUIG CITY",****,204-962-522-000,,MIMI,,,,,,,,,,,,,,,,N/A,,,N/A,,,Missing,,,N/A,,,,,,,,,,,,,Missing,,,,
1092,,,,,Inactive,,,SUP001-NT,SUPERMASTERS INSURANCE CONSULTANT,"RM. 204 ACRE BLDG. 137 MALAKAS ST., BRGY. CENTRAL",****,174-714-331-00000,,,,,,,,,,,,,,,,,,N/A,,,N/A,,,Missing,,,N/A,,,,,,,,,,,,,Missing,,,,
1093,,,,,Inactive,,,SUR001,SUREFIRE SERVICES & TRADING CORP,"BLK 51  LOT 21 SOUTH SQUARE VILL., BRGY PASONG KAWAYAN GENERAL TRIAS, CAVITE",****,006-879-693-00000,,,,,,,,,,,,,,,,,,N/A,,,N/A,,,Missing,,,N/A,,,,,,,,,,,,,Missing,,,,
1094,,,,,Inactive,,,SUS001,SUSE,Luxembourg B27924,****,000-000-000-000,,ROXANNE,,,,,,,,,,,,,,,,N/A,,,N/A,,,Missing,,,N/A,,,,,,,,,,,,,Missing,,,,
1095,,,,,Inactive,,,SUS001-NT,SUSAN RAVANCHO,,****,000-000-000-00000,,,,,,,,,,,,,,,,,,N/A,,,N/A,,,Missing,,,N/A,,,,,,,,,,,,,Missing,,,,
1096,,,,,Inactive,,,SUS002-NT,SUSE,Luxembourg B27924,****,000-000-000-000,,ROXANNE,,,,,,,,,,,,,,,,N/A,,,N/A,,,Missing,,,N/A,,,,,,,,,,,,,Missing,,,,
1097,,,,,Inactive,,,SWP001,"SWPKS IT SOLUTIONS, INC","3F ONE SALCEDO CENTRE, 170 SALCEDO ST. LEGASPI VILLAGE BRGY SAN  LORENZO, MAKATI CITY",****,010-056-409-00000,,,,,,,,,,,,,,,,,,N/A,,,N/A,,,Missing,,,N/A,,,,,,,,,,,,,Missing,,,,
1098,4,Low Activity,15,"Supplier | Active | Electro-Mechanical, Fire Protection & Building Systems Provider",Pending,Supplier-Local,Regular,SYS001,SYSTECH TRADING  INC.,68 GOMEZ STREET PALTOK 1105 QUEZON CITY 00002 NCR SECOND DISTRICt,****,624-268-338-00000,,ANTHONY TENG,,09178151885,,,,,,,,,,,,,,N/A,,,N/A,,,Missing,,,N/A,,,,,,,,,,,,,Missing,,,,
1099,4,Low Activity,15,"Supplier | Active | Electro-Mechanical, Fire Protection & Building Systems Provider",Pending,Supplier-Local-NT,Regular,SYS001-NT,SYSTECH TRADING  INC.,68 GOMEZ STREET PALTOK 1105 QUEZON CITY 00002 NCR SECOND DISTRICt,****,624-268-338-00000,,ANTHONY TENG,,09178151885,,,,,,,,,,,,,,N/A,,,N/A,,,Missing,,,N/A,,,,,,,,,,,,,Missing,,,,
1100,3,Low Activity,80,Tier 3 | 80 GRPO | Ditributor |  Structured Cabling,Pending,Supplier-Local,Regular,SYT001,SYTEC CORPORATION,"23 K-J COR K-8 STREET, EAST KAMIAS, QUEZON CITY",****,200-341-951-00000,,,,,,,,,,,,,,,,,,N/A,,,N/A,,,Missing,,,N/A,,,,,,,,,,,,,Missing,,,,
1101,3,Low Activity,80,Tier 3 | 80 GRPO | Ditributor |  Structured Cabling,Pending,Supplier-Local-NT,Regular,SYT002-NT,SYTEC CORPORATION,"23 K-J COR K-8 STREET, EAST KAMIAS, QUEZON CITY",****,200-341-951-00000,,,,,,,,,,,,,,,,,,N/A,,,N/A,,,Missing,,,N/A,,,,,,,,,,,,,Missing,,,,
1102,,,,,Inactive,,,TAG001-NT,TAGAYTAY MIDLANDS GOLF CLUB INC,TRANCA TALISAY BATANGAS,****,005-008-526-000,,JOANA VILLAR,,,,,,,,,,,,,,,,N/A,,,N/A,,,Missing,,,N/A,,,,,,,,,,,,,Missing,,,,
1103,4,Low Activity,1,Reseller | Local | Active | IT Distribution & Technology Solutions Provider,Pending,Supplier-Local,Regular,TAL001,TAL TECHNOLOGIES DISTRIBUTION PHILIPPINES INC,327 KATARUNGAN ST BRGY PLAINVIEW MANDALUYONG CITY,****,008-162-313-00000,,,,,,,,,,,,,,,,,,N/A,,,N/A,,,Missing,,,N/A,,,,,,,,,,,,,Missing,,,,
1104,,,,,Inactive,,,TAN001-NT,TANSK INCORPORATED,"524 CALBAYOG ST., BRGY HIGHWAY HILLS, MANDALUYONG CITY",****,008-425-235-00000,,,,,,,,,,,,,,,,,,N/A,,,N/A,,,Missing,,,N/A,,,,,,,,,,,,,Missing,,,,
1105,,,,,Inactive,,,TAN002-NT,TANY FOUNDATION INCORPORATED,"191 KATIPUNAN AVE., PROJECT 4",****,000-000-000-00000,,,,,,,,,,,,,,,,,,N/A,,,N/A,,,Missing,,,N/A,,,,,,,,,,,,,Missing,,,,
1106,4,Low Activity,1,Supplier | Foreign | Active | Cybersecurity Training & Consulting Provider | Online Store,Pending,,Regular,TCM001-NT,TCM SECURITY,WEBSITE,****,000-000-000-00000,,WEBSITE,,,,,,,,,,,,,,,,N/A,,,N/A,,,Missing,,,N/A,,,,,,,,,,,,,Missing,,,,
1107,1,Low Activity,23,No data | 8-10-26: FF done | Did not comply as the PO activity is low as per Pam,Pending,Supplier-Local,Regular,TEC001,TECHNOPAQ INC.,"254 BENITO SOLIVEN AVE., (GREEN PARK), MANGGAHAN, PASIG CITY",****,005-181-310-00000,,,,,,,,,,,,,,,,,,N/A,,,N/A,,,Missing,,,N/A,,,,,,,,,,,,,Missing,,,,
1108,1,Low Activity,23,No data | 8-10-26: FF done | Did not comply as the PO activity is low as per Pam,Pending,Supplier-Local-NT,Regular,TEC001-NT,TECHNOPAQ INC.,"254 BENITO SOLIVEN AVE., (GREEN PARK), MANGGAHAN, PASIG CITY",****,005-181-310-00000,,Pamela Villanueva,,,,,,,,,,,,,,,,N/A,,,N/A,,,Missing,,,N/A,,,,,,,,,,,,,Missing,,,,
1109,3,Low Activity,184,Completed: 8-12-26,Accredited,Supplier-Local,Regular,TEC002,TECHSPECTRUM DISTRIBUTION INCORPORATED,"B-4 L-30 ALLAMANDA ST., BRGY DALIG, ANTIPOLO CITY 1870",****,010-089-842-00000,Wholesaler,Julius Quides,Sales,639209281620,julius@tsdi.tech,28-Mar-2025,Yes,Yes,Yes,Yes,Yes,Yes,,31-Dec-2025,Current,-252,13-Feb-2027,Current,157,,N/A,,31-Dec-2026,Current,113,,N/A,,Yes,Yes,N/A,N/A,,,,,,,,Missing,,,,
1110,3,Low Activity,184,Completed: 8-12-26,Accredited,Supplier-Local-NT,Regular,TEC002-NT,TECHSPECTRUM DISTRIBUTION INCORPORATED,"B-4 L-30 ALLAMANDA ST., BRGY DALIG, ANTIPOLO CITY 1870",****,010-089-842-00000,Wholesaler,Julius Quides,Sales,639209281620,julius@tsdi.tech,28-Mar-2025,Yes,Yes,Yes,Yes,Yes,Yes,,31-Dec-2023,For Update,-983,25-May-2023,Expired,-1203,,N/A,,31-Dec-2026,Current,113,,N/A,,Yes,Yes,N/A,N/A,,,,,,,,Missing,,,,
1111,2,Low Activity,76,"Submitted: Business Permit/SEC Cert./BIR 2303
8-10-26: Other docs cannot be provided as per Patrick due to confidentiality",Incomplete,Supplier-Local,Regular,TEC003,TECHTRON SYSTEMS CORP.,"2ND FLR. TBCC BLDG., 150 F BLUMENTRITT COR R. PASCUAL ST., BRGY BATIS 1500 CITY OF SAN JUAN NCR, SECOND DISTRICT PHILIPPINES",,006-619-195-00000,Wholesaler,Patrick Lauron,Account Manager | Dynamics Solution Team,0977-825-3055,patrick.lauron@techtron.com.ph,Not yet,No,No,No,No,Yes,Yes,,,,,,N/A,,,N/A,,31-Dec-2026,Current,113,,N/A,,No,No,,,,,,,,,,Missing,,,,
1112,3,Low Activity,85,8-19-26: Docs Completed,Accredited,Subcontructor,Regular,TEC004,"TECHVISION ICT SOLUTIONS, INC.",5090 MIRANDA EXTENSION STA TRINIDAD ANGELES CITY 2009,,009-304-780-00000,"5290 - Retail Sale of Audio and Video Equipment
9390 - Other Service Activities, N.E.C.",Laiza Villanueva,Admin Department,63929-389-1250,admin@techvision.ph,28-Mar-2025,Yes,Yes,Yes,Yes,Yes,Yes,,31-Dec-2025,Current,-252,5-Aug-2027,Current,330,,N/A,,31-Dec-2026,Current,113,,N/A,,Yes,Yes,N/A,N/A,,,,,,,,Missing,,,,
1113,,,,,Inactive,,,TEC005,TECHNAVY PHLS. CORP.,2ND FLOOR WEREMOTE BLDG C METROWALK COMMERCIAL COMPLEX MERALCO AVE UGONG 1604 PASIG CITY NCR,****,649-810-754-00000,,MARLON VERSOZA,,09175240139,,,,,,,,,,,,,,N/A,,,N/A,,,Missing,,,N/A,,,,,,,,,,,,,Missing,,,,
1114,4,Low Activity,1,Reseller | Local | Active | Computer Retail & Repair Services Provider,Pending,,Regular,TEC008-NT,TECHNO GEEK AT WORK COMPUTER SHOP,KC 416 4TH FLR SM MEGAMALL BLDG B J VARGAS AVE. WACK WACK MANDALUYONG,****,192-475-011-001,,SALES AGENT,,,,,,,,,,,,,,,,N/A,,,N/A,,,Missing,,,N/A,,,,,,,,,,,,,Missing,,,,
1115,4,Low Activity,3,Supplier | Local | Active | Hardware & Construction Supplies Provider,Pending,Supplier-Local-NT,Regular,TEE001-NT,TEE TO SUY HARDWARE,1512 CM RECTO AVE COR TOMAS MAPUA ST. STA CRUZ MANILA,****,000-000-000-00000,,NORA CHENG,,,,,,,,,,,,,,,,N/A,,,N/A,,,Missing,,,N/A,,,,,,,,,,,,,Missing,,,,
1116,4,Low Activity,1,Reseller | Local | Active | Computer Hardware & IT Services Provider,Pending,Supplier-Local,Regular,TEK001,"TEKZONE COMPUTER SALES AND SERVICES, INC.","GROUND FLOOR, BB COMMERCIAL, 32 PILAR ST., COR ARAULLO ST., ADDITION HILLS, SAN JUAN 1500",****,246-033-123-00000,,,,,,,,,,,,,,,,,,N/A,,,N/A,,,Missing,,,N/A,,,,,,,,,,,,,Missing,,,,
1117,,,,,Inactive,,,TEL001-NT,TELIGUS TECH INC.,"405 (B), SM MEGAMALL, EDSA COR DONA JULIA VARGAS, ORTIGAS CTR., WACK-WACK, GREENHILLS, 1555,",****,010-485-023-00001,,,,,,,,,,,,,,,,,,N/A,,,N/A,,,Missing,,,N/A,,,,,,,,,,,,,Missing,,,,
1118,,,,,Inactive,,,TEL002-NT,TELEMART INTERNATIONAL CORPORATION,CZ 418 SM CITY BACOOR GEN EMILIO AGUINALDO H-WAY BACOOR CAVITE,****,213-671-080-00014,,JULIE ANN MADRIAGA,,,,,,,,,,,,,,,,N/A,,,N/A,,,Missing,,,N/A,,,,,,,,,,,,,Missing,,,,
1119,,,,,Inactive,,,TEN001,"TENFOLD TELECOM CONSTRUCTION, INC.","ANDRES CMPD, F. LEGASPI ST. MAYBUNGA PASIG CITY",****,204-681-306-00000,,Tom Suelto,,,,,,,,,,,,,,,,N/A,,,N/A,,,Missing,,,N/A,,,,,,,,,,,,,Missing,,,,
1120,,,,,Inactive,,,THA001,THAKRAL INFOTECH INC,"254 BENITO SOLIVEN AVE., (GREEN PARK), MANGGAHAN, PASIG CITY",****,006-926-411-00000,,,,,,,,,,,,,,,,,,N/A,,,N/A,,,Missing,,,N/A,,,,,,,,,,,,,Missing,,,,
1121,,,,,Inactive,,,THE001,THEGARAGE MANILA INTERNATIONAL CO.,14 PANAY AVE.,****,009-950-898-00000,,,,,,,,,,,,,,,,,,N/A,,,N/A,,,Missing,,,N/A,,,,,,,,,,,,,Missing,,,,
1122,,,,,Inactive,,,THE002,THE KNOWLEDGE ACADEMY LIMITED,"REFLEX, CAIN ROAD, BRACKEL, RG121HL LONDON 01344 203999",****,000-000-000-00000,,,,,,,,,,,,,,,,,,N/A,,,N/A,,,Missing,,,N/A,,,,,,,,,,,,,Missing,,,,
1123,,,,,Inactive,,,THE003,THE BRAIN COMPUTER CORPORATION,"150 F. BLUMENTRITT ST. BATIS 1500 CITY OF SAN JUAN NCR, SECOND DISTRICT PHILIPPINES",****,003-508-768-00000,,,,,,,,,,,,,,,,,,N/A,,,N/A,,,Missing,,,N/A,,,,,,,,,,,,,Missing,,,,
1124,,,,,Inactive,,,THE004-NT,THE ARCHITECTURAL CENTRE CLUB INCORPORATED,6082 PALMA ST BEL-AIR VILLAGE MAKATI CITY 1209,****,000-435-268-00000,,,,,,,,,,,,,,,,,,N/A,,,N/A,,,Missing,,,N/A,,,,,,,,,,,,,Missing,,,,
1125,3,Low Activity,7,,Pending,Supplier-Foreign-NT,Regular,THE005-NT,THE ESCAL INSTITUTE OF ADVANCED TECHNOLOGIES INC. D/B/A SANS INSTITUTE,"11200 ROCKVILLE PIKE, SUITE 200, NORTH BETHESDA, MD 20852",****,000-000-000-00000,,timothy,,,,,,,,,,,,,,,,N/A,,,N/A,,,Missing,,,N/A,,,,,,,,,,,,,Missing,,,,
1126,,,,,Inactive,,,THI001,THINKING TOOLS INCORPORATED,ITI BLDG JUNQUERA EXT COR RR LANDON ST KAMAGAYAN CEBU CITY,****,000-312-081-00000,,,,,,,,,,,,,,,,,,N/A,,,N/A,,,Missing,,,N/A,,,,,,,,,,,,,Missing,,,,
1127,,,,,Inactive,,,THR001,THREE-ACES ENGINEERING SERVICES,"5316 SAN BENISSA GARDEN VILLAS          COMMONWEALTH COR. QUIRINO HIGHWAY       KALIGAYAN, QC",****,195-886-714-00100,,,,,,,,,,,,,,,,,,N/A,,,N/A,,,Missing,,,N/A,,,,,,,,,,,,,Missing,,,,
1128,,,,,Inactive,,,TJJ001,TJJ HAPPY PEDLER CORP,"619 GONZALO PUYAT ST BARANGAY 309 ZONE 030 1001 QUIAPO NCR, CITY OF MANILA",****,010-592-183-00001,,Berna Manzano,,,,,,,,,,,,,,,,N/A,,,N/A,,,Missing,,,N/A,,,,,,,,,,,,,Missing,,,,
1129,4,Low Activity,9,"Service Provider | Custom Fabricator | Plaques, Trophies, Signage & Engraving",Pending,Supplier-Local-NT,Regular,TJS001-NT,TJS CLEAR ART,"#11 FELICIA ST., CULIATQUEZON CITY",****,164-395-433-00000,,,,,,,,,,,,,,,,,,N/A,,,N/A,,,Missing,,,N/A,,,,,,,,,,,,,Missing,,,,
1130,,,,,Inactive,,,TOM001-NT,TOM PHAM,MANDALUYONG CITY,****,310-411-969-00000,,,,,,,,,,,,,,,,,,N/A,,,N/A,,,Missing,,,N/A,,,,,,,,,,,,,Missing,,,,
1131,,,,,Inactive,,,TON001-NT,TONYANG AUTO SUPPLY,,****,223-246-340-000,,ROMY MARCOS,,,,,,,,,,,,,,,,N/A,,,N/A,,,Missing,,,N/A,,,,,,,,,,,,,Missing,,,,
1132,,,,,Inactive,,,TOO001,TOON BOOM ANIMATION INC,4200 BOULEVARD SAINT LAURENT SUITE 1020,****,000-000-000-00000,,,,,,,,,,,,,,,,,,N/A,,,N/A,,,Missing,,,N/A,,,,,,,,,,,,,Missing,,,,
1133,,,,,Inactive,,,TOP001,TOP GLASS AND ALUMINUM CONTRACTOR CORP,"160 TOLENTINO ST., SFDM QUEZON CITY",****,000-376-744-00000,,,,,,,,,,,,,,,,,,N/A,,,N/A,,,Missing,,,N/A,,,,,,,,,,,,,Missing,,,,
1134,,,,,Inactive,,,TOP002,"TOPVIDEOSOFT, INC.","RM 1502-83 EASEY COMM BLDG 253-261 WANCHAI, HONG KONG",****,000-000-000-00000,,,,,,,,,,,,,,,,,,N/A,,,N/A,,,Missing,,,N/A,,,,,,,,,,,,,Missing,,,,
1135,,,,,Inactive,,,TOP003-NT,TOP SHELF AQUATICS OPC,"2226 CHINO ROCES AVE., BANGKAL, MAKATI CITY",****,601-655-804-00000,,PACIFICA,,09175094220,,,,,,,,,,,,,,N/A,,,N/A,,,Missing,,,N/A,,,,,,,,,,,,,Missing,,,,
1136,4,Low Activity,1,Reseller | Local | Active | IT Infrastructure & Technology Solutions Provider,Pending,Supplier-Local,Regular,TOT001,TOTAL PRO-TECH SOLUTIONS INC,"DOOR 20 VEL OUANO BLDGMC BRIONES ST. HIWAY ,6014MANDAUE CITY,CEBU PHIPPINES",****,466-092-154-000,,Amelie Fernandez,,,,,,,,,,,,,,,,N/A,,,N/A,,,Missing,,,N/A,,,,,,,,,,,,,Missing,,,,
1137,1,Low Activity,259,"8-3-26: ff done
8-17-26: Lacking docs cannot provide as per their management
Lacking docs: Import Permit/AFS/GIS",Incomplete,Supplier-Local,Major,TOU001,TOUCHSTREAM DIGITAL INC,"UNIT 3001 ATLANTA CENTRE BLDG 31 ANNAPOLIS ST GREENHILLS 1502 CITY OF SAN JUAN NCR, SECOND DISTRICT PHILIPPINES",,008-015-572-00000,"Wholesaler of Computers, Computer Peripheral Equipment and Software
Retail sale of computer",Mitch Julapong,,639566709939,michille.agad@tdiphil.com,Not yet,No,No,No,Yes,Yes,Yes,,,,,,N/A,,,N/A,,31-Dec-2026,Current,113,,N/A,,Yes,Yes,N/A,,,,,,,,,Missing,,,,
1138,1,Low Activity,259,"ISO Certificate | Import Permit
Latest Audited Financial Statements (AFS)
Latest General Information Sheet (GIS)",Incomplete,Supplier-Local-NT,Regular,TOU002-NT,TOUCHSTREAM DIGITAL INC,"UNIT 3001 ATLANTA CENTRE BLDG 31 ANNAPOLIS ST GREENHILLS 1502 CITY OF SAN JUAN NCR, SECOND DISTRICT PHILIPPINES",,008-015-572-00000,,Mitch Julapong,,,michille.agad@tdiphil.com,Not yet,No,No,No,Yes,Yes,Yes,,,,,,N/A,,,N/A,,31-Dec-2026,Current,113,,N/A,,Yes,Yes,,,,,,,,,,Missing,,,,
1139,,,,,Inactive,,,TOY001-NT,"TOYOTA PASONG TAMO, INC.","2292 PASONG TAMO EXTENSION, MAGALLANES CITY OF MAKATI NCR, FOURTH DISTRICT",****,003-821-973-00000,,,,,,,,,,,,,,,,,,N/A,,,N/A,,,Missing,,,N/A,,,,,,,,,,,,,Missing,,,,
1140,,,,,Inactive,,,TOY002-NT,TOYOSCO PARTS CENTER INC,EPIFANIO DELOS SANTOS AVENUE MALIBAY PASAY METRO MANILA,****,008-208-074-00000,,,,,,,,,,,,,,,,,,N/A,,,N/A,,,Missing,,,N/A,,,,,,,,,,,,,Missing,,,,
1141,4,Low Activity,5,Supplier | Local | Active | Automotive Parts Supplier,Pending,Supplier-Local-NT,Regular,TOY007-NT,TOYOACE AUTO PARTS SUPPLY,"2735-B TAFT AVE BRGY 84 ZONE 10.,PASAY CITY NCR, FOURTH DISTRICT,PHILIPPINES",****,500-607-717-00001,,MARK DANIEL TAN,,,,,,,,,,,,,,,,N/A,,,N/A,,,Missing,,,N/A,,,,,,,,,,,,,Missing,,,,
1142,,,,,Inactive,,,TOY008-NT,TOYOTA MANILA BAY CORPORATION,"926 AURORA BOULEVARD, SAN ROQUE, QUEZON CITY, NCR, SEOND DISTRICT PHILIPPINES",****,004-676-716-00003,,PRINCE RODRIGO,,,,,,,,,,,,,,,,N/A,,,N/A,,,Missing,,,N/A,,,,,,,,,,,,,Missing,,,,
1143,3,Low Activity,1,Reseller (Authorized Dealer),Pending,Supplier-Local-NT,Regular,TOY009-NT,"TOYOTA QUEZON AVENUE, INC","728 QUEZON AVE TATALON QUEZON CITY, METRO MANILA",****,000-399-527-00000,,PRINCE RODRIGO,,,,,,,,,,,,,,,,N/A,,,N/A,,,Missing,,,N/A,,,,,,,,,,,,,Missing,,,,
1144,,,,,Inactive,,,TPC001-NT,TPC,MANDALUYONG CITY,****,000-000-000-00000,,,,,,,,,,,,,,,,,,N/A,,,N/A,,,Missing,,,N/A,,,,,,,,,,,,,Missing,,,,
1145,,,,,Inactive,,,TRA001,TRANSGEN SOLUTIONS ENTERPRISE CO. LTD.,#27 COLORADO ST. VALLEY VIEW ROYALE VALLEY GOLF SUBD. BRGY. SAN ISIDRO TAYTAY RIZAL,****,008-452-550-00000,,,,,,,,,,,,,,,,,,N/A,,,N/A,,,Missing,,,N/A,,,,,,,,,,,,,Missing,,,,
1146,,,,,Inactive,,,TRA001-NT,TRAVELLERS INSURANCE SURETY CORPORATION,10F GE ANTONIO BLDG KALAW BACOBO ST BRGY 666 MANILA,****,000-196-058-00000,,nante,,,,,,,,,,,,,,,,N/A,,,N/A,,,Missing,,,N/A,,,,,,,,,,,,,Missing,,,,
1147,,,,,Inactive,,,TRA002,TRANS ORIENT MICROSYSTEM CORPORATION,LT1 BLK1 SOUTH HORIZON,****,009-109-593-00000,,,,,,,,,,,,,,,,,,N/A,,,N/A,,,Missing,,,N/A,,,,,,,,,,,,,Missing,,,,
1148,,,,,Inactive,,,TRA002-NT,TRAVELLERS INTERNATIONAL HOTEL GROUP INC,NEWPORT BLVD NEWPORT CITY CYBERTOURISM ZONE PASAY CITY 1300.,****,246-099-058-001,,A,,,,,,,,,,,,,,,,N/A,,,N/A,,,Missing,,,N/A,,,,,,,,,,,,,Missing,,,,
1149,,,,,Inactive,,,TRA003,TRAILBLAZERS SOLUTIONS INC.,75 MAYOR IGNACIO DIAZ ST BRGY SAN MARTIN DE PORES CUBAO QUEZON CITY 1111,****,629-155-838-00001,,BRIX TUMANING,,,,,,,,,,,,,,,,N/A,,,N/A,,,Missing,,,N/A,,,,,,,,,,,,,Missing,,,,
1150,,,,,Inactive,,,TRA003-NT,TRAVERSE OUTDOOR CORPORATION,UNIT 504-505 THE ONE EXECUTIVE OFFICE BLDG. #5 WEST AVE COR CO. MARTINEZ ST BRGY NAYONG KANLURAN,****,010-253-719-000,,MHIKA TANA,,09171202523,,,,,,,,,,,,,,N/A,,,N/A,,,Missing,,,N/A,,,,,,,,,,,,,Missing,,,,
1151,,,,,Inactive,,,TRA015-NT,TRAEVENTS CO,UNIT 208 FBR ARCADE 317KATIPUNAN AVE LOYOLA HEIGHTS 1108 QC,****,008-390-358-00000,,KATHERINE PORTUGAL,,,,,,,,,,,,,,,,N/A,,,N/A,,,Missing,,,N/A,,,,,,,,,,,,,Missing,,,,
1152,4,Low Activity,13,Distributor (Software Distributor / Value-Added Distributor),Pending,Supplier-Local,Regular,TRE001,TRENDCOM IT & SOFTWARE SOLUTIONS INC,RM 309 3F FMB COMMERCIAL BLDG ML QUEZON ST BRGY SAN ROQUE ANTIPOLO CITY,****,007-011-232-00000,,,,,,,,,,,,,,,,,,N/A,,,N/A,,,Missing,,,N/A,,,,,,,,,,,,,Missing,,,,
1153,,,,Double Entry,Pending,,Regular,TRE002,TRENDCOM IT & SOFTWARE SOLUTIONS INC,RM 309 3F FMB COMMERCIAL BLDG ML QUEZON ST BRGY SAN ROQUE ANTIPOLO CITY,****,007-011-232-00000,,,,,,,,,,,,,,,,,,N/A,,,N/A,,,Missing,,,N/A,,,,,,,,,,,,,Missing,,,,
1154,4,Low Activity,6,Reseller | Active | IT Solutions Provider,Pending,Supplier-Foreign,Regular,TRE003,TRELLO,"888 BROADWAY,4TH FLOOR, NEW YORK NY 10003",****,000-000-000-00000,,Abhinav Asthana,,,,,,,,,,,,,,,,N/A,,,N/A,,,Missing,,,N/A,,,,,,,,,,,,,Missing,,,,
1155,,,,,Inactive,,,TRI001,"TRICOM DYNAMICS, INC.","3F/F METRO HOUSE BLDG., 345 GIL PUYAT AVE., MAKATI CITY",****,000-172-881-00000,,,,,,,,,,,,,,,,,,N/A,,,N/A,,,Missing,,,N/A,,,,,,,,,,,,,Missing,,,,
1156,3,Low Activity,7,Tier 3 | 7 PO | Reseller | Inactive,Pending,Supplier-Local,Regular,TRI002,TRICOMP COMPUTER SUPPLY MARKETING,BRGY SAN JOSE JARO,****,911-194-706-00000,,,,,,,,,,,,,,,,,,N/A,,,N/A,,,Missing,,,N/A,,,,,,,,,,,,,Missing,,,,
1157,,,,,Inactive,,,TRO001-NT,TROJAN AGUILA,MANDALUYONG CITY,****,188-788-235-00000,,,,,,,,,,,,,,,,,,N/A,,,N/A,,,Missing,,,N/A,,,,,,,,,,,,,Missing,,,,
1158,,,,,Inactive,,,TRU001,TRUVISOR PTE LTD,,****,000-000-000-00000,,,,,,,,,,,,,,,,,,N/A,,,N/A,,,Missing,,,N/A,,,,,,,,,,,,,Missing,,,,
1159,,,,,Inactive,,,TSC001,TSCOM TELESAT COMMUNICATION,MAHARLIKA HIGHWAY QUEZON DIST CABANATUAN CITY,****,466-495-236-000,,DAVID AREJA,,,,,,,,,,,,,,,,N/A,,,N/A,,,Missing,,,N/A,,,,,,,,,,,,,Missing,,,,
1160,4,Low Activity,6,Tier 4 | 6 GRPO | Software Vendor / Service Provider,Pending,Supplier-Foreign,Regular,TUNG001,TUNGSTEN AUTOMATION SINGAPORE PTE LTD,9 RAFFLES PLACE #53-01 REPUBLIC PLAZA 1,****,000-000-000-00000,,SUNNY LUN,,62784345,,,,,,,,,,,,,,N/A,,,N/A,,,Missing,,,N/A,,,,,,,,,,,,,Missing,,,,
1161,,,,,Inactive,,,TUT001-NT,"TUTOR, NIKKI MAE PANUGALING",292 SANCIANGKO ST PAHINA CNETRAL CEBU CITY 6000,****,744-843-275-000,,NIKKI,,,,,,,,,,,,,,,,N/A,,,N/A,,,Missing,,,N/A,,,,,,,,,,,,,Missing,,,,
1162,4,Low Activity,1,Reseller | Local | Active | Mobile Devices & Consumer Electronics Retailer,Pending,Supplier-Local-NT,Regular,TWE002-NT,TWENTY11 CELLMATIC INC.,KC 419 (B) 4/F  SM  MEGAMALL BLDG B.J VARGAS WACK WACK GREENHILLS 1555 MANDALUYONG CITY,****,668-002-726-00000,,SALES,,,,,,,,,,,,,,,,N/A,,,N/A,,,Missing,,,N/A,,,,,,,,,,,,,Missing,,,,
1163,,,,,Inactive,,,TWI001,"TWIN CROWN DESIGN, CONSTRUCTION AND CONSULTANCY SERVICES",,****,190-887-759-00000,,,,,,,,,,,,,,,,,,N/A,,,N/A,,,Missing,,,N/A,,,,,,,,,,,,,Missing,,,,
1164,,,,"NEW VENDOR NAME ""WYNTECH CORP.""",Inactive,,Regular,TWI002,T WIRED TRADING INC.,11F ONE CORP CENTER J VARGAS AVE. ORTIGAS CENTER PASIG CITY,****,628-480-740-00000,,,,,,,,,,,,,,,,,,N/A,,,N/A,,,Missing,,,N/A,,,,,,,,,,,,,Missing,,,,
1165,,,,"NEW VENDOR NAME ""WYNTECH CORP.""",Inactive,,Regular,TWI002-NT,T WIRED TRADING INC.,11F ONE CORP CENTER J VARGAS AVE. ORTIGAS CENTER PASIG CITY,****,628-480-740-00000,,,,,,,,,,,,,,,,,,N/A,,,N/A,,,Missing,,,N/A,,,,,,,,,,,,,Missing,,,,
1166,,,,,Inactive,,,TYR001-NT,TYREMART INC,"347 ORTIGAS AVE., GREENHILLS EAST, MANDALUYONG CITY",****,000-330-996-00000,,,,,,,,,,,,,,,,,,N/A,,,N/A,,,Missing,,,N/A,,,,,,,,,,,,,Missing,,,,
1167,3,Low Activity,67,Tier 3 | 67 GRPO | Distributor of Computer Components,Pending,Supplier-Local,Regular,UBE001,"UBERTECH, INCORPORATED","18 SAINT PAUL BRGY HORSESHOE, QC",****,007-304-242-00000,,,,,,,,,,,,,,,,,,N/A,,,N/A,,,Missing,,,N/A,,,,,,,,,,,,,Missing,,,,
1168,3,Low Activity,67,Tier 3 | 67 GRPO | Distributor of Computer Components,Pending,Supplier-Local-NT,Regular,UBE002-NT,"UBERTECH, INCORPORATED","18 SAINT PAUL BRGY HORSESHOE, QC",****,007-304-242-00000,,,,,,,,,,,,,,,,,,N/A,,,N/A,,,Missing,,,N/A,,,,,,,,,,,,,Missing,,,,
1169,,,,,Inactive,,,UDM001-NT,UDEMY INC.,489 ROSITA T UY BLDG. SHAW BLVD ADDITION HILLS,****,000-000-000-00000,,UDEMY SALES REP,,00000000000,,,,,,,,,,,,,,N/A,,,N/A,,,Missing,,,N/A,,,,,,,,,,,,,Missing,,,,
1170,,,,,Inactive,,,UKC001-NT,UKC COMMERCIAL PRESS INC,"56 JUSTICE P. TUAZON BLVD CUBAO, QUEZON CITY",****,000-172-580-00000,,,,,,,,,,,,,,,,,,N/A,,,N/A,,,Missing,,,N/A,,,,,,,,,,,,,Missing,,,,
1171,,,,,Inactive,,,ULT001,ULTRIUM CORPORATION,857 SOBRECARY ST BO OBRERO DAVAO CITY,****,006-040-086-00000,,,,,,,,,,,,,,,,,,N/A,,,N/A,,,Missing,,,N/A,,,,,,,,,,,,,Missing,,,,
1172,,,,,Inactive,,,UNI001,UNIFIED SOLUTION AND INTEGRATION INC,NO 14 MOSES ST FILINVEST II BRGY BAGONG SILANGAN QUEZON CITY,****,008-023-028-000,,,,,,,,,,,,,,,,,,N/A,,,N/A,,,Missing,,,N/A,,,,,,,,,,,,,Missing,,,,
1173,,,,,Inactive,,,UNI001-NT,"UNITED LABORATORIES, INC",66 UNITED STREET NCR 2ND DISTRICT MANDALUYONG CITY 1550,****,000-063-471-000,,SALES PERSON,,,,,,,,,,,,,,,,N/A,,,N/A,,,Missing,,,N/A,,,,,,,,,,,,,Missing,,,,
1174,4,Low Activity,10,Tier 4 | 10 GRPO | IT Distribution Company ,Pending,Supplier-Local,Regular,UNI002,UNITEDPLEXUS CORP,UNIT 4 JC BLDG 40 ORTIGAS AVE EXT STA LUCIA PASIG CITY,****,007-849-332-00000,,,,,,,,,,,,,,,,,,N/A,,,N/A,,,Missing,,,N/A,,,,,,,,,,,,,Missing,,,,
1175,,,,,Inactive,,,UNI003,UNIVERSAL ACCESS SYSTEMS,,****,254-102-619-00100,,,,,,,,,,,,,,,,,,N/A,,,N/A,,,Missing,,,N/A,,,,,,,,,,,,,Missing,,,,
1176,1,Low,588,"7-20-26: Completed

An issue has been reported due to the absence of the engineer during the activity",Accredited,Subcontructor,Regular,UNI004,UNIKKON NETWORK PHILIPPINES INC.,"19F UNIT E1 STRATA 100 BUILDING F. ORTIGAS JR ROAD CENTER BRGY SAN ANTONIO PASIG CITY 1605 OF PASIG NCR, SECOND DISTRICT PHILIPPINES",,009-797-921-00000,Retailer | Services,Shelby Trinidad,Admin,639673628894,shelby@unikkonnetwork.com,28-Mar-2025,Yes,Yes,Yes,Yes,Yes,Yes,No,31-Dec-2025,Current,-252,25-Apr-2027,Current,228,,N/A,,31-Dec-2026,Current,113,,N/A,,Yes,Yes,N/A,N/A,,,,,,,,Missing,,,,
1177,1,Low,588,"7-20-26: Completed

An issue has been reported due to the absence of the engineer during the activity",Accredited,Subcontructor-NT,Regular,UNI004-NT,UNIKKON NETWORK PHILIPPINES INC.,"19F UNIT E1 STRATA 100 BUILDING F. ORTIGAS JR ROAD CENTER BRGY SAN ANTONIO PASIG CITY 1605 OF PASIG NCR, SECOND DISTRICT PHILIPPINES",,009-797-921-00000,Retailer | Services,Shelby Trinidad,Admin,639673628894,shelby@unikkonnetwork.com,28-Mar-2025,Yes,Yes,Yes,Yes,Yes,Yes,No,31-Dec-2025,Current,-252,25-Apr-2027,Current,228,,N/A,,31-Dec-2026,Current,113,,N/A,,Yes,No,N/A,N/A,,,,,,,,Missing,,,,
1178,,,,,Inactive,,,UNI005,UNIVERSAL IVERGOS TRADING CORP.,"136 CONCEPCION ST., BRGY 85, 1400 CALOOCAN CITY NCR",****,008-581-787-00000,,,,,,,,,,,,,,,,,,N/A,,,N/A,,,Missing,,,N/A,,,,,,,,,,,,,Missing,,,,
1179,,,,,Inactive,,,UNI006,"UNITED SAFETY TECHNOLOGY DISTRIBUTION (USTDI), INC","25M SANTOS EXT SAN JOSE (POB), 1870 CITY OF ANTIPOLO RIZAL PHILIPPINES",****,009-236-752-00000,,JAMES SALGUSTE,,,,,,,,,,,,,,,,N/A,,,N/A,,,Missing,,,N/A,,,,,,,,,,,,,Missing,,,,
1180,,,,,Inactive,,,UNI039-NT,UNIFIRM INTERNATIONAL TRADE INC.,"L60 B60ROAD 21 COR COGEO VILLAGE, BAGONG NAYON ANTIPOLO CITY",****,240-721-824-000,,SALES PERSON,,,,,,,,,,,,,,,,N/A,,,N/A,,,Missing,,,N/A,,,,,,,,,,,,,Missing,,,,
1181,4,Low Activity,5,Reseller | Active | Security & Building Systems Solutions Provider,Pending,Supplier-Local,Regular,UNI040,UNITECH ELECTRONICS & SECURITY SYSTEM INC.,1229 UNITED NATIONS AVE BRGY 664-A ZONE 71 DIST V MANILA,****,007-846-782-000,,JOHN MATTHEW TAVU,,,,,,,,,,,,,,,,N/A,,,N/A,,,Missing,,,N/A,,,,,,,,,,,,,Missing,,,,
1182,4,Low Activity,5,Reseller | Active | Security & Building Systems Solutions Provider,Pending,Supplier-Local-NT,Regular,UNI040-NT,UNITECH ELECTRONICS & SECURITY SYSTEM INC.,1229 UNITED NATIONS AVE BRGY 664-A ZONE 71 DIST V MANILA,****,007-846-782-000,,JOHN MATTHEW TAVU,,,,,,,,,,,,,,,,N/A,,,N/A,,,Missing,,,N/A,,,,,,,,,,,,,Missing,,,,
1183,4,Low Activity,5,Reseller | Active | IT Solutions Provider,Pending,Supplier-Local,Regular,UPL001,"UPLINK INFORMATION SYSTEM, INC","UNIT 915-916 CITY & LAND MEGA PLAZA ADB AVENUE COR GARNET BRGY SAN ANTONIO, PASIG CITY",****,005-649-502-00000,,,,,,,,,,,,,,,,,,N/A,,,N/A,,,Missing,,,N/A,,,,,,,,,,,,,Missing,,,,
1184,,,,,Inactive,,,UPP001,UPPIAN ENTERPRISES INC.,89 SENATORIAL ROAD BATASAN HILLS QUEZON CITY,****,740-233-844-00000,,,,,,,,,,,,,,,,,,N/A,,,N/A,,,Missing,,,N/A,,,,,,,,,,,,,Missing,,,,
1185,,,,,Inactive,,,UPS001,UPSON INTERNATIONAL CORPORATION,404-407 4TH FLOOR BLDG B SM MEGAMALL WACK WACK  MANDALUYONG CITY,****,004-780-008-00001,,MR. RENANTE,,639564169779,,,,,,,,,,,,,,N/A,,,N/A,,,Missing,,,N/A,,,,,,,,,,,,,Missing,,,,
1186,4,Low Activity,17,Supplier | Local | Active | Graphic Design & Printing Services Provider,Pending,Supplier-Local-NT,Regular,VAL001-NT,VALERIOS GRAPHIC DESIGN & PRINTING SERVICES,022 P. DIEGO CERA AVE. MANUYO UNO LAS PINAS CITY 1740,****,205-955-867-00000,,,,,,,,,,,,,,,,,,N/A,,,N/A,,,Missing,,,N/A,,,,,,,,,,,,,Missing,,,,
1187,1,Low Activity,24,"Distributor | Local | Active | Container Van, Modular Container & Logistics Solutions Provider",Accredited,Supplier-Local,Regular,VAN002,VANTAZTIC INCORPORATED,"57 SULTAN KUDARAT ST. AYALA HEIGHTS MATANDANG BALARA 1119 QUEZON CITY NCR, SECOND DSITRICT PHILIPPINES",,007-907-623-00000,"Business Support Services Activities | 
Retailer
",Lady Alaisa Cayago,Sales,09499 956 462 | 0917 307 2514,sales.vantaztic@gmail.com,28-Mar-2025,Yes,Yes,Yes,Yes,Yes,Yes,No,31-Dec-2025,Current,-252,27-Apr-2027,Current,230,,N/A,,31-Dec-2026,Current,113,,N/A,,Yes,Yes,N/A,N/A,,,,,,,,Missing,,,,
1188,1,Low Activity,178,"Distributor | Local | Active | ICT, Professional AV & Unified Communications Technology Distributor

8-10-26: Send LOA
8-18-26: LOA sent
8-24-26: Ff sent, email
8-26-26: ff sent
9-4-26: waiting for the signed docs",Completed,Supplier-Local,Major,VER001,VERSATECH INTERNATIONAL INC,"5TH FLR. ALVA BUSINESS CENTER 259 C. RAYMUNDO AVENUE MAYBUNGA 1607 CITY OF PASIG NCR, SECOND DISTRICT PHILIPPINES",,007-895-409-00000,Wholesaler,Charles Edmund Go,Vice President of Finance and Accounting,63 939 999 0526,charles.go@versatech.com.ph,Not yet,No,No,No,Yes,Yes,Yes,No,31-Dec-2025,Current,-252,27-Apr-2027,Current,230,,N/A,,31-Dec-2026,Current,113,,N/A,,Yes,Yes,N/A,N/A,,,,,,,,Missing,,,,
1190,,,,,Inactive,,,VER002,"VERTIV (PHILIPPINES), INC",31 FLOOR THE ORIENT SQUARE BUILDING F ORTIGAS JR ROAD ORTIGAS CENTER SAN ANTONIO PASIG,****,210-958-780-00000,,,,,,,,,,,,,,,,,,N/A,,,N/A,,,Missing,,,N/A,,,,,,,,,,,,,Missing,,,,
1191,4,Low Activity,1,Supplier | Local | Active | Consumer Electronics & Home Appliances Retailer,Pending,Supplier-Local,Regular,VIC001,VIC IMPERIAL APPLIANCE CORPORATION,COR. OSMENA BLVD & ZAMORA ST. SENYOR SANTO NINO 6000 CEBU CITY (CAPITAL) CEBU,****,000-249-888-00001,,,,,,,,,,,,,,,,,,N/A,,,N/A,,,Missing,,,N/A,,,,,,,,,,,,,Missing,,,,
1192,4,Low Activity,1,Supplier | Local | Active | Consumer Electronics & Home Appliances Retailer,Pending,Supplier-Local-NT,Regular,VIC001-NT,VIC IMPERIAL APPLIANCE CORPORATION,COR. OSMENA BLVD & ZAMORA ST. SENYOR SANTO NINO 6000 CEBU CITY (CAPITAL) CEBU,****,000-249-888-00001,,SALES PERSON,,,,,,,,,,,,,,,,N/A,,,N/A,,,Missing,,,N/A,,,,,,,,,,,,,Missing,,,,
1193,4,Low Activity,1,Pending Verification,Pending,,Regular,VIL005,"VILLAGOMEZ, CHRISTEL RAMOS",G/F UNIT 12 GOLD  ARCADE 550 FLORENTINO TORRES ST. BRGY 303 ZONE 29 STA. CRUZ MANILA 1003,****,779-215-863-000,,Rhoze delos Reyes,,09176218365,,,,,,,,,,,,,,N/A,,,N/A,,,Missing,,,N/A,,,,,,,,,,,,,Missing,,,,
1194,4,Low Activity,1,Tier 4 | 1 GRPO | Retailer | IT Hardware & Computer Products,Pending,Supplier-Local,Regular,VIL021,VILLMAN COMPUTER SYSTEMS (WEST) INC.,"AXI-426-J 4TH FLR CYBERZONE SM CITY NORTH EDSA, NORTH AVE, BAGONG PAG-ASA, QUEZON CTY 1105",****,005-249-453-00032,,JOSEPH RECIO,,,,,,,,,,,,,,,,N/A,,,N/A,,,Missing,,,N/A,,,,,,,,,,,,,Missing,,,,
1195,,,,,Inactive,,,VIN001,VINEA DISTRIBUTION INC.,"47 KAMIAS ROAD, PINYAHAN, QC",****,008-175-966-00000,,,,,,,,,,,,,,,,,,N/A,,,N/A,,,Missing,,,N/A,,,,,,,,,,,,,Missing,,,,
1196,,,,,Inactive,,,VIO001-NT,VIOSILS PARTY SALES CORPORATION,"M.H. DEL PILAR STREET, MOLO, ILOILO CITY",****,000-250-866-00000,,,,,,,,,,,,,,,,,,N/A,,,N/A,,,Missing,,,N/A,,,,,,,,,,,,,Missing,,,,
1197,,,,,Inactive,,,VIR001,VIRTALUS LLC,"633 WEST FIFTH STREET, 28TH FLOOR",****,000-000-000-00000,,,,,,,,,,,,,,,,,,N/A,,,N/A,,,Missing,,,N/A,,,,,,,,,,,,,Missing,,,,
1198,,,,,Inactive,,,VIR002-NT,VIRTALUS LLC,"633 WEST FIFTH STREET, 28TH FLOOR",****,000-000-000-00000,,,,,,,,,,,,,,,,,,N/A,,,N/A,,,Missing,,,N/A,,,,,,,,,,,,,Missing,,,,
1199,,,,,Inactive,,,VIS001-NT,VISTA TALA RESORT & RECREATIONAL PARK INC.,"TALA, ORANI, BATAAN 2112",****,009-018-533-000,,MA.KATRINA DELA TORRE,,09175699479,,,,,,,,,,,,,,N/A,,,N/A,,,Missing,,,N/A,,,,,,,,,,,,,Missing,,,,
1200,4,Low Activity,29,Tier 4 | 29 GRPO | Reseller / System Integrator,Pending,Supplier-Local,Regular,VIS005,VISIONSHIELD TECHNOLOGY INC.,"8TH FLOOR ROOM 802, 734 ORA ELECTRONICS CENTER, N.A GONZALO PUYAT ST COR EVANGELISTA ST, N.A QUIAPO",****,010-826-444-000,,SHIELA CARLOS,,,,,,,,,,,,,,,,N/A,,,N/A,,,Missing,,,N/A,,,,,,,,,,,,,Missing,,,,
1201,,,, ,Inactive,,,VIZ001-NT,VIZEN MARKETING,G/F 917 REMEDIOS STREET BRGY 693 ZONE 075 MALATE MANILA 1004,****,439-889-929-00000,,,,,,,,,,,,,,,,,,N/A,,,N/A,,,Missing,,,N/A,,,,,,,,,,,,,Missing,,,,
1202,,,,,Inactive,,,VJG001-NT,"VJ GRAPHIC ARTS, INC.","UNIT 1-C FUTURE POINT PLAZA 3, 111 PANAY AVE., QUEZON CITY",****,000-400-353-000,,PERCIVAL DATU,,,,,,,,,,,,,,,,N/A,,,N/A,,,Missing,,,N/A,,,,,,,,,,,,,Missing,,,,
1203,,,,,Inactive,,,VMW01,VMWARE INTERNATIONAL LTD,IRELAND,****,010-000-000-00000,,CONTACT,,,,,,,,,,,,,,,,N/A,,,N/A,,,Missing,,,N/A,,,,,,,,,,,,,Missing,,,,
1204,1,Frequent,8245,"Distributor | Local | Active | Leading ICT Distributor for Hardware, Software, Cloud & Enterprise Solutions

8-3-26: Completed",Accredited,Supplier-Local,Major,VST001,VSTECS PHILS. INC.,"MSI-ECS COMPLEX M. EUSEBIO AVENUE SAN MIGUEL 1600 CITY OF PASIG NCR, SECOND DISTRICT  PHILIPPINES",,200-833-967-00000,Distributor,Grace Shiela Valencia,Finance Division,02-8830-9730,gvalencia@msi-ecs.com.ph,17-Jul-2025,Yes,Yes,Yes,Yes,Yes,Yes,,31-Dec-2025,Current,-252,15-Jul-2027,Current,309,,N/A,,31-Dec-2026,Current,113,7-Mar-2027,Current,179,Yes,Yes,,"1. ISO/IEC 27001 : 2022 | June 20, 2028",,,,,,,,Missing,,,,
1205,1,Frequent,8245,"Distributor | Local | Active | Leading ICT Distributor for Hardware, Software, Cloud & Enterprise Solutions

8-3-26: Completed",Accredited,Supplier-Local-NT,Regular,VST001-NT,VSTECS PHILS. INC.,"MSI-ECS COMPLEX M. EUSEBIO AVENUE SAN MIGUEL 1600 CITY OF PASIG NCR, SECOND DISTRICT  PHILIPPINES",,200-833-967-00000,Distributor,Grace Shiela Valencia,Finance Division,02-8830-9730,gvalencia@msi-ecs.com.ph,17-Jul-2025,Yes,Yes,Yes,Yes,Yes,Yes,,31-Dec-2024,For Update,-617,15-Jul-2026,Expired,-56,,N/A,,31-Dec-2026,Current,113,7-Mar-2027,Current,179,Yes,Yes,,,,,,,,,,Missing,,,,
1206,,,,,Inactive,,,WAL001,"WALTERMART HANDYMAN, INC.","4TH LEVEL, WALTERMART, CHINO ROCES      AVENUE, PIO DEL PILAR, MAKATI CITY",****,004-869-007-00500,,,,,,,,,,,,,,,,,,N/A,,,N/A,,,Missing,,,N/A,,,,,,,,,,,,,Missing,,,,
1207,4,Low Activity,2,Pending Verification,Pending,Supplier-Local,Regular,WEB001,"ILAGAN, ROY MANANSALA",UNIT G G/F 1457 MACEDA ST ZONE 049 BRGY 501 SAMPALOC MANILA,****,949-602-286-00000,,,,,,,,,,,,,,,,,,N/A,,,N/A,,,Missing,,,N/A,,,,,,,,,,,,,Missing,,,,
1208,,,,,Inactive,,,WEN001,WENDELL'S MARKETING,TONDO MANILA,****,300-741-031-00000,,WENDELL,,09178568824,,,,,,,,,,,,,,N/A,,,N/A,,,Missing,,,N/A,,,,,,,,,,,,,Missing,,,,
1209,1,Low,645,"Distributor | Local | Active | Value-Added IT Distributor for Cybersecurity, Networking, Cloud & Data Center Solutions

-AFS cannot provide, ITR submitted as an alternative
-LOA sent-for signature | 7-28-26
-As per their legal, MGen NDA cannot be signed as we have already signed their NDA
-9-3-26: Still for review 
-9-3-26: LOA and Supplier Code of Conduct for review. They reiterate that no additional NDA is required, as we have already signed thier company’s NDA. Executing another NDA would be redundant since the existing agreement already covers the confidentiality requirements between both parties.",Completed,Supplier-Local,Major,WES001,WESTCON GROUP PHILIPPINES,"UNIT 6 & 7, 9F WILCON IT HUB 2251 CHINO ROCES AVE., BANGKAL, CITY OF MAKATI NCR, FOURTH DISTRICT PHILIPPINES 1233",,287-434-759-00000,"Computer Consultancy & Computer Facilities Management Activities |
Retailer",Sabela Selini B. Mariano,AR Administrator - APAC,63 9609128274,"Bela.Mariano@westcon.com |
onboarding.apac@westcon.com",Not yet,No,No,No,Yes,Yes,Yes,No,2-Feb-2026,Current,-219,23-Nov-2027,Current,440,,N/A,,31-Dec-2026,Current,113,22-Aug-2026,Expired,-18,Yes,Yes,N/A,N/A,,,,,,,,Missing,,,,
1210,1,Low,645,"Distributor | Local | Active | Value-Added IT Distributor for Cybersecurity, Networking, Cloud & Data Center Solutions

-AFS cannot provide, ITR submitted as an alternative
-LOA sent-for signature | 7-28-26
-As per their legal, MGen NDA cannot be signed as we have already signed their NDA
-9-3-26: Still for review 
-9-3-26: LOA and Supplier Code of Conduct for review. They reiterate that no additional NDA is required, as we have already signed thier company’s NDA. Executing another NDA would be redundant since the existing agreement already covers the confidentiality requirements between both parties.",Completed,Supplier-Local-NT,Regular,WES001-NT,WESTCON GROUP PHILIPPINES,"UNIT 6 & 7, 9F WILCON IT HUB 2251 CHINO ROCES AVE., BANGKAL, CITY OF MAKATI NCR, FOURTH DISTRICT PHILIPPINES 1233",,287-434-759-00000,,Sabela Selini B. Mariano,AR Administrator - APAC,63 9609128274,"Bela.Mariano@westcon.com |
onboarding.apac@westcon.com",Not yet,No,No,No,Yes,Yes,Yes,No,,,,23-Nov-2027,Current,440,,N/A,,31-Dec-2026,Current,113,22-Aug-2026,Expired,-18,Yes,Yes,N/A,N/A,,,,,,,,Missing,,,,
1211,1,Low Activity,107,"Distributor | Local | Active | Value-Added IT Distributor for Cybersecurity, Networking, Cloud & Data Center Solutions

-AFS cannot provide, ITR submitted as an alternative
-LOA sent-for signature | 7-28-26
-As per their legal, MGen NDA cannot be signed as we have already signed their NDA
-9-3-26: Still for review 
-9-3-26: LOA and Supplier Code of Conduct for review. They reiterate that no additional NDA is required, as we have already signed thier company’s NDA. Executing another NDA would be redundant since the existing agreement already covers the confidentiality requirements between both parties.",Completed,Supplier-Local,Major,WES002,WESTCON SOLUTIONS PHILIPPINES INC.,"UNIT 5 14F WILCON IT HUB 2251 DON CHINO ROCES AVE., BANGKAL 1233 CITY OF MAKATI NCR, FOURTH DISTRICT",,008-735-725-00000,,Sabela Selini B. Mariano,AR Administrator - APAC,63 9609128274,"Bela.Mariano@westcon.com |
onboarding.apac@westcon.com",Not yet,No,No,No,Yes,Yes,Yes,No,2-Feb-2026,Current,-219,15-Apr-2025,Expired,-512,,N/A,,31-Dec-2026,Current,113,13-Mar-2027,Current,185,Yes,Yes,N/A,N/A,,,,,,,,Missing,,,,
1212,4,Low Activity,4,"Retailer / Dealer | Appliances, Electronics & Office Equipment",Pending,Supplier-Local,Regular,WES003,"WESTERN GRAND CENTRAL CO., INC.","SPACE 1030 A,B,C 1031 M1 TRINOMA NORTH AVE., COR EDSA PAG-ASA QUEZON CITY",****,223-359-036-00400,,,,,,,,,,,,,,,,,,N/A,,,N/A,,,Missing,,,N/A,,,,,,,,,,,,,Missing,,,,
1213,,,,,Inactive,,,WES004,WESTERN MARKETING CORPORATION,"34 MORATO ST., BRGY. MARIBLO, SFDM, QUEZON CITY",****,000-326-100-00005,,,,,,,,,,,,,,,,,,N/A,,,N/A,,,Missing,,,N/A,,,,,,,,,,,,,Missing,,,,
1214,,,,,Inactive,,,WES005-NT,WESTERN GUARANTY CORPORATION,11/F ETY BLDG QUINTIN PAREDES ST BRGY 289 BINONDO MANILA,****,000-660-078-00000,,,,,,,,,,,,,,,,,,N/A,,,N/A,,,Missing,,,N/A,,,,,,,,,,,,,Missing,,,,
1215,4,Low Activity,4,"Retailer / Dealer | Appliances, Electronics & Office Equipment",Pending,Supplier-Local-NT,Regular,WES006-NT,"WESTERN GRAND CENTRAL CO., INC.","SPACE 1030 A,B,C 1031 M1 TRINOMA NORTH AVE., COR EDSA PAG-ASA QUEZON CITY",****,223-359-036-00004,,,,,,,,,,,,,,,,,,N/A,,,N/A,,,Missing,,,N/A,,,,,,,,,,,,,Missing,,,,
1216,4,Low Activity,15,Supplier | Dealer | Automotive Parts & Services,Pending,Supplier-Local,Regular,WHE001-NT,WHEELHAUS AUTO CARE INC,"EVANGELISTA ST., COR. TINIO ST., BANGKAL, MAKATI CITY",****,009-249-723-00000,,,,,,,,,,,,,,,,,,N/A,,,N/A,,,Missing,,,N/A,,,,,,,,,,,,,Missing,,,,
1217,,,,,Inactive,,,WHE002-NT,WHEELHAUS MARKETING,"1816 B EVANGELISTA ST COR TINIO ST., BANGKAL MAKATI",****,009-249-723-00000,,,,,,,,,,,,,,,,,,N/A,,,N/A,,,Missing,,,N/A,,,,,,,,,,,,,Missing,,,,
1218,,,,,Inactive,,,WHE003-NT,"WHEELS, INC.","3F CITIMOTORS BLDG. CHINO ROCES AVE., PIO DEL PILAR",****,000-390-549-00004,,,,,,,,,,,,,,,,,,N/A,,,N/A,,,Missing,,,N/A,,,,,,,,,,,,,Missing,,,,
1219,,,,,Inactive,,,WHI001-NT,WHITESPACE INC.,2314 CHINO ROCES AVE EXT MAKATI CITY 1231,****,007-089-312-00000,,RALPH GAMBOA,,,,,,,,,,,,,,,,N/A,,,N/A,,,Missing,,,N/A,,,,,,,,,,,,,Missing,,,,
1220,4,Low Activity,1,Home Improvement & Construction Materials Retailer,Pending,Supplier-Local,Regular,WIL001,WILCON DEPOT INC.,"PASONG TAMO EXT., BRGY BANGKAL MAKATI CITY",****,009-192-878-00031,,,,,,,,,,,,,,,,,,N/A,,,N/A,,,Missing,,,N/A,,,,,,,,,,,,,Missing,,,,
1221,,,,Double Entry-BP Name - diff. address- confirm,Pending,,Regular,WIL002,WILCON DEPOT INC,2212 CHINO ROCES AVE BRGY SAN LORENZO CITY OF MAKATI,****,009-192-878-00005,,PETER PAUL ROLLO,,,,,,,,,,,,,,,,N/A,,,N/A,,,Missing,,,N/A,,,,,,,,,,,,,Missing,,,,
1222,,,,,Inactive,,,WIL002-NT,WILLIAM TUBERA JR.,MANDALUYONG CITY,****,280-294-227-00000,,,,,,,,,,,,,,,,,,N/A,,,N/A,,,Missing,,,N/A,,,,,,,,,,,,,Missing,,,,
1223,,,,,Inactive,,,WIN001-NT,WINDFALL EVENT MANAGEMENT,14 URANIUM STRET PAMPLONA TRES LAS PINAS CITY 1740,****,181-028-793-00000,,,,,,,,,,,,,,,,,,N/A,,,N/A,,,Missing,,,N/A,,,,,,,,,,,,,Missing,,,,
1224,4,Low Activity,1,Reseller | Local | Active | Network Infrastructure & Telecommunications Solutions Provider,Pending,Supplier-Local,Regular,WIR001,"WIRELESS LINK TECHNOLOGIES, INC",544 FLORENTINO TORRES ST. BRGY 303ZONE 029 ST. CRUZ MANILA 1003,****,007-312-019-000,,JAYMART CORTES,,09171052747,,,,,,,,,,,,,,N/A,,,N/A,,,Missing,,,N/A,,,,,,,,,,,,,Missing,,,,
1225,,,,,Inactive,,,WIS001,WISE 82 TECH BUILDERS INC,NIS MOTORS CORP KM 8 NATIONAL HIGHWAY BRGY PAMPANGA DAVAO CITY,****,441-663-991-00000,,,,,,,,,,,,,,,,,,N/A,,,N/A,,,Missing,,,N/A,,,,,,,,,,,,,Missing,,,,
1226,,,,,Inactive,,,WIZ001-NT,WIZER INDUSTRIES INCORPORATED,"RM210 NORAYTO BLDG., 312 SAN VICENTE ST., BINONDO MANILA",****,200-206-122-00000,,,,,,8-Jul-2026,,,,,,,,,,,,N/A,,,N/A,,,Missing,,,N/A,,,,,,,,,,,,,Missing,,,,
1227,1,Active,2383,"Distributor | Local | Active | Value-Added IT Distributor & Enterprise Technology Solutions Provider

No Data | WSI Reseller Form Sent 
8-3-26: ff done - Gelyn
8-24-26: Ff done, email
9-1-26: Review docs submitted, 
9-1-26: SIF (inc details) | AFS with SEC | SEC with AOI | GIS",Incomplete,Supplier-Local,Major,WOR001,"WORDTEXT SYSTEMS, INCORPORATED","WSI CORPORATE CENTER 1005 METROPOLITAN AVENUE STA. CRUZ 1205 CITY OF MAKATI NCR, FOURTH DISTRICT PHILIPPINES",,000-152-693-00000,"Wholesale of Computer, Computer Peripheral Equipment and Software",Maria Christina dela Luna,Assistant Manager | Solutions,(02) 8858 5555,christina.delaluna@wsiphil.com.ph,Not yet,No,No,No,Yes,Yes,Yes,No,31-Dec-2025,Current,-252,21-May-2026,Expired,-111,,N/A,,31-Dec-2026,Current,113,,N/A,,Yes,Yes,N/A,N/A,,,,,,,,Missing,,,,
1227,1,Active,2383,"Distributor | Local | Active | Value-Added IT Distributor & Enterprise Technology Solutions Provider

No Data | WSI Reseller Form Sent 
8-3-26: ff done - Gelyn
8-24-26: Ff done, email
9-1-26: Review docs submitted, 
9-1-26: SIF (inc details) | AFS with SEC | SEC with AOI | GIS",Incomplete,Supplier-Local,Major,WOR001,"WORDTEXT SYSTEMS, INCORPORATED","WSI CORPORATE CENTER 1005 METROPOLITAN AVENUE STA. CRUZ 1205 CITY OF MAKATI NCR, FOURTH DISTRICT PHILIPPINES",,000-152-693-00000,"Wholesale of Computer, Computer Peripheral Equipment and Software",Maria Christina dela Luna,Assistant Manager | Solutions,(02) 8858 5555,christina.delaluna@wsiphil.com.ph,Not yet,No,No,No,Yes,Yes,Yes,No,31-Dec-2025,Current,-252,21-May-2026,Expired,-111,,N/A,,31-Dec-2026,Current,113,,N/A,,Yes,Yes,N/A,N/A,,,,,,,,Missing,,,,
1229,,,,,Inactive,,,WOR002-NT,"WORLD VISION DEVELOPMENT FOUNDATION, INC.","389 QUEZON AVE. COR. WEST 6TH ST. WEST TRIANGLE,",****,004-732-315-00000,,,,,,,,,,,,,,,,,,N/A,,,N/A,,,Missing,,,N/A,,,,,,,,,,,,,Missing,,,,
1230,4,Low Activity,1,Supplier | Local | Active | Construction Materials & Building Solutions Provider,Pending,,Regular,WOR003-NT,WORLD HOME DEPOT CORPORATION,#20 FORTUNE AVE. COR. SANTAN ST. BRGY FORTUNE MARIKINA CITY,****,208-281-405-00000,,,,,,,,,,,,,,,,,,N/A,,,N/A,,,Missing,,,N/A,,,,,,,,,,,,,Missing,,,,
1231,,,,,Inactive,,,WRA001-NT,WRAP SHOP INC,UNIT 1623 HERRERA TOWER 98 HERRERA ST. SALCEDO VILLAGE,****,220-604-224-00000,,,,,,,,,,,,,,,,,,N/A,,,N/A,,,Missing,,,N/A,,,,,,,,,,,,,Missing,,,,
1232,,,,,Inactive,,,WSI001,WSI TECHNICAL CENTER,"1005 METROPOLITAN AVENUE COR KAKARONG ST., STA CRUZ, MAKATI CITY",****,000-152-693-00014,,,,,,,,,,,,,,,,,,N/A,,,N/A,,,Missing,,,N/A,,,,,,,,,,,,,Missing,,,,
1233,3,Low Activity,25,"8-11-26: Waiting for the other docs
8-26-26: ff sent, viber 
Lacking docs: SIF/AFS/Import Permit/Proof of Present Address",Incomplete,Supplier-Local,Major,WYN001,WYNTECH CORP.,"W -1506A WEST TOWER PSEC EXCHANGE ROAD ORTIGAS CENTER, SAN ANTONIO, PASIG CITY 1605",,010-530-558-000,,Mary Jane Medina,,639556337327,maryjanemedina.twireless@gmail.com,Not yet,No,No,No,,Yes,Yes,Yes,,,,15-Jun-2027,Current,279,,N/A,,31-Dec-2026,Current,113,,N/A,,Yes,,N/A,N/A,,,,,,,,Missing,,,,
1234,,,,,Inactive,,,XCO001,"XCOMP COMPUTER SALES & SERVICES, iNC.","R. DUTERTE ST. COR. V. RAMA AVE.        GUADALUPE, CEBU CITY",****,216-510-466-00000,,,,,,,,,,,,,,,,,,N/A,,,N/A,,,Missing,,,N/A,,,,,,,,,,,,,Missing,,,,
1235,,,,,Inactive,,,XIR001,XITRIX COMPUTER CORPORATION,"23 DETROIT ST COR DON A EGEA, PINAGKAISAHAN CUBAO, 1111  QUEZN CITY, NCR 2ND DISTRICTPHILIPPINES",****,220-418-197-00000,,,,,,,,,,,,,,,,,,N/A,,,N/A,,,Missing,,,N/A,,,,,,,,,,,,,Missing,,,,
1236,4,Low Activity,1,Supplier / Subcontractor | Distributor & Systems Integrator | Fire Protection & Security Systems,Pending,Subcontructor,Regular,XYF001,XYFER INC.,99-B CALAMBA STREET BRGY. LOURDES 1 QUEZON CITY 1114,****,010-133-818-000,,Ronald Dela Cruz,,09771180295,,,,,,,,,,,,,,N/A,,,N/A,,,Missing,,,N/A,,,,,,,,,,,,,Missing,,,,
1237,,,,,Inactive,,,XYM001,XYMBOLIC IT SOLUTIONS PROVIDER CORPORATION,16 MT APO EAST 1ST STREET NEW ASINAN OLONGAPO CITY 2200,****,739-829-004-000,,VILMA SANTOS,,,,,,,,,,,,,,,,N/A,,,N/A,,,Missing,,,N/A,,,,,,,,,,,,,Missing,,,,
1238,4,Low Activity,1,Unverified,Pending,,Regular,YAP001,"YAP, MARK  WILLIAM IGNACIO","725 INT 25 LAONG NASA ST. BRGY 155 TONDO 1013 TONDO I / II NCR, CITY OF MANILA",****,468-096-736-00000,,MARK WILLIAM,,,,,,,,,,,,,,,,N/A,,,N/A,,,Missing,,,N/A,,,,,,,,,,,,,Missing,,,,
1239,,,,,Inactive,,,YEK001,"YEK YEU MERCHANDISING, INC.","3/F 500 SAN FERNANDO ST., BRGY. 282 ZONE 26 DIST. III SAN NICOLAS MANILA 1010",****,000-321-025-00007,,ELYNOR HONEY CALOPEZ,,,,,,,,,,,,,,,,N/A,,,N/A,,,Missing,,,N/A,,,,,,,,,,,,,Missing,,,,
1240,,,,8-17-26: No data,Pending,Courier-NT,Regular,YEL001-NT,YELLO X SUPPLY CHAIN SOLUTIONS INC,2/F CITADL BLDG 637 BONIFACION DRIVE ZONE 68 BRGY 653 1018 PORT AREA NCR MANILA CITY,,431-697-862-00002,,SALES SPECIALIST,,,,,,,,,,,,,,,,N/A,,,N/A,,,Missing,,,N/A,,,,,,,,,,,,,Missing,,,,
1241,4,Low Activity,42,"Tier 4 | 42 GRPO | ICT, Network Infrastructure & Structured Cabling Solutions Provider.",Pending,Supplier-Local,Regular,YFC001,"YFC-BONEAGLE INTERNATIONAL, INC.",RM501 5/F NEW GOLD BOND MARKETING CORP 1579 F. BENITEZ ST. ERMITA MANILA,****,009-768-625-00000,,CONTACT,,,,,,,,,,,,,,,,N/A,,,N/A,,,Missing,,,N/A,,,,,,,,,,,,,Missing,,,,
1242,,,,,Inactive,,,YUS001,YUSIN NINE MARKETING INC,117 KALIKID SUR CABANATUAN CITY NUEVA ECIJA,****,008-456-259-00000,,,,,,,,,,,,,,,,,,N/A,,,N/A,,,Missing,,,N/A,,,,,,,,,,,,,Missing,,,,
1243,4,Low Activity,2,Tier 4 | 2 GRPO | Manufacturer (OEM),Pending,Supplier-Foreign,Regular,YUS002,"YUSHU TECHNOLOGY CO., LTD","NO 88 DONGLIU ROAD BINJIANG DISTICT HANGZHOU ZHEJIANG, CHINA",****,000-000-000-00000,,ZOEY  ZHAO,,,,,,,,,,,,,,,,N/A,,,N/A,,,Missing,,,N/A,,,,,,,,,,,,,Missing,,,,
1244,4,Low Activity,2,Tier 4 | 2 GRPO | Manufacturer (OEM),Pending,Supplier-Foreign-NT,Regular,YUS002-NT,"YUSHU TECHNOLOGY CO., LTD","NO 88 DONGLIU ROAD BINJIANG DISTICT HANGZHOU ZHEJIANG, CHINA",****,000-000-000-00000,,ZOEY  ZHAO,,,,,,,,,,,,,,,,N/A,,,N/A,,,Missing,,,N/A,,,,,,,,,,,,,Missing,,,,
1245,,,,,Inactive,,,ZAM001,ZAMONY VENTURE CORPORATION,"2263 AURORA BLVD., BRGY. 148 PASAY CITY 1300",****,006-342-282-00000,,RAYMOND LEE,,,,,,,,,,,,,,,,N/A,,,N/A,,,Missing,,,N/A,,,,,,,,,,,,,Missing,,,,
1246,,,,,Inactive,,,ZEN001,ZENITH UNITED ELECTRIC CORPORATION,SUITE 201 2/F LE MAR BEN II BLDG,****,008-084-875-00000,,,,,,,,,,,,,,,,,,N/A,,,N/A,,,Missing,,,N/A,,,,,,,,,,,,,Missing,,,,
1247,,,,,Inactive,,,ZEN002,ZENSHIN SYSTEMS CORPORATION,25 G ROXAS,****,000-844-802-00000,,,,,,,,,,,,,,,,,,N/A,,,N/A,,,Missing,,,N/A,,,,,,,,,,,,,Missing,,,,
1248,4,Low Activity,3,Service Provider | Certificate Authority | SSL/TLS & Website Security,Pending,Supplier-Foreign,Regular,ZER001,ZEROSSL GMBH,Salzgries 19/3+4,****,00000000000000000,,ZEROSSL,,,,,,,,,,,,,,,,N/A,,,N/A,,,Missing,,,N/A,,,,,,,,,,,,,Missing,,,,
1249,3,Low Activity,1,Tier 3 | 1 GRPO | IT Solutions Provider | Reseller,Pending,Supplier-Local,Regular,ZET001-01,ZETATECH INNOVATIONS INC.,12TH FLR UNIT 1206 THE TRADE AND FIANCIAL TOWER 7TH AVE AND 32ND ST. BONIFACIO GLOBAL CITY TAGUIG,****,617-079-540-00000,,JIMMY V. TANARA,,,,,,,,,,,,,,,,N/A,,,N/A,,,Missing,,,N/A,,,,,,,,,,,,,Missing,,,,
1250,,,,,Inactive,,,ZHW001,ZHW CCTV PARTS & ACCESSORIES,LOT 73 BLK 44 C BENITEZ ST.,****,725-800-673-000,,MYLA ROBLES,,639174959993,,,,,,,,,,,,,,N/A,,,N/A,,,Missing,,,N/A,,,,,,,,,,,,,Missing,,,,
1251,,,,,Inactive,,,ZIA001,"ZI-ARGUS (PILIPINAS), INC.","G/F METRO DRUG INC. COMPOUND            MAÑALAC AVENUE, BAGUMBAYAN TAGUIG CITY METRO MANILA.",****,000-119-887-00000,,,,,,,,,,,,,,,,,,N/A,,,N/A,,,Missing,,,N/A,,,,,,,,,,,,,Missing,,,,
1252,2,Low Activity,1,Tier 3 | 162 GRPO,Accredited,Subcontructor,Regular,ZIM002,ZIMOSYSTEM SOLUTIONS INCORPORATED,ZOSIMO OPONE COMPOUND HON TUDTUD ROAD GOV M CUENCO AVE. BANILAD 6000 CEBU CITY (CAPITAL) CEBU PHILIPPINES,,603-316-459-00000,,Kenneth Jean Gulane,,63 917 134 7942 | 63 32 407-6503,kenneth@zimosystem.com,10-Nov-2025,Yes,Yes,Yes,Yes,Yes,Yes,Yes,31-Dec-2025,Current,-252,20-Jan-2027,Current,133,,N/A,,4-Mar-2027,Current,176,,N/A,,Yes,Yes,N/A,N/A,,,,,,,,Missing,,,,
1253,,,,,Inactive,,,ZIO001,ZION ELECTRICAL SUPPLY,"800 T. ALONZO ST., BRGY ZONE 031, STA. CRUZ,",****,134-806-886-00000,,,,,,,,,,,,,,,,,,N/A,,,N/A,,,Missing,,,N/A,,,,,,,,,,,,,Missing,,,,
1254,,,,For Hangzhou Docs,Pending,Supplier-Local,,,HIKVISION SINGAPORE PTE. LTD.,37TH /F JOY NOSTALG CENTER ADB AVENUE ORTIGAS CENTER SAN ANTONIO PASIG CITY 1605,****,009-904-113-00000,Manufacturer,Royce Wong,Account Manager | Project Team/Philippines Group/Asia Business," +63 9620686088 
 +86 17714197799",huangyijun@hikvision.com,Not yet,No,No,No,,Yes,Yes,Yes,31-Dec-2023,For Update,-983,20-Feb-2025,Expired,-566,,N/A,,31-Dec-2024,Expired,-617,,N/A,,Yes,,,,,,,,,,,Missing,,,,
1255,,,,,,,,,,,,,,,,,,,,,,,,,,,,,,N/A,,,N/A,,,Missing,,,N/A,,,,,,,,,,,,,Missing,,,,
